Trial.ID,resp.pCR,resp.Chemosensitive,resp.Chemoresistant,RCB.score,RCB.category,Age.at.diagnosis,Histology,ER.status,HER2.status,LN.at.diagnosis,Grade.pre.chemotherapy,Size.at.diagnosis,ER.Allred,median_lymph_KDE_knn_50,All.TMB,Coding.TMB,Expressed.NAg,CodingMuts.PIK3CA,CodingMuts.TP53,CIN.Prop,HLA.LOH,HRD.LOH,HRD.TelomericAI,HRD.LST,HRD.sum,STAT1.gsva,GGI.gsva,GEP.gsva,ESC.gsva,STAT1.ssgsea.norm,GGI.ssgsea.norm,GEP.ssgsea.norm,ESC.ssgsea.norm,STAT1.ssgsea.notnorm,GGI.ssgsea.notnorm,ESC.ssgsea.notnorm,PGR.log2.tpm,ESR1.log2.tpm,ERBB2.log2.tpm,CytScore.log2,Swanton.MitosisScore,Swanton.CeramideScore,Swanton.PaclitaxelScore,TIDE.Dysfunction,TIDE.Exclusion,TIDE.MDSC,TIDE.CAF,TIDE.TAM.M2,TIDE.IFNG,TIDE.CD274,TIDE.CD8,Danaher.B.cells,Danaher.CD45,Danaher.CD8.T.cells,Danaher.Cytotoxic.cells,Danaher.DC,Danaher.Exhausted.CD8,Danaher.Macrophages,Danaher.Mast.cells,Danaher.Neutrophils,Danaher.NK.CD56dim.cells,Danaher.NK.cells,Danaher.T.cells,Danaher.Th1.cells,Danaher.Treg,Chemo.NumCycles,Chemo.first.Taxane,Chemo.first.Anthracycline,Chemo.second.Taxane,Chemo.second.Anthracycline,Chemo.any.Anthracycline,Chemo.any.antiHER2,TP1,TP2,TP3,TP4,TP1,TP2,TP3,TP4,REC_TP,CURRENT_TP,FOLLOW_REC,PROP_TP1,PROP_TP2,PROP_TP3,PROP_TP4
T001,0,1,0,0.98,1,51,1,1,1,-1,3,21,8,-3.800722635,170,92,88,0,1,0.265233393,0,4,13,3,20,-0.181,0.319,-0.519,0.156,1.41,1.586,1.439,1.697,20144.253,22654.541,24244.436,-1.806,4.736,10.597,2.066,3.327455825,2.955249741,0.372206084,0.27,-0.7,0.04,-0.14,0.0,-2.07,-1.29,-1.75,-2.05,2.29,1.42,0.66,-0.603,0.608,-0.715,2.74,-0.151,-7.599,-1.381,0.667,-0.101,1.561,6,0,1,1,0,1,1,1,0,0,0,0.710331268427806,0.07521598057274242,0.16320839931962483,0.7794722750010709,TP2,TP1,False,0.9799438120843651,0.00042959669394800575,0.017069928996625367,0.002556662225061404
T002,1,1,0,0.0,0,42,1,1,-1,1,2,98,7,-3.452945299,146,74,28,0,0,0.421996677,0,16,22,25,63,0.613,0.355,0.633,0.387,1.611,1.595,1.72,1.725,23011.118,22789.455,24644.274,0.387,2.012,5.311,5.352,3.477028924,3.305733832,0.171295092,0.33,-0.36,0.01,-0.07,0.0,0.1,-0.62,0.85,2.704,5.017,4.422,4.013,2.561,2.439,2.536,3.038,-1.198,-3.372,1.858,3.736,2.124,2.655,6,1,0,0,1,1,0,0,1,0,0,1.7467983153093658,1.2641794119121832,0.706516416947554,1.861929900070961,TP3,TP2,False,0.002092895196422409,0.9781217716017339,0.0002418330646813203,0.019543500137162412
T003,1,1,0,0.0,0,36,1,1,1,-1,2,26,8,-3.221691969,97,43,24,0,0,0.333720697,0,8,14,2,24,0.616,0.309,0.771,0.162,1.628,1.552,1.79,1.68,23258.366,22170.866,23999.995,-1.028,7.349,8.466,6.467,3.861502681,4.030199398,-0.168696716,0.91,-2.25,-0.07,-0.22,-0.05,1.11,0.59,1.77,2.123,5.492,5.366,5.183,1.367,3.906,2.776,1.236,0.133,-2.714,2.677,4.089,3.553,3.767,6,0,1,1,0,1,1,1,0,0,0,1.0134549925877796,0.6508087792154753,0.940093802204234,2.073643835641689,TP2,TP1,False,0.9934703035081768,0.0061357835929992085,0.00038585390387379403,8.058994950310411e-06
T006,0,0,1,3.584,3,46,1,1,-1,1,3,22,7,-3.913678077,24,18,13,1,0,0.068856883,0,2,2,0,4,-0.675,-0.394,-0.734,-0.444,1.246,1.476,1.32,1.645,17795.832,21084.872,23497.442,-0.883,3.083,5.391,1.941,2.844999652,3.39757442,-0.552574768,0.5,0.75,0.02,0.06,0.06,-3.08,-1.97,-2.21,-2.046,2.569,0.743,0.849,0.788,0.232,1.116,4.301,-3.371,-4.758,-1.549,0.777,-1.126,1.986,6,1,0,0,1,1,0,0,1,0,0,2.3346426903563278,1.7007892027156748,2.0045648699508902,2.4276360902252176,TP2,TP2,True,0.0003317145661645388,0.9958140822366728,0.00011572483070340996,0.0037384783664592943
T009,0,1,0,0.676,1,53,1,1,1,1,2,48,8,-3.374293099,308,167,145,1,1,0.355656024,1,8,15,1,24,-0.394,-0.279,-0.218,-0.103,1.411,1.499,1.526,1.673,20159.029,21417.984,23904.927,1.357,4.191,10.405,3.824,2.924566671,3.652361776,-0.727795105,1.11,0.83,0.02,0.08,0.06,-1.47,-1.2,-0.36,1.35,4.137,3.113,2.799,1.671,1.611,1.572,4.886,-2.191,-4.258,0.792,2.991,1.279,4.117,6,0,1,1,0,1,1,1,0,0,0,2.2068850171411682,1.9290476753743049,1.1424295347994633,2.010506695999366,TP3,TP1,False,0.9899189888357574,0.003954026927070102,0.004523865250395502,0.0016031189867770474
T012,1,1,0,0.0,0,33,1,1,-1,1,3,132,3,-3.947175247,181,93,42,0,1,0.473926785,1,15,21,25,61,-0.413,0.648,-0.39,0.542,1.418,1.728,1.514,1.779,20262.91,24693.636,25417.178,-1.437,1.231,6.175,3.441,4.913713097,3.529904297,1.3838088,-1.27,0.14,0.08,-0.13,0.07,-1.19,-1.03,-0.28,-0.391,3.996,3.202,2.336,2.355,1.281,1.976,0.912,-1.01,-5.077,0.476,1.876,0.403,1.922,6,1,0,0,1,1,0,0,1,0,0,1.6820783505337185,0.7013775585539557,0.6061059341978083,2.0201819880826806,TP3,TP2,False,0.004697224457185848,0.9553466187001469,0.00010047185784304909,0.039855684984824155
T022,1,1,0,0.0,0,42,1,-1,1,1,2,39,2,-3.736636006,68,37,13,0,1,0.650973466,0,3,13,0,16,0.416,0.305,0.638,0.153,1.536,1.575,1.693,1.693,21942.959,22504.536,24192.423,-2.174,0.41,8.792,4.447,3.489825043,3.126474417,0.363350626,1.17,-0.01,0.01,0.04,-0.03,0.37,0.2,0.19,0.417,4.426,3.721,3.473,2.466,2.219,2.403,3.403,0.974,-0.775,1.943,2.715,2.297,3.863,6,0,1,1,0,1,1,1,0,0,0,1.4417916121009735,0.48198477080952573,0.6250874210636956,1.7709465426170663,TP2,TP1,False,0.9837341678643385,0.014782527056189154,0.0009736634302588107,0.0005096416492134905
T038,1,1,0,0.0,0,41,1,-1,-1,-1,2,25,0,-3.053661483,155,85,20,0,1,0.710992106,0,10,23,3,36,0.637,-0.2,0.682,0.131,1.666,1.506,1.781,1.689,23802.589,21518.351,24137.306,-0.718,0.1,5.478,5.604,3.279725402,3.824841563,-0.545116161,1.24,-0.85,-0.08,-0.01,-0.03,0.86,0.11,2.65,2.536,6.641,6.271,4.62,3.937,3.613,3.299,3.615,0.183,0.751,4.174,5.115,3.37,4.609,6,1,0,0,1,1,0,0,1,0,0,0.7834772542578894,0.8825583070147289,0.19264090552782887,1.2308786755101389,TP3,TP2,False,0.004717211806420596,0.9794260099434422,0.0011154340297463436,0.014741344220390895
T040,1,1,0,0.0,0,34,1,-1,-1,-1,3,25,0,-3.839045321,97,61,16,0,1,0.413027761,0,9,26,2,37,-0.55,0.604,-0.326,0.431,1.315,1.708,1.462,1.75,18789.922,24404.749,25006.732,-2.009,-1.328,6.593,3.025,5.539774404,3.029058695,2.510715709,-1.51,0.4,0.13,-0.1,0.03,-0.75,-1.04,0.31,-1.713,2.965,3.843,1.918,1.21,1.011,0.737,-0.048,-3.439,-5.727,0.235,1.087,0.357,2.35,6,1,0,0,1,1,0,0,1,0,0,1.1896107821827266,0.35688944023754854,0.7313329570679952,2.077442325856855,TP2,TP2,True,0.026616443631520735,0.9604667704637713,0.00012476511923646403,0.01279202078547156
T041,0,0,0,2.068,2,44,1,1,-1,-1,3,31,8,-3.654908878,71,35,17,1,1,0.319682637,0,8,15,8,31,-0.279,0.7,-0.532,0.474,1.386,1.72,1.426,1.739,19800.631,24568.572,24843.283,-0.388,7.92,8.199,2.485,5.404718283,5.150006093,0.25471219,-1.05,0.03,0.09,-0.1,0.02,-1.53,-0.71,-0.98,-3.22,3.263,2.399,1.568,0.106,1.172,-0.032,2.224,-2.435,-7.235,-0.332,1.089,0.157,2.26,6,1,0,0,1,1,0,0,1,0,0,1.8119994445241052,1.4546837123332488,1.4849056067629334,2.0168287783920964,TP2,TP2,True,0.1270533904627373,0.868152491327432,0.003769624597011065,0.0010244936128196397
T043,0,0,1,3.65,3,54,1,1,-1,1,2,32,8,-3.624020237,38,24,12,1,0,0.140210397,0,2,8,0,10,-0.499,-0.141,-0.31,0.189,1.386,1.514,1.5,1.689,19802.746,21629.795,24127.596,5.692,6.319,5.908,2.506,3.406007022,4.066353882,-0.66034686,-0.15,1.34,0.0,0.18,0.06,-1.35,-0.68,-1.3,-1.759,4.039,1.977,1.438,1.571,0.714,3.097,5.83,-0.614,-4.752,-1.068,1.604,0.323,2.588,5,1,0,0,1,1,0,0,1,0,0,3.367721354401535,3.0997696615016355,2.715750405513222,2.988750998784982,TP3,TP2,False,0.0019107288927757435,0.9969396598535579,0.0001704144150039625,0.0009791968386623688
T046,0,0,0,2.873,2,65,1,1,-1,1,3,20,8,-3.288427181,85,50,27,0,1,0.510301452,1,18,17,10,45,0.713,0.578,0.83,0.39,1.676,1.618,1.808,1.71,23950.019,23121.337,24424.204,0.194,6.886,6.076,6.241,3.870402894,4.545305663,-0.674902769,1.3,-0.73,-0.02,-0.02,-0.06,1.4,1.03,1.32,2.866,5.528,4.913,5.27,2.616,3.869,3.104,4.034,0.039,-0.547,3.146,4.155,3.488,4.16,6,1,0,0,1,1,0,0,1,0,0,2.376807611993138,2.019202635040085,1.2087451495964103,1.793296247991663,TP3,TP2,False,0.012282462330124259,0.984175103707866,0.0006334095596013609,0.0029090244024083303
T048,0,1,0,1.354,1,66,1,1,1,-1,2,29,8,-3.444217383,141,62,41,0,1,0.374833609,0,14,13,7,34,0.71,-0.447,0.758,0.063,1.679,1.462,1.79,1.678,23989.043,20881.827,23980.372,0.571,6.332,8.444,5.429,2.703973727,5.255781888,-2.551808161,0.55,-2.27,-0.12,-0.19,-0.04,0.83,0.86,1.36,2.416,5.766,4.95,4.091,2.07,3.163,3.244,5.687,-0.5,-1.241,2.806,4.261,2.332,4.077,6,0,1,1,0,1,1,1,0,0,0,1.4712615038160881,2.3355876845573573,1.391133105949971,1.4262420624894125,TP3,TP1,False,0.4960070833051422,0.0024671070915503546,0.5010210830438524,0.0005047265594550804
T050,0,0,1,3.615,3,60,1,1,1,1,2,58,8,-3.401491519,50,32,19,0,0,0.244688689,0,7,8,0,15,0.443,-0.259,0.553,-0.351,1.525,1.502,1.64,1.664,21793.42,21452.908,23768.794,3.7,6.553,6.228,4.508,2.722298424,4.770528156,-2.048229732,1.28,-0.83,-0.11,0.01,0.0,-1.12,-0.6,0.05,1.523,4.876,3.571,3.017,2.068,2.006,3.765,4.988,-0.741,-3.587,0.875,2.824,1.7,3.137,6,0,1,1,0,1,1,1,0,0,0,3.045470038699518,3.2448032519488685,3.06710476640492,3.2242038228029286,TP1,TP1,True,0.8357871831448193,0.14349272897357673,0.016728279947346558,0.003991807934257555
T059,1,1,0,0.0,0,52,1,1,1,-1,3,18,6,-3.613957087,103,56,33,0,0,0.332325537,0,3,11,2,16,-0.63,-0.483,-0.644,-0.446,1.275,1.453,1.372,1.639,18219.48,20756.856,23413.43,-0.834,2.569,11.422,2.546,2.85580329,3.103241789,-0.247438499,0.97,-0.1,-0.01,-0.03,0.05,-2.99,-1.61,-1.41,1.123,3.836,1.882,1.916,1.736,1.136,1.417,2.625,1.639,-6.13,-0.786,2.156,0.885,3.165,6,0,1,1,0,1,1,1,0,0,0,0.7898991104782713,0.21174018753487073,0.2445591300144483,1.2088034807079415,TP2,TP1,False,0.9484278114766185,0.014354985494840895,0.016871286447945718,0.02034591658059493
T064,0,1,0,1.349,1,61,1,1,1,-1,3,39,3,-3.405392335,513,254,120,0,1,0.310561648,0,5,24,7,36,-0.29,0.652,0.326,0.478,1.422,1.707,1.592,1.748,20312.355,24387.605,24977.901,-0.07,2.014,11.166,3.498,4.690323761,3.725899086,0.964424675,-0.27,-0.71,0.03,-0.16,0.03,-0.41,-0.61,-0.81,0.163,3.524,2.587,2.346,1.376,1.336,1.845,2.011,-1.622,-2.825,0.535,2.111,1.221,4.449,6,0,1,1,0,1,1,1,0,0,0,0.5573754693188009,0.8649912337512581,-0.03309973786685988,0.5909269852633459,TP3,TP1,False,0.635630890126098,0.0032818896409901985,0.3535575831937643,0.007529637039147688
T071,1,1,0,0.0,0,35,1,-1,-1,1,3,28,0,-3.52943957,129,70,34,0,1,0.45749158,0,21,30,21,72,0.407,0.605,0.141,0.536,1.523,1.649,1.558,1.749,21762.408,23553.827,24993.769,-2.602,-0.432,6.962,3.576,4.620541623,3.119201381,1.501340242,-0.92,0.27,0.08,0.02,-0.06,-0.41,-0.67,-0.69,-1.287,4.046,2.747,2.438,1.422,1.392,2.807,0.028,0.324,-5.842,-0.143,1.588,0.423,2.293,6,1,0,0,1,1,0,0,1,0,0,1.0276840684782629,-0.004624741035163693,-0.5689694128985519,0.5871918411197364,TP3,TP2,False,0.020412204377235055,0.9200492605648911,0.0004796854667211585,0.05905884959115263
T073,1,1,0,0.0,0,38,1,1,1,-1,3,87,8,-3.160828512,35,15,17,0,1,0.197736366,1,5,5,2,12,0.08,0.097,0.137,-0.191,1.529,1.562,1.636,1.684,21837.984,22314.221,24056.758,-2.566,0.214,9.923,4.198,3.120139365,3.416360522,-0.296221157,1.3,-1.63,-0.04,-0.22,0.03,-0.99,-0.81,0.57,3.412,5.362,4.129,2.986,1.958,2.426,1.691,2.91,-0.205,-3.087,1.406,4.077,1.876,3.772,6,0,1,1,0,1,1,1,0,0,0,2.392994633408589,1.1952064058526402,2.1310434506743854,3.402593110458572,TP2,TP1,False,0.9869324278018011,0.008666652314258944,0.003888604288734277,0.0005123155952057038
T090,0,0,0,1.414,2,49,1,-1,-1,-1,3,43,0,-4.829996871,80,41,3,0,1,0.236629482,1,9,9,0,18,0.466,-0.654,0.658,-0.258,1.577,1.351,1.725,1.66,22536.997,19295.618,23713.623,2.798,1.379,5.043,5.062,2.309830456,4.652409076,-2.34257862,0.56,0.47,-0.06,0.13,0.02,0.62,0.31,0.95,0.643,4.787,4.526,3.89,5.132,2.529,2.136,3.848,0.161,-2.417,1.699,3.854,1.964,2.782,6,1,0,0,1,1,0,0,1,0,0,1.904397578346075,1.0882476707116098,1.3375094331702484,1.7549331085121929,TP2,TP2,True,0.0005972408493358674,0.7165237675432504,0.012756027426308193,0.2701229641811055
T093,0,0,0,2.636,2,48,1,1,-1,-1,3,39,8,-4.146490242,48,25,5,0,0,0.348268994,0,10,22,8,40,-0.389,0.495,-0.546,0.404,1.37,1.609,1.407,1.722,19567.514,22981.973,24597.134,0.075,5.708,5.401,2.036,3.403990769,5.256585052,-1.852594284,-0.79,0.84,0.09,0.01,0.05,-1.93,-1.56,-2.28,-2.085,1.81,0.654,0.488,0.872,0.426,1.92,2.897,-0.322,-5.908,-1.073,0.793,-1.206,2.365,6,1,0,0,1,1,0,0,1,0,0,2.107443288537056,2.050555134693917,1.5364822912313367,1.9738065557850315,TP3,TP2,False,0.00752319188771489,0.9628008099016325,0.0015008195703973405,0.028175178640255257
T103,1,1,0,0.0,0,55,0,-1,-1,-1,3,26,0,-3.482115159,48,25,9,0,1,0.432523183,0,21,19,13,53,0.716,0.419,0.725,-0.001,1.74,1.626,1.826,1.742,24853.605,23228.621,24890.353,-1.079,0.289,3.808,5.587,4.064745893,4.283083841,-0.218337947,-0.14,-2.26,-0.13,-0.12,-0.09,1.17,1.39,0.83,2.811,6.256,4.395,4.286,3.054,3.172,3.565,1.192,0.241,-3.043,2.077,4.152,2.409,3.042,6,1,0,0,1,1,0,0,1,0,0,0.9410804043741036,0.8349586967446747,0.1986164075817583,0.4901100449572649,TP3,TP2,False,0.0031051267625628242,0.7039857947604673,0.018515981310422213,0.2743930971665477
T117,0,1,0,0.911,1,59,1,1,1,-1,3,43,8,-3.656545492,81,36,7,0,0,0.366840624,0,5,22,0,27,0.323,0.081,0.438,0.187,1.515,1.564,1.623,1.709,21645.557,22339.736,24421.412,-1.207,3.886,10.827,3.139,3.264930563,3.441831321,-0.176900758,0.26,0.23,0.01,0.04,0.01,-1.06,-0.62,-1.31,-1.222,2.676,2.005,1.946,2.145,1.172,2.61,3.748,-0.943,-4.334,0.068,1.757,0.111,3.484,6,0,1,1,0,1,1,1,0,0,0,1.292491855713994,0.7956117875099274,0.5404058792330979,1.0217467059913439,TP3,TP1,False,0.9539778729291806,0.016819877419409063,0.02833496160112077,0.0008672880502896097
T124,0,0,0,3.055,2,50,1,1,1,-1,2,78,8,-3.718633848,72,38,21,1,1,0.221677289,0,4,14,0,18,0.536,0.591,0.228,0.496,1.557,1.622,1.585,1.732,22239.991,23174.053,24739.513,5.001,5.993,8.966,3.806,4.458508978,4.808970415,-0.350461437,-1.2,-0.21,0.03,-0.06,0.0,-0.23,-0.31,-0.04,1.344,5.395,3.466,2.623,1.189,1.704,1.824,5.45,-3.499,-3.414,-0.211,3.714,0.923,2.743,6,0,1,1,0,1,1,1,0,0,0,2.5297346771455036,2.4506035756392235,2.6067533410550143,2.856029094749986,TP2,TP1,False,0.9890178507794853,0.0010111660032787585,0.009943951547059394,2.7031670176487506e-05
T127,0,0,1,3.597,3,65,0,1,-1,1,2,29,8,-3.644051695,464,244,157,0,0,0.244542561,0,4,5,0,9,-0.128,-0.495,-0.084,-0.323,1.471,1.428,1.575,1.653,21020.77,20407.083,23617.025,4.965,7.641,7.024,4.266,3.581260434,5.386481479,-1.805221045,-1.04,-0.42,-0.05,-0.02,0.02,-0.23,0.01,0.21,1.044,5.745,3.737,2.897,2.354,2.278,1.913,3.79,0.078,-4.078,0.973,3.739,0.779,2.887,6,1,0,0,1,1,0,0,1,0,0,3.2689091762103017,4.3490936984331485,3.1040250090508197,2.9499561024128,TP4,TP2,False,0.006243064591138096,0.17423254969993066,0.018012742096202346,0.801511643612729
T131,0,0,1,4.074,3,81,0,-1,1,1,2,28,0,-5.533111688,160,84,21,1,1,0.413958165,1,7,10,0,17,-0.669,-0.597,-0.623,-0.183,1.266,1.379,1.381,1.661,18085.947,19695.695,23733.552,-1.195,-0.434,6.868,1.687,3.304226132,4.496653928,-1.192427796,-1.03,1.03,0.03,0.14,0.01,-0.73,-0.48,-2.37,-2.564,3.62,0.405,1.045,1.388,0.83,1.911,2.574,0.519,-5.296,-1.086,0.876,-0.013,2.606,4,1,0,0,0,0,1,0,0,1,0,2.338710381247602,1.777664347514472,1.3291675657770243,1.325370045347089,TP4,TP3,False,0.10213407499839597,0.05400848780087113,0.31129674827839665,0.5325606889223362
T151,0,0,0,2.685,2,68,1,1,-1,1,3,46,8,-3.539354814,125,77,38,0,1,0.618368943,1,6,15,0,21,0.645,0.411,0.748,0.168,1.65,1.59,1.738,1.712,23577.404,22718.062,24457.361,1.711,6.766,4.995,4.985,3.535678753,4.923016856,-1.387338103,0.49,-0.77,-0.08,0.0,-0.02,0.45,0.0,0.73,1.62,5.561,4.298,3.709,2.709,2.998,3.065,3.571,-0.174,-1.132,2.006,3.968,2.64,3.628,6,1,0,0,1,1,0,0,1,0,0,2.6403131969282305,2.5931636377015788,2.068798852114964,2.1498884698039316,TP3,TP2,False,0.0040115542334149875,0.9847345891586697,0.0005808048091152461,0.010673051798800006
T154,1,1,0,0.0,0,62,1,-1,-1,-1,3,42,0,-3.499669693,86,41,51,0,1,0.464310233,0,6,19,0,25,0.699,0.453,0.713,0.452,1.694,1.629,1.804,1.75,24208.311,23278.232,24997.984,-4.101,1.134,5.801,5.833,4.329016137,3.942528777,0.38648736,-0.07,-2.17,-0.05,-0.21,-0.07,0.56,0.98,1.29,1.328,5.559,4.88,4.552,3.005,3.396,3.187,0.087,0.062,-4.209,2.602,4.016,2.705,3.598,7,1,0,0,1,1,0,0,1,0,0,0.7025026997544328,0.2744377008945815,0.35273099119329954,0.7975679429864839,TP2,TP2,True,0.006008184677106876,0.9781218729334679,0.0023504547446799294,0.013519487644745396
T159,0,0,1,3.477,3,36,1,1,-1,1,2,50,8,-4.241660671,23,12,4,0,0,0.14353852,0,4,5,1,10,-0.521,0.198,-0.697,-0.034,1.368,1.566,1.459,1.695,19543.117,22374.726,24214.32,4.832,6.753,4.699,3.143,3.585744618,4.868113006,-1.282368387,-0.72,-0.11,-0.01,-0.07,0.08,-2.24,-1.32,-0.48,1.255,4.096,2.991,1.921,0.639,1.064,0.703,4.674,-3.559,-5.708,-2.733,2.051,0.396,0.467,6,1,0,0,1,1,0,0,1,0,0,2.779789559115278,2.7400373507748275,3.240469152215994,3.8598073631453946,TP2,TP2,True,0.062207034034827,0.8424180055176721,0.00020140253998659244,0.0951735579075144
T162,1,1,0,0.0,0,55,1,1,1,-1,3,15,8,-4.151464251,62,29,32,1,0,0.168836473,0,1,11,1,13,0.336,-0.216,0.246,0.007,1.536,1.489,1.611,1.685,21944.685,21278.079,24074.553,3.564,5.479,8.891,4.158,3.449424624,5.234946713,-1.785522089,-0.34,0.55,-0.03,0.1,0.03,-0.01,-0.07,0.04,1.599,5.633,3.555,3.002,2.366,2.202,2.965,5.419,-2.074,-4.462,1.29,3.468,1.611,3.277,6,0,1,1,0,1,1,1,0,0,0,2.602329244651374,2.224357624086442,2.1526663587620987,2.346188073036531,TP3,TP1,False,0.8048393042441008,0.015542384664145169,0.17898555570768335,0.0006327553840707815
T177,0,1,0,1.014,1,49,1,1,-1,-1,3,35,8,-3.842312436,146,89,26,0,0,0.319808818,0,9,30,19,58,-0.588,-0.291,-0.724,-0.555,1.255,1.551,1.235,1.645,17931.089,22165.373,23502.919,4.198,6.027,6.08,0.975,3.34557227,3.944710554,-0.599138283,-0.61,-0.24,-0.02,-0.01,0.02,-2.17,-0.78,-2.45,-5.092,3.339,0.035,-1.346,-0.443,-0.361,1.77,0.707,-2.512,-5.931,-3.464,-0.551,-1.288,0.268,7,1,0,0,1,1,0,0,1,0,0,2.1166309152699587,2.585342968220845,1.8241461583866556,1.4999590504944582,TP4,TP2,False,0.003834254553481025,0.9831232966989535,0.003916593207073263,0.009125855540492101
T191,0,0,1,3.536,3,60,0,1,-1,1,2,58,8,-3.834474131,232,103,53,0,0,0.357497927,0,8,27,25,60,0.407,-0.457,0.652,-0.557,1.639,1.506,1.825,1.652,23413.105,21510.549,23607.102,3.383,5.232,5.69,5.582,2.892490145,4.846769618,-1.954279473,0.55,-3.33,-0.26,-0.13,-0.1,0.88,2.08,0.66,0.931,6.76,4.223,3.835,4.867,3.277,3.897,4.742,-0.374,-1.138,1.529,3.639,2.826,0.467,7,0,1,1,0,1,1,1,0,0,0,2.548614640104022,3.0210280792303754,2.0265019987360784,1.7409550734169512,TP4,TP1,False,0.0028722519943819415,0.7442529669798036,0.18311508658636694,0.06975969443944764
T200,0,0,0,3.08,2,73,1,1,-1,1,3,18,4,-3.378179938,109,48,12,0,1,0.414165569,0,12,16,6,34,-0.521,-0.513,-0.615,-0.653,1.391,1.578,1.443,1.672,19873.472,22543.163,23885.957,-4.192,-0.692,3.382,2.085,2.446839077,3.315522604,-0.868683527,0.7,-1.87,-0.05,-0.2,-0.03,-2.51,-0.69,-2.71,-1.082,2.302,-0.19,0.286,0.154,0.283,0.143,-3.54,0.862,-6.976,-4.203,-0.86,-0.907,1.111,3,1,0,0,0,0,0,0,0,0,1,0.8724610602547348,0.3825511288411745,0.37768200269191843,0.28803490644091173,TP4,TP4,True,0.0001357432826959107,0.861470814945958,0.00034248541059761365,0.1380509563607485
T203,0,0,0,3.151,2,48,0,1,-1,-1,3,35,8,-4.293275778,53,25,15,0,0,0.099216303,0,3,8,4,15,-0.711,-0.461,-0.887,-0.532,1.039,1.531,0.973,1.662,14847.423,21872.203,23748.589,2.915,7.069,5.841,-0.727,2.58363052,5.02211762,-2.4384871,-1.03,-0.75,0.02,-0.19,0.06,-4.11,-2.14,-3.42,-7.498,0.37,-3.051,-2.468,-4.809,-2.042,-1.627,0.003,-6.429,-7.947,-6.221,-2.895,-3.847,-3.098,6,1,0,0,1,1,0,0,1,0,0,1.9869122082299282,2.8016995819400896,3.109610641596495,2.306110186150226,TP1,TP2,False,0.17285087440531727,0.7529117132237649,0.002292404493128064,0.07194500787778982
T211,1,1,0,0.0,0,49,0,1,-1,-1,3,32,4,-3.263202088,87,37,15,0,1,0.166424472,0,5,15,9,29,0.418,-0.517,0.559,-0.635,1.725,1.456,1.861,1.602,24646.875,20807.214,22894.64,-0.068,2.818,5.355,6.836,3.512646818,4.900744087,-1.388097269,1.12,-2.41,-0.2,-0.09,-0.07,1.3,2.19,1.21,3.182,7.282,4.786,5.544,4.213,4.179,3.766,1.974,0.49,-0.681,3.395,4.703,4.068,3.763,6,1,0,0,1,1,0,0,1,0,0,1.6299393178362611,1.1888402413023977,1.0410614967107557,1.1626273452862117,TP3,TP2,False,0.0006655542353545252,0.9848035360477865,0.013983525367871643,0.0005473843489874399
A002,0,0,0,4.381,3,57,1,1,-1,1,3,70,8,-3.967478,262,134,60,0,0,0.261300406,1,3,9,4,16,0.588,0.624,0.637,0.314,2.055,2.194,2.221,2.284,22059.99,23555.511,24517.194,1.619,6.752,6.59,4.086,4.042607109,4.265593169,-0.22298606,0.06,-1.16,0.03,-0.19,-0.02,0.05,-0.41,-0.41,-0.484,4.019,3.131,2.863,1.85,1.91,2.937,3.127,0.469,-1.213,0.896,2.65,1.594,4.069,6,1,0,0,1,1,0,0,1,0,0,2.760836936432858,2.1371981182200246,2.573973584114535,2.958229794686954,TP2,TP2,True,0.00015499909280121616,0.9976451044024698,0.0001273855376453415,0.002072510967083674
A004,0,0,0,2.865,2,45,1,1,-1,1,2,44,8,-7.0739864,33,19,0,1,0,0.146476691,0,5,6,0,11,-0.077,-0.732,0.129,-0.603,1.894,1.572,2.048,2.109,20331.419,16870.777,22634.52,1.807,3.317,5.124,3.74,0.829679163,4.501917816,-3.672238653,0.17,1.96,-0.05,0.33,0.04,-1.61,-0.53,-0.3,-0.785,4.554,3.266,2.446,2.62,1.88,3.462,3.631,0.635,-5.597,-1.253,2.288,0.606,1.288,6,1,0,0,1,1,0,0,1,0,0,3.6954163633191026,2.676616725138235,2.8751542793354194,2.606233496000677,TP4,TP2,False,6.768015336800652e-06,0.9950914195133664,0.002320743854876487,0.0025810686164202123
A014,0,0,0,3.677,3,63,0,1,-1,1,2,47,8,-5.0733694,25,21,22,0,0,0.162486057,0,5,8,1,14,-0.116,-0.503,-0.497,-0.62,1.914,1.836,2.021,2.174,20549.555,19703.476,23333.628,-0.835,7.804,5.688,3.354,1.898142253,4.995984077,-3.097841824,-0.34,-1.3,-0.01,-0.2,0.03,-1.19,-0.78,-0.81,-1.346,3.22,2.688,1.759,0.429,1.122,0.97,3.7,-3.504,-5.122,0.193,1.599,-0.038,0.907,6,1,0,0,1,1,0,0,1,0,0,3.0988100226208313,3.058283867160838,3.4693093995545827,3.2041582563292303,TP2,TP2,True,0.0009433528339727479,0.9690198538999327,0.0016613175469612847,0.028375475719133295
A057,0,0,0,1.518,2,54,1,1,-1,1,2,32,8,-3.2928437,25,14,10,0,0,0.153638526,0,2,3,0,5,-0.312,-0.316,-0.623,0.201,1.858,1.959,1.942,2.251,19944.942,21025.657,24159.55,5.598,4.668,5.78,2.991,2.479851189,3.828840618,-1.348989429,-0.54,-0.89,-0.03,-0.19,0.09,-1.74,-1.63,-1.59,-0.26,3.726,1.733,1.848,1.77,0.548,3.563,1.728,-1.432,-4.827,-0.038,1.396,1.691,0.346,6,1,0,0,1,1,0,0,1,0,0,2.7556855571239036,2.204643529585791,2.9710261509200424,3.568845887811715,TP2,TP2,True,0.0005879664407756088,0.9987061678749735,4.138268597461711e-06,0.0007017274156535102
A102,0,0,0,3.772,3,49,1,1,-1,1,3,39,7,-3.557008,110,59,23,1,1,0.389188076,0,11,13,8,32,0.408,0.515,0.494,0.465,2.032,2.16,2.171,2.314,21816.038,23185.861,24836.315,1.47,3.127,5.61,3.706,3.820032491,4.353574721,-0.53354223,-0.91,-0.6,0.05,-0.2,0.05,0.04,-0.22,-0.51,1.621,4.778,3.023,2.941,4.273,1.976,2.364,5.029,-2.124,-2.306,1.201,2.962,1.178,3.156,6,1,0,0,1,1,0,0,1,0,0,2.2620854590712125,1.5685501308961118,1.6135224042981395,2.198391237838389,TP2,TP2,True,0.00036472742293455334,0.9973461896174398,0.0003667577919284951,0.0019223251676971221
A398,0,0,0,3.467,3,50,0,1,-1,1,2,46,8,-4.3015813,20,15,2,1,0,0.13515221,0,2,6,0,8,-0.521,-0.782,-0.512,-0.492,1.809,1.553,1.957,2.135,19418.756,16673.453,22917.628,3.64,5.251,6.954,3.357,0.972370178,4.764021388,-3.791651209,-0.83,1.28,0.03,0.13,0.05,-1.22,-0.85,-0.5,0.002,3.785,3.034,2.1,0.867,1.262,1.177,5.13,-1.467,-6.674,-0.629,1.952,0.621,2.315,2,1,0,0,0,0,0,0,0,0,1,3.479518894824727,2.820076977084885,2.872207097463626,2.9574749772378697,TP2,TP4,False,0.00037776316474929454,0.9981686699966938,5.388801696224187e-05,0.0013996788215945555
A463,0,0,0,1.217,1,48,1,1,-1,-1,3,21,8,-4.074614,52,27,26,0,1,0.323486358,0,6,7,4,17,0.472,0.218,0.432,0.303,2.067,2.036,2.174,2.269,22182.684,21851.099,24361.506,5.155,4.759,6.097,3.992,3.674381673,4.50797251,-0.833590837,-0.57,-0.58,0.02,-0.09,-0.01,0.37,-0.18,0.16,0.386,5.079,3.757,3.137,2.394,2.286,2.835,4.302,-0.572,-1.68,1.896,3.3,1.696,3.867,6,1,0,0,1,1,0,0,1,0,0,1.8869753909785176,1.5237768657945674,1.7267249276953276,1.9431888283811127,TP2,TP2,True,0.0007783447713591745,0.9969020017310639,0.0018286443239060098,0.000491009173670798
A565,0,0,0,2.37,2,35,1,1,-1,-1,3,30,5,-4.0813316,26,14,0,0,1,0.0,0,0,0,0,0,0.342,-0.661,0.477,-0.486,2.049,1.718,2.199,2.182,21993.163,18444.321,23420.833,0.427,3.685,5.294,4.918,1.376476646,4.230769398,-2.854292752,-0.64,-1.65,-0.09,-0.18,0.03,-0.39,-0.51,0.51,1.495,5.002,4.132,3.717,2.706,2.182,2.867,3.418,0.954,-1.872,1.53,3.123,1.13,1.009,3,1,0,0,0,0,0,0,0,0,1,1.74316286820326,0.7666888895346822,1.8790706953887049,2.232742525343145,TP2,TP4,False,0.00028267791342169755,0.9867927385488361,0.007301910063248335,0.00562267347449396
A767,0,0,0,1.636,2,57,1,1,-1,-1,3,21,3,-4.639152,266,139,58,0,1,0.537662304,1,12,30,18,60,0.059,-0.198,0.26,-0.389,1.966,1.963,2.089,2.217,21104.636,21071.81,23793.893,1.046,2.281,6.199,3.266,3.735847915,3.321125508,0.414722407,-0.47,0.2,0.07,0.03,-0.06,0.56,-0.02,-0.97,-2.063,3.849,2.502,1.8,2.204,0.924,2.657,3.497,0.512,-7.213,-0.455,1.107,0.218,2.8,6,1,0,0,1,1,0,0,1,0,0,1.9316708774784552,1.1593754939961434,0.4654251630387122,0.6361304513489299,TP3,TP2,False,0.0003007556611056043,0.9606570525476844,0.013159755313398485,0.02588243647781144
T210,1,1,0,0.0,0,48,1,1,1,-1,2,23,3,-4.298068302,83,39,32,1,0,0.065527027,0,1,5,0,6,-0.807,-0.458,-0.872,-0.517,0.954,1.449,0.912,1.621,13624.828,20705.247,23153.23,1.484,2.966,11.224,-0.648,3.411614752,4.3587682,-0.947153448,-1.32,0.85,0.03,0.06,0.05,-3.65,-2.04,-3.19,-3.982,2.626,-1.455,-1.739,-1.935,-0.597,0.752,0.954,-3.924,-6.889,-5.785,-2.009,-2.326,0.379,7,1,0,0,1,1,1,1,0,0,0,0.29646799577895505,0.41229348985316133,0.606244011976767,0.5203997579717374,TP1,TP1,True,0.9898498114007559,0.0023430281274357135,0.007696516553863505,0.0001106439179449017
T005,0,0,0,2.866,2,49,1,1,-1,1,3,72,8,-3.661602967,116,57,6,0,1,0.377767766,0,10,15,3,28,-0.48,0.556,-0.44,0.516,1.373,1.641,1.482,1.735,19616.471,23446.483,24794.642,3.188,6.237,6.113,3.423,4.339670247,3.601735068,0.737935179,-0.37,0.46,0.09,-0.08,0.06,-1.94,-1.65,-0.23,-0.79,3.165,3.263,2.03,0.792,0.743,0.952,2.55,-3.129,-7.128,-0.491,2.226,0.738,2.167,6,0,1,1,0,1,0,0,1,0,0,2.9281462581988333,2.9500872976366765,3.269682526364854,2.68576185367512,TP4,TP2,False,0.0009649010398481037,0.9985195753578994,1.3741280861960328e-06,0.0005141494741663293
T010,0,0,0,1.807,2,56,1,1,1,-1,2,25,8,-3.926039963,105,57,13,0,1,0.334893787,0,6,19,1,26,0.048,-0.529,0.055,-0.413,1.453,1.413,1.548,1.634,20764.736,20182.046,23349.728,0.187,7.213,8.799,3.181,2.418737537,3.796495024,-1.377757487,1.1,0.4,-0.05,0.14,0.0,-1.01,-0.87,-1.25,-1.286,3.906,2.051,1.78,0.556,1.924,2.71,3.996,-0.133,-6.754,-3.285,1.471,0.743,3.058,6,0,1,1,0,1,1,1,0,0,0,1.251422545069257,1.7952484861870501,1.576030141168048,1.3833409900092712,TP1,TP1,True,0.38266038105847017,0.02937106486083644,0.5837198602994746,0.004248693781218795
T016,0,0,1,3.773,3,56,0,1,-1,1,2,66,8,-3.444441471,54,31,23,1,0,0.418673298,1,3,9,1,13,-0.659,-0.042,-0.679,0.29,1.32,1.52,1.447,1.692,18863.217,21719.178,24174.977,3.468,5.322,6.263,2.953,3.233630097,4.646020486,-1.412390389,-0.22,1.45,0.06,0.1,0.09,-1.95,-1.23,-1.08,-0.9,3.361,2.283,1.461,1.616,1.093,1.3,6.453,-2.989,-5.992,0.094,1.564,0.025,2.075,6,1,0,0,1,1,0,0,1,0,0,2.9078735291667543,2.602578841267608,3.3635360491652158,2.7594435484841737,TP2,TP2,True,0.022889847342526318,0.9758934630438185,6.0711442271550695e-06,0.0012106184694279428
T018,0,0,0,2.633,2,47,1,-1,-1,1,2,68,0,-3.48394811,7,4,1,0,0,0.0,0,0,0,0,0,0.049,-0.798,0.365,-0.548,1.498,1.216,1.62,1.598,21400.797,17378.026,22833.528,1.281,1.907,5.607,4.429,0.522171674,4.012620257,-3.490448583,1.39,-0.07,-0.1,0.09,0.04,-1.02,-0.74,0.3,2.468,4.993,3.842,3.242,2.417,2.318,1.884,4.558,-2.888,-2.63,1.98,3.472,1.76,2.706,6,1,0,0,1,1,0,0,1,0,0,3.109148903074586,2.1926807443327685,2.9931345524277173,3.04805924735465,TP2,TP2,True,0.002138600423913442,0.8698803760000273,0.0002339034730507197,0.1277471201030085
T028,1,1,0,0.0,0,37,1,1,1,1,3,79,4,-3.264998862,280,137,42,1,1,0.519706488,0,7,8,0,15,0.632,0.113,0.703,0.146,1.626,1.551,1.76,1.702,23225.169,22157.079,24314.346,-0.932,2.021,11.014,5.698,3.758147634,3.848857794,-0.09071016,1.7,-1.26,-0.07,-0.1,-0.02,0.69,0.0,1.39,2.325,5.509,4.986,4.359,2.671,3.222,1.931,3.298,-0.173,-2.746,3.347,4.055,2.793,4.101,6,0,1,1,0,1,1,1,0,0,0,0.32104983975957335,0.3848041583470436,0.5517557002771727,0.5408479443606097,TP1,TP1,True,0.9506980847914628,0.04232239348292027,0.005925439289007335,0.0010540824366096794
T030,0,0,0,1.613,2,48,1,1,-1,-1,2,56,8,-3.670584857,41,18,19,0,0,0.332522721,0,8,12,1,21,-0.509,-0.78,-0.635,-0.362,1.347,1.215,1.4,1.602,19245.328,17353.815,22889.393,-0.541,5.35,6.202,1.539,0.745632966,4.477929843,-3.732296878,0.15,1.29,-0.01,0.21,0.02,-2.14,-1.07,-2.16,-1.937,2.484,0.798,0.373,0.912,0.196,1.389,5.12,-2.909,-7.032,-4.023,0.454,-1.366,2.001,6,1,0,0,1,1,0,0,1,0,0,2.443449905934001,2.368137859015482,1.9753420673447757,2.040324855097775,TP3,TP2,False,0.0058014310391188515,0.9727843713710546,0.0007405893397704668,0.020673608250056145
T033,0,0,0,1.388,2,49,1,-1,-1,-1,3,31,0,-3.328831916,222,117,41,0,1,0.523986142,0,21,21,20,62,0.714,0.242,0.9,0.168,1.719,1.563,1.87,1.705,24552.934,22332.074,24361.699,-1.737,0.428,4.765,6.129,3.927366522,3.932168664,-0.004802141,0.97,-1.75,-0.09,-0.06,-0.12,1.93,1.75,1.74,2.525,6.325,5.341,4.901,4.634,3.995,4.292,2.436,1.186,-0.626,2.238,4.743,3.706,4.604,6,1,0,0,1,1,0,0,1,0,0,0.7593832374059521,0.7274786400585732,0.6498800127611599,0.42077580782877455,TP4,TP2,False,0.0026240486192023594,0.9923433072624849,0.0010548028806755868,0.003977841237637072
T035,0,0,0,1.601,2,33,1,-1,-1,-1,3,25,0,-3.103069232,94,50,34,0,1,0.543956846,0,11,22,6,39,0.598,0.48,0.704,0.435,1.638,1.642,1.78,1.736,23408.262,23457.862,24800.236,-1.781,0.02,6.199,5.671,4.599079946,3.761384074,0.837695872,-0.14,-0.13,0.05,-0.03,-0.04,1.57,1.56,1.13,3.207,5.564,4.711,4.676,3.983,3.212,2.838,3.035,-0.161,-0.482,2.556,3.965,3.133,5.007,6,1,0,0,1,1,0,0,1,0,0,0.8918601048120118,0.9159633413772201,1.3164958748389175,0.6074735047840799,TP4,TP2,False,0.07901059245190663,0.9169991665453942,3.4584003304096417e-05,0.003955656999394964
T036,1,1,0,0.0,0,54,1,1,-1,1,3,20,3,-3.11624138,256,126,25,1,1,0.622005744,0,13,19,27,59,0.61,0.025,0.768,0.138,1.621,1.53,1.793,1.689,23157.17,21856.134,24128.156,-0.68,1.131,6.032,5.562,3.26924783,3.837357331,-0.568109501,1.27,-0.99,-0.07,-0.02,-0.05,1.13,0.48,1.54,2.686,5.285,5.138,4.001,2.199,3.285,3.051,2.904,0.084,-0.898,1.828,4.036,2.532,3.925,6,1,0,0,1,1,0,0,1,0,0,1.0638877951565775,0.9081100017778447,0.6769436368855632,0.5626247119381063,TP4,TP2,False,0.002078633740612617,0.986019648697191,0.0002390730887801493,0.011662644473416249
T037,1,1,0,0.0,0,49,1,-1,-1,-1,3,31,1,-3.476591374,153,78,30,0,0,0.397072921,0,8,25,7,40,0.351,0.643,-0.316,0.601,1.517,1.715,1.473,1.782,21668.904,24507.566,25463.194,-4.093,-1.323,4.52,2.177,5.293741111,3.259918705,2.033822405,-1.15,-0.54,0.1,-0.14,-0.06,-1.17,-0.92,-2.59,-1.54,3.748,-0.111,1.182,1.108,0.673,2.321,-1.193,1.265,-6.916,-1.317,0.8,-0.193,1.923,6,1,0,0,1,1,0,0,1,0,0,0.668576224334203,0.5265359132621583,0.4965778574251508,0.6544767695073135,TP3,TP2,False,0.006916797817538684,0.7956662940682194,0.000196545558067627,0.1972203625561743
T060,0,0,0,1.882,2,67,1,1,-1,1,3,43,8,-3.558068117,150,72,19,1,1,0.525707135,0,8,27,22,57,0.582,0.416,0.726,0.316,1.591,1.607,1.762,1.729,22728.973,22963.665,24699.972,1.113,6.153,6.188,4.602,3.614157042,3.280666531,0.333490511,0.67,-0.73,-0.04,-0.02,-0.03,0.6,-0.14,-0.59,-1.934,3.68,2.859,3.495,3.671,2.056,3.505,2.637,0.462,-3.07,1.201,2.723,1.832,4.221,6,1,0,0,1,1,0,0,1,0,0,2.4300468980064194,2.3651413763155733,2.163608849104701,1.7752029116612447,TP4,TP2,False,0.0010284264232425777,0.9974218421062175,0.0003038030692745119,0.0012459284012654387
T061,0,0,1,3.346,3,53,1,1,-1,1,2,31,8,-3.826749018,58,34,17,1,0,0.216219669,1,3,5,0,8,0.337,-0.703,0.032,-0.315,1.507,1.271,1.543,1.605,21528.978,18153.892,22933.145,6.143,6.801,7.856,3.493,1.438337945,5.033787653,-3.595449708,-0.26,-1.03,-0.02,-0.07,-0.06,-0.06,1.33,-0.97,-0.993,3.626,2.371,2.282,0.991,1.631,1.824,1.505,-1.79,-4.38,0.67,2.056,0.814,3.236,6,0,1,1,0,1,0,0,1,0,0,3.300484528280642,2.5450162848033377,3.3270207925639244,3.4194745716063055,TP2,TP2,True,0.029738989576675222,0.9701292253329628,0.00010768066913700318,2.410442122501598e-05
T067,0,0,0,2.966,2,48,1,1,-1,1,2,26,8,-3.563802482,46,27,19,0,0,0.226675756,0,2,26,7,35,0.077,-0.724,-0.105,-0.155,1.474,1.357,1.558,1.643,21060.897,19383.886,23466.248,5.67,6.127,6.533,3.72,2.10020455,4.031384069,-1.931179519,0.26,0.27,-0.01,0.05,0.02,-0.93,-0.31,-0.24,1.674,4.231,3.246,2.442,0.343,1.297,1.232,2.16,-2.689,-6.903,0.174,2.761,1.131,3.498,6,1,0,0,1,1,0,0,1,0,0,3.336995890293651,2.800913241268962,3.2038427315914864,3.2181134277369514,TP2,TP2,True,0.029438832505809757,0.966958164365828,4.5066394868546184e-05,0.0035579367334935804
T072,0,0,0,3.152,2,53,1,1,-1,1,2,46,8,-3.396138042,47,23,23,0,0,0.236987572,0,6,21,0,27,0.135,-0.546,0.525,-0.403,1.528,1.437,1.676,1.64,21829.942,20531.968,23426.263,0.982,5.793,6.095,4.85,2.274696028,4.014932749,-1.740236721,1.78,0.06,-0.05,0.05,0.03,-0.65,-0.43,0.83,2.743,5.55,4.399,3.606,2.265,2.588,1.809,4.798,-0.588,-2.026,1.741,4.317,2.632,3.768,6,1,0,0,1,1,0,0,1,0,0,2.6946250816474495,2.0965313853192,2.5677351948588965,2.6749895210436248,TP2,TP2,True,0.01410750496993327,0.9396278589267303,0.0005743856280537436,0.0456902504752826
T079,1,1,0,0.0,0,59,1,-1,-1,-1,2,42,0,-3.583568337,111,61,68,0,1,0.4631177,0,6,21,3,30,-0.112,0.497,-0.119,0.236,1.456,1.623,1.55,1.732,20804.043,23184.783,24748.587,-0.801,-0.363,5.474,2.706,4.629525105,4.110623209,0.518901896,-1.34,1.02,0.11,0.1,-0.04,-0.07,0.21,-0.35,0.065,4.207,3.119,1.753,1.637,1.054,2.169,1.255,-1.094,-3.399,0.309,1.822,0.876,2.743,6,1,0,0,1,1,0,0,1,0,0,1.1223210868612736,1.142228844596373,1.1903141199995155,0.6286478934259699,TP4,TP2,False,0.0619057299445194,0.9143741636958506,0.004867613565843241,0.01885249279378687
T080,0,0,0,1.72,2,50,1,1,1,1,3,68,7,-3.338671853,48,28,5,0,1,0.055534432,0,0,16,11,27,0.172,-0.196,0.327,-0.3,1.544,1.551,1.622,1.702,22063.03,22161.081,24313.787,1.449,3.55,9.788,2.983,3.336128982,4.355492364,-1.019363383,-0.28,-1.26,-0.12,-0.06,0.01,-0.82,-0.73,-0.89,0.447,4.754,2.51,2.027,0.869,1.317,2.594,5.196,-1.011,-6.148,0.229,2.572,0.392,2.623,6,0,1,1,0,1,1,1,0,0,0,1.257681745917011,0.7936589570408253,1.2403732860932914,1.2665948348208085,TP2,TP1,False,0.9513558077365962,0.0022662395129483055,0.04009674676861309,0.006281205981842384
T083,0,1,0,0.558,1,48,1,1,1,-1,3,61,8,-3.805264607,174,92,48,0,1,0.347651155,1,6,14,5,25,-0.446,0.546,-0.595,0.567,1.37,1.652,1.386,1.777,19573.788,23597.218,25382.699,4.613,6.56,10.375,1.206,4.228619952,4.503152488,-0.274532536,-1.17,0.75,0.13,-0.04,0.04,-1.89,-0.9,-2.76,-2.599,2.208,-0.322,-0.41,1.283,0.65,1.975,2.625,-1.518,-5.068,-2.121,-0.073,-1.112,2.483,6,0,1,1,0,1,1,1,0,0,0,1.1449980444062846,1.5157378557991803,1.9410198091821678,1.4640780651194376,TP1,TP1,True,0.9970349801791505,0.0027377552039699617,0.0002229819959959008,4.282620883548169e-06
T097,1,1,0,0.0,0,56,1,-1,1,-1,3,14,0,-3.580899867,68,42,40,1,1,0.32149289,0,10,15,5,30,0.342,0.014,0.082,-0.037,1.532,1.54,1.563,1.699,21884.181,22003.232,24273.659,-2.035,0.436,8.696,3.026,3.376944318,4.609398348,-1.23245403,-0.66,-0.16,-0.05,0.04,0.0,-0.44,-0.62,-0.9,0.487,4.918,2.499,2.156,1.316,1.312,2.057,2.125,-0.889,-3.467,0.242,2.547,0.486,3.012,4,1,0,0,0,0,1,0,0,1,0,0.8779571133697568,0.6189571564443206,0.9859700625547954,0.5407249791292992,TP4,TP3,False,0.7742618787784715,0.005236419040145695,0.07590821813213115,0.1445934840492517
T098,0,0,0,3.105,2,37,1,1,1,-1,2,37,8,-3.717300076,8,6,6,1,0,0.182954682,0,4,9,6,19,-0.216,-0.698,-0.236,-0.328,1.435,1.305,1.495,1.627,20499.672,18641.628,23240.634,3.963,4.612,7.274,3.627,1.75775896,5.56158669,-3.80382773,-0.04,1.92,-0.03,0.32,0.04,-1.56,-0.21,-0.66,-0.117,4.625,2.785,2.307,1.707,1.513,2.301,5.762,-0.024,-5.257,-0.196,2.398,0.766,2.646,6,0,1,1,0,1,1,1,0,0,0,2.4951058270507187,2.3886441413511017,2.687473877328136,2.4477514141181915,TP2,TP1,False,0.9228198648576961,0.017551056495477283,0.047756732206554554,0.01187234644027219
T100,0,1,0,0.892,1,57,1,-1,1,-1,3,62,0,-3.783931797,50,31,30,0,1,0.33644816,0,6,15,1,22,-0.097,0.154,0.002,-0.081,1.474,1.549,1.552,1.694,21063.423,22124.078,24196.288,-0.866,0.679,10.35,2.72,3.254287856,4.02248641,-0.768198554,-0.51,0.86,0.0,0.17,-0.01,-0.55,-0.83,-1.1,0.055,4.295,2.257,1.611,1.35,1.231,2.062,3.898,-1.478,-6.761,-0.493,2.148,-0.96,2.54,6,0,1,1,0,1,1,1,0,0,0,0.9274218093856599,1.0558574758152652,1.2637396708204998,0.7328374384307648,TP4,TP1,False,0.9331814957170304,0.004556117093994251,0.05310529347049706,0.009157093718478351
T101,0,0,0,3.225,2,74,1,-1,-1,1,3,47,0,-3.650119008,122,55,21,0,0,0.380983977,0,7,7,2,16,-0.504,0.565,-0.269,0.516,1.373,1.672,1.524,1.771,19613.755,23892.754,25301.375,-2.306,-1.739,5.709,2.849,4.563642524,3.297111261,1.266531263,-1.56,0.08,0.08,-0.11,0.05,-1.0,-0.84,-1.19,0.604,3.758,2.153,1.664,2.533,0.416,1.846,1.515,-2.833,-7.145,-0.776,1.508,-0.404,1.681,4,1,0,0,0,0,0,0,0,0,1,1.7966951430416025,1.41054568980334,1.7768931915101158,1.289719141277746,TP4,TP4,True,0.0010954924570694916,0.9872863937761059,1.1439185707084925e-05,0.011606674581117384
T112,1,1,0,0.0,0,38,1,-1,-1,-1,3,40,0,-3.021679357,86,48,2,0,1,0.667131489,0,6,19,1,26,0.549,-0.541,0.54,-0.129,1.616,1.403,1.665,1.659,23090.371,20037.414,23697.78,-0.53,0.296,3.163,5.46,2.724910872,4.855360436,-2.130449564,0.82,-0.24,-0.13,0.1,0.01,-1.28,-0.32,0.64,3.376,5.338,4.207,4.357,3.638,2.592,4.528,4.762,1.421,-6.821,2.141,3.96,2.294,2.335,6,1,0,0,1,1,0,0,1,0,0,1.7356370496309212,1.9777500093731484,2.223642737678402,1.3365791712089528,TP4,TP2,False,0.000718248422863701,0.36376006714634257,0.0003567255903931025,0.6351649588404006
T119,0,0,0,2.398,2,52,1,1,1,1,2,84,8,-4.219387547,64,38,12,0,0,0.216063011,0,6,8,9,23,-0.685,-0.571,-0.732,-0.568,1.259,1.459,1.335,1.64,17983.248,20850.588,23435.029,1.512,5.999,6.028,1.995,2.520615631,4.589621248,-2.069005617,-0.64,-0.27,0.0,-0.07,0.05,-2.77,-1.71,-1.85,-1.105,2.61,1.267,0.606,0.281,0.482,0.652,5.06,-3.583,-6.726,-1.244,0.946,-1.577,0.27,6,0,1,1,0,1,1,1,0,0,0,3.8121685100394944,3.5061572090545368,3.699298500540455,3.8781134564811253,TP2,TP1,False,0.8624196662406496,0.10415068945256298,0.019438603699583504,0.013991040607203898
T125,0,1,0,1.125,1,56,1,1,1,-1,3,37,8,-3.621560147,112,65,24,0,1,0.254743765,0,11,19,20,50,0.291,0.514,0.561,0.41,1.497,1.601,1.641,1.713,21391.897,22880.444,24471.704,-2.547,6.985,7.414,3.928,4.282840354,4.496455752,-0.213615397,-0.29,-0.21,0.03,-0.06,0.02,-0.29,-0.46,0.09,1.354,4.437,3.611,2.76,2.227,1.852,1.493,2.765,-2.001,-2.288,1.096,2.647,1.253,3.355,4,1,0,0,0,0,1,0,0,1,0,2.4603257200943776,2.120164316080382,2.4453932865432884,2.1754286338907476,TP2,TP3,False,0.9339446213646128,0.061632069354300316,0.002408617622282685,0.002014691658804266
T128,1,1,0,0.0,0,55,1,-1,1,1,3,33,2,-3.626290748,155,85,10,0,0,0.452003262,0,1,26,9,36,0.666,0.435,0.644,0.371,1.607,1.571,1.672,1.719,22953.49,22445.807,24557.819,-1.286,-0.808,10.626,4.275,3.898795835,4.988176072,-1.089380237,-0.2,-0.77,-0.05,-0.03,-0.03,0.06,-0.11,0.5,1.839,5.682,4.052,2.739,1.852,2.336,2.51,2.931,-0.115,-1.982,0.974,3.65,1.256,3.506,6,0,1,1,0,1,1,1,0,0,0,1.0443496884058159,0.7070617337240184,1.228422961038277,1.2037406028249131,TP2,TP1,False,0.9687656136320854,0.0011820703113990135,0.004470125186927223,0.025582190869588406
T134,0,0,0,2.834,2,36,1,1,1,-1,3,70,8,-3.236178029,30,19,15,0,1,0.327896332,0,14,17,7,38,0.699,0.371,0.831,0.383,1.712,1.57,1.808,1.715,24462.921,22425.723,24497.048,5.032,4.685,9.233,6.288,3.814427021,4.603860315,-0.789433294,0.57,-1.89,-0.11,-0.16,-0.01,1.29,0.68,1.86,3.805,6.722,5.463,5.063,2.4,3.607,2.958,4.955,0.027,0.981,3.803,5.016,3.194,3.633,6,0,1,1,0,1,1,1,0,0,0,0.6002183451328411,0.4922501536110464,1.0929167965859146,0.9683329248423066,TP2,TP1,False,0.9994560048827189,0.0003622024023815237,0.0001700184857657058,1.1774229133918849e-05
T135,1,1,0,0.0,0,41,1,-1,-1,-1,3,98,0,-3.748686832,189,94,56,0,1,0.547788742,0,10,21,2,33,0.296,0.483,-0.108,0.378,1.498,1.595,1.481,1.715,21394.887,22789.203,24503.812,0.824,1.279,5.762,3.377,4.871349879,5.312064671,-0.440714792,-0.98,1.15,0.01,0.22,-0.04,-0.79,0.33,-1.82,-1.575,6.209,1.298,1.89,2.758,1.699,4.546,2.205,1.103,-5.378,-0.19,2.246,-0.032,3.041,7,1,0,0,1,1,0,0,1,0,0,1.2745681433392841,1.4212817081645144,1.546218472400609,0.6987776071426686,TP4,TP2,False,0.012613354043036228,0.9516334331216981,0.007498638605145749,0.028254574230119827
T136,1,1,0,0.0,0,67,1,-1,-1,-1,3,59,0,-3.678875733,201,110,64,0,1,0.569912989,0,5,25,3,33,0.533,0.567,0.533,0.475,1.584,1.674,1.69,1.753,22635.732,23917.807,25039.566,-2.339,0.222,4.24,3.731,4.738071251,4.176200675,0.561870575,-1.02,-1.08,0.0,-0.1,-0.07,0.29,1.58,-1.54,0.3,4.71,1.685,2.023,3.73,1.703,3.384,-1.03,-0.029,-2.645,-0.233,1.984,1.128,2.568,7,1,0,0,1,1,0,0,1,0,0,1.7369585934048688,1.7188548640242296,1.6959843958899354,1.2069660546883365,TP4,TP2,False,0.01086756596172596,0.966722359921861,0.0051978622497921715,0.017212211866620808
T148,0,0,0,3.022,2,38,1,1,-1,1,3,18,8,-3.756146396,60,36,28,1,0,0.184685634,0,9,17,11,37,0.443,0.258,0.528,0.34,1.521,1.54,1.618,1.696,21734.902,22004.81,24224.737,2.712,6.294,6.062,3.603,3.659835844,4.692019036,-1.032183192,-0.44,-0.23,-0.04,0.01,0.01,-0.1,-0.02,-0.5,0.771,4.815,2.957,2.41,2.287,2.051,2.564,2.342,-0.431,-3.173,0.052,2.485,0.975,2.752,6,1,0,0,1,1,0,0,1,0,0,2.818853907752231,2.3696171655953546,2.881135014432335,2.7237841478795204,TP2,TP2,True,0.03061970618084216,0.9597812886372269,3.056791030101552e-05,0.009568437271629922
T150,0,0,1,3.796,3,60,0,-1,-1,1,2,57,0,-3.795736698,68,50,26,0,1,0.355182495,0,8,12,1,21,0.349,-0.565,0.485,-0.275,1.568,1.397,1.682,1.651,22401.256,19961.184,23587.361,-0.568,1.7,5.994,5.199,2.817255234,5.113926183,-2.296670949,-0.48,-0.73,-0.13,0.01,0.03,0.37,-0.07,0.73,2.21,6.209,4.298,3.52,2.899,2.688,2.497,3.159,-1.658,-1.217,2.18,4.092,2.455,2.854,7,1,0,0,1,1,0,0,1,0,0,2.965608502977641,1.816301502329702,2.8987498213449405,2.3358956919731155,TP2,TP2,True,0.005123136880093354,0.11595321621965705,0.0016194431613959373,0.8773042037388536
T152,1,1,0,0.0,0,36,1,1,1,-1,3,21,7,-3.218820204,341,174,59,0,1,0.317326228,0,8,8,0,16,-0.005,0.351,-0.164,0.249,1.487,1.537,1.589,1.68,21238.051,21956.327,24004.645,5.071,5.184,11.246,4.984,4.410031732,5.626386438,-1.216354707,-0.84,-0.13,0.0,-0.05,0.03,0.52,0.58,0.86,1.984,6.212,4.425,3.959,3.396,2.852,2.5,3.198,-1.545,-2.444,2.534,4.116,2.532,2.868,6,0,1,1,0,1,1,1,0,0,0,0.05549288327400875,0.09942557995921797,0.6958256884918463,0.17468624202488112,TP1,TP1,True,0.9986582704036036,0.0007343713090243232,0.0005862303688724781,2.1127918499585596e-05
T153,0,0,0,1.878,2,64,1,-1,-1,1,3,54,0,-3.553845351,61,32,29,0,1,0.28281743,0,5,14,2,21,0.628,0.621,0.658,0.418,1.625,1.667,1.754,1.743,23213.202,23815.568,24907.1,-1.829,0.086,5.34,5.612,4.580190637,3.943675335,0.636515302,-0.81,-1.61,-0.03,-0.2,-0.02,1.08,0.94,1.11,2.917,6.134,4.696,4.341,3.326,3.088,1.372,-0.147,-1.01,-0.956,2.181,4.119,2.875,3.143,6,1,0,0,1,1,0,0,1,0,0,1.1553175870685788,0.4035115983857712,1.3218654276199984,0.9054524193535405,TP2,TP2,True,0.011001032633185559,0.9004513142131929,0.00031215009124503575,0.08823550306237646
T169,0,0,0,2.036,2,35,1,1,-1,1,2,132,8,-4.862733326,40,19,5,0,0,0.102703755,0,2,4,1,7,-0.601,-0.515,-0.557,0.086,1.328,1.442,1.453,1.675,18969.804,20604.982,23935.952,2.243,7.485,5.657,2.991,2.658605223,4.985197003,-2.32659178,-0.98,0.4,0.04,-0.02,0.06,-1.61,-1.4,-1.25,-0.051,3.166,2.079,1.459,1.096,0.566,-1.01,4.329,-3.044,-4.752,0.122,1.414,0.266,0.456,7,1,0,0,1,1,0,0,1,0,0,3.7481345494076392,2.9930650953485105,3.799777411109211,4.004213769434159,TP2,TP2,True,0.01175237010210023,0.957989346581565,0.00019468790858188928,0.03006359540775292
T182,0,1,0,1.102,1,39,1,1,-1,-1,3,29,8,-3.451055872,49,20,56,0,0,0.195487734,0,7,10,7,24,-0.63,0.133,-0.652,-0.431,1.324,1.61,1.403,1.703,18915.927,23007.751,24335.642,1.658,6.325,6.024,1.64,3.220976545,3.721792269,-0.500815723,-0.66,-0.25,0.01,-0.08,0.04,-2.15,-1.15,-2.17,-2.064,3.372,0.773,0.01,-1.038,-0.423,0.247,-0.723,-3.789,-7.113,-1.512,0.109,-0.482,-1.056,6,1,0,0,1,1,0,0,1,0,0,1.6304491141821122,1.7022105676939308,1.568713870173602,1.984904283250375,TP3,TP2,False,0.14830790314091621,0.8475923082360656,3.4931385573934246e-05,0.004064857237444112
T201,1,1,0,0.0,0,55,1,-1,-1,-1,3,10,0,-4.262156726,219,84,43,0,1,0.705949115,1,9,28,23,60,-0.657,-0.332,-0.679,-0.574,1.268,1.575,1.354,1.672,18122.095,22500.731,23892.775,-2.348,-1.599,4.608,2.481,3.422970924,2.890560758,0.532410166,-0.38,-0.14,-0.01,0.0,0.0,-2.28,-1.15,-1.69,-4.6,3.283,1.463,0.955,-2.815,0.821,0.875,-1.232,-2.072,-7.095,-2.292,0.47,-0.955,0.019,3,1,0,0,0,0,0,0,0,0,1,0.859313303177337,1.5135277642337175,1.1620343483126356,1.1376065949013303,TP1,TP4,False,0.0011593376141292194,0.9792963087172661,0.0016675315077412992,0.01787682216086324
A005,1,0,0,0.0,0,27,1,1,-1,1,3,51,4,-3.5832833,269,138,68,0,1,0.507686998,1,21,35,30,86,0.672,0.582,0.664,0.499,2.233,2.252,2.367,2.346,23970.414,24177.888,25181.154,-2.354,-0.308,5.327,5.618,5.043276825,4.346703404,0.696573421,-0.59,-1.26,0.08,-0.19,-0.1,1.87,2.0,0.66,2.234,5.09,4.284,4.522,1.37,3.308,3.098,0.665,-0.468,-1.237,2.998,3.48,2.867,4.362,6,1,0,0,1,1,0,0,1,0,0,1.6634429426926292,0.7097058299347229,1.1678293160643973,1.1846638834116159,TP2,TP2,True,0.006097180768835529,0.99376558992594,2.4937301499320127e-06,0.00013473557507461036
A007,0,0,0,2.722,2,40,1,1,-1,1,2,21,7,-6.827391,49,29,12,1,0,0.123499002,0,4,6,2,12,-0.034,-0.656,0.229,-0.339,1.923,1.755,2.08,2.186,20639.638,18835.798,23461.553,4.063,3.608,5.134,4.029,1.474393935,3.850658318,-2.376264384,0.57,-0.05,-0.04,-0.03,0.08,-1.33,-1.33,-0.38,-1.654,3.819,3.175,2.329,3.512,1.42,2.79,4.783,-0.048,-2.732,0.083,2.4,0.577,2.162,6,1,0,0,1,1,0,0,1,0,0,2.9008158569802998,2.4880647884254006,3.6043487660583358,3.289234737705031,TP2,TP2,True,3.831298294703053e-05,0.9703086550168837,0.0030001999085611185,0.02665283209160821
A023,0,0,0,1.073,1,47,1,1,-1,-1,3,34,8,-3.4648956,92,58,27,0,0,0.431404706,0,14,28,21,63,0.126,0.259,0.372,0.021,1.988,2.064,2.136,2.268,21341.057,22157.625,24345.681,1.082,6.057,7.26,4.004,3.729377229,5.301504943,-1.572127714,-0.62,0.37,0.08,-0.03,0.01,0.13,-0.18,0.24,0.834,4.62,3.852,2.917,0.655,2.118,2.017,3.78,-0.268,-2.874,0.806,3.033,1.232,3.098,6,1,0,0,1,1,0,0,1,0,0,1.4730503416527214,1.2243457136244469,1.3621322171394488,1.0616393503508925,TP4,TP2,False,0.017285408686289055,0.9247400796939849,0.00012554376438076066,0.057848967855345365
A304,0,0,0,1.859,2,48,1,1,-1,-1,3,48,3,-3.2654308,100,62,9,0,1,0.50035382,0,8,29,13,50,-0.151,0.468,-0.253,0.436,1.91,2.157,1.995,2.333,20500.733,23159.453,25040.717,-1.618,0.315,5.443,3.462,4.579334546,4.001047637,0.578286908,-1.72,0.81,0.12,0.02,-0.02,-0.13,-0.39,-0.61,0.183,4.588,2.854,1.988,3.791,1.052,3.488,2.618,1.142,-5.075,-0.397,1.351,-0.222,2.159,6,1,0,0,1,1,0,0,1,0,0,0.7288659346645161,0.478115398101397,0.6136015526444474,-0.11551942594103226,TP4,TP2,False,0.002249939284099005,0.8007529709531823,0.0005181358805782546,0.1964789538821404
A637,0,0,0,0.947,1,65,1,-1,-1,1,3,38,0,-3.2755877,151,70,46,0,1,0.661300329,1,9,22,10,41,0.223,0.678,0.093,0.564,1.983,2.311,2.079,2.371,21288.331,24812.389,25447.508,-1.204,0.235,6.109,3.41,5.980248183,3.871326955,2.108921228,-1.35,0.6,0.13,-0.03,-0.02,0.81,0.99,-0.88,-0.489,4.753,2.613,2.184,3.845,1.664,2.942,3.205,0.109,-5.648,0.165,1.722,0.745,3.878,6,1,0,0,1,1,0,0,1,0,0,0.8093627517920232,0.5559771160953504,1.20620879516137,0.09548966728301966,TP4,TP2,False,0.001322824447033281,0.9974460834107777,1.897582839614499e-05,0.0012121163137929472
T185,1,1,0,0.0,0,35,1,1,1,-1,3,33,3,-3.312091596,162,71,34,0,1,0.310181997,0,13,13,8,34,-0.603,0.157,-0.529,-0.385,1.333,1.579,1.432,1.675,19047.742,22556.459,23927.819,0.721,0.755,11.27,2.058,3.415859864,4.831610042,-1.415750178,-0.65,0.24,0.03,0.01,0.0,-1.1,-0.81,-1.69,-0.767,3.891,1.502,0.752,-1.019,0.241,0.781,-1.523,-2.387,-6.996,-1.044,0.789,-0.203,0.276,7,1,0,0,1,1,1,1,0,0,0,0.6069631463027898,0.5051024554300222,0.5214271853258826,0.7730938256886568,TP2,TP1,False,0.9985967636327641,0.0003411428899386592,0.0006749275101085466,0.00038716596718867634
T186,1,1,0,0.0,0,59,1,-1,1,1,2,31,0,-3.316680922,122,63,4,1,1,0.224818283,0,10,15,5,30,0.387,-0.114,0.446,-0.438,1.604,1.57,1.709,1.688,22922.301,22428.001,24110.094,-1.038,-0.049,9.939,4.459,3.179686802,4.301734332,-1.12204753,0.17,-1.74,-0.12,-0.14,-0.01,-0.11,0.35,-0.37,2.725,5.989,3.112,2.979,1.591,2.047,2.406,-1.364,-0.954,-5.528,0.854,3.225,1.953,1.422,7,1,0,0,1,1,1,1,0,0,0,0.8512081934587825,0.02067950267247759,0.5850603523391974,0.8455375792606954,TP2,TP1,False,0.8522465298736677,0.0015911556119745122,0.09589677084424769,0.05026554367011021
T193,0,0,0,2.062,2,48,1,1,1,-1,3,60,8,-3.696416533,118,41,20,0,1,0.210341122,0,12,22,18,52,-0.728,-0.472,-0.846,-0.472,1.154,1.471,1.114,1.668,16489.989,21012.215,23836.549,4.719,5.379,6.725,1.255,2.787236521,5.657549582,-2.870313061,-1.19,-0.14,0.03,-0.11,0.06,-3.18,-1.24,-2.18,-4.102,3.234,0.79,-0.584,0.0,-0.099,0.085,-1.063,-2.503,-7.403,-1.806,-0.296,-2.623,-1.681,7,0,1,1,0,1,1,1,0,0,0,2.273894261181366,2.283101409950175,2.1958993379143004,2.19778303380943,TP3,TP1,False,0.936785151009195,0.015426564370479567,0.023775162799581966,0.024013121820743506
T218,0,0,0,3.072,2,40,1,1,1,1,3,34,8,-3.607653008,67,33,11,1,1,0.252727084,0,9,13,6,28,-0.613,-0.409,-0.698,-0.492,1.312,1.51,1.328,1.665,18738.522,21566.504,23793.166,3.272,6.405,5.784,1.321,3.205838073,4.825693524,-1.619855451,-0.89,-0.25,-0.02,-0.03,0.01,-1.44,-1.06,-2.18,-2.634,4.083,0.702,0.332,-0.919,0.15,1.591,1.377,-2.838,-5.677,-0.463,0.54,-0.604,0.146,7,1,0,0,1,1,1,1,0,0,0,3.4876153711184883,3.1294558971376443,3.4440609654640078,3.208571606584108,TP2,TP1,False,0.9528890793984743,0.03734968161742092,0.005050044633989858,0.004711194350114894
T004,0,0,0,2.075,2,33,1,1,-1,-1,3,51,4,-3.347756368,124,62,35,0,1,0.507514223,1,11,22,6,39,0.612,0.469,0.659,0.297,1.65,1.615,1.744,1.722,23579.386,23072.882,24605.398,0.532,2.536,6.02,4.589,4.263282291,3.16070995,1.102572341,0.33,-0.71,0.02,-0.04,-0.09,1.3,0.77,0.39,1.893,5.031,3.928,3.687,3.138,3.103,2.71,2.699,0.277,-3.491,1.256,3.543,2.43,4.79,6,0,1,1,0,1,0,0,1,0,0,1.532864039916542,0.9122106229813305,0.6562241401864518,1.1820533381335219,TP3,TP2,False,0.005319589175779206,0.9946562464736263,1.7287099615231617e-05,6.877250979331524e-06
T017,0,0,0,2.403,2,46,1,1,-1,1,3,59,8,-3.820793712,17,8,8,0,0,0.232726629,1,8,6,0,14,-0.442,-0.472,-0.399,-0.107,1.371,1.455,1.465,1.66,19580.77,20781.724,23709.656,2.61,4.696,6.789,3.544,2.598504218,3.936239553,-1.337735335,0.82,0.37,0.02,-0.01,0.06,-2.01,-1.35,-0.48,0.04,3.434,2.981,2.272,2.455,1.534,1.731,3.677,-2.038,-4.989,-0.174,1.97,1.231,1.836,6,1,0,0,1,1,0,0,1,0,0,2.5622669844076116,3.125979275861691,4.233284300576276,3.598407570946587,TP1,TP2,False,0.0013259635642739681,0.9980781959335544,3.982942195693738e-06,0.0005918575599759183
T025,0,0,1,3.828,3,62,1,1,-1,1,2,28,8,-3.833783528,73,41,10,1,0,0.545675691,0,7,14,1,22,-0.681,-0.586,-0.717,-0.543,1.219,1.407,1.293,1.637,17409.329,20101.702,23386.705,0.529,6.233,6.566,0.74,1.586478982,2.924387,-1.337908018,-0.07,-0.01,-0.01,-0.03,0.06,-3.13,-1.93,-2.92,-4.753,1.498,-0.662,-0.558,0.423,-0.862,-0.071,4.736,-1.485,-7.327,-2.432,-1.295,-2.186,0.888,6,1,0,0,1,1,0,0,1,0,0,2.4478035011072494,2.8903353923081103,3.5754222736121632,2.9393245805437083,TP1,TP2,False,0.06218164693132985,0.3985261627563505,0.00012288808467390253,0.5391693022276458
T029,0,0,0,2.066,2,53,1,1,1,-1,3,22,8,-3.539595925,76,42,8,0,0,0.130659658,0,7,14,2,23,-0.54,0.631,-0.513,0.5,1.363,1.698,1.492,1.745,19471.358,24258.365,24932.06,-1.616,6.794,8.003,2.609,4.56703751,3.629400719,0.93763679,-0.47,-0.56,0.06,-0.19,0.05,-1.85,-1.79,-1.47,-0.152,3.343,1.795,1.31,0.179,0.463,1.14,1.821,-2.94,-6.055,-0.656,1.462,0.312,2.326,6,0,1,1,0,1,1,1,0,0,0,1.1850867567209116,1.267281383421905,1.7016382612087353,2.1841128611299454,TP1,TP1,True,0.934411888077539,0.056973092212852836,0.00549199503211777,0.003123024677490336
T031,1,1,0,0.0,0,51,1,-1,1,-1,3,6,0,-2.974775822,13,5,2,0,0,0.201884108,0,8,8,7,23,0.705,-0.515,0.852,-0.362,1.728,1.445,1.83,1.66,24694.15,20649.712,23721.196,1.257,1.162,8.969,6.433,2.690675534,4.461196533,-1.770520999,2.09,-1.68,-0.16,-0.03,-0.06,1.41,0.69,2.85,4.326,7.049,6.471,5.191,3.098,4.325,3.339,4.051,-0.263,-0.568,3.801,5.373,3.894,4.4,6,0,1,1,0,1,1,1,0,0,0,0.8701795493808935,1.0962009166317592,1.426217645343148,1.1878077088660448,TP1,TP1,True,0.9326004282204794,0.013692429275154613,0.05270881067556471,0.0009983318288012003
T032,0,0,0,1.72,2,69,1,-1,-1,-1,3,28,0,-3.357365271,262,114,44,0,1,0.618032381,1,20,29,16,65,0.567,0.208,0.819,0.156,1.612,1.545,1.8,1.698,23037.227,22075.381,24263.973,-1.677,0.308,5.208,5.439,4.095497328,4.314090196,-0.218592868,0.65,0.26,-0.03,0.15,-0.07,1.55,1.28,0.82,1.085,5.655,4.391,3.767,4.982,3.276,4.048,1.086,0.785,-1.432,2.303,3.897,2.984,4.427,6,1,0,0,1,1,0,0,1,0,0,2.035847165187556,1.5206069936918754,0.5191349395968645,0.5871890274862643,TP3,TP2,False,0.0003547815565524399,0.9926120269355333,0.00698924560687331,4.3945901040988295e-05
T039,0,1,0,1.279,1,51,1,1,-1,1,2,30,8,-3.541359956,36,25,11,1,0,0.093178522,0,1,4,0,5,-0.535,-0.688,-0.576,-0.171,1.321,1.244,1.394,1.612,18879.908,17772.108,23027.804,2.015,5.871,8.266,3.164,1.131698525,4.180204734,-3.048506209,0.31,0.48,-0.01,0.06,0.05,-2.44,-1.1,-0.69,-2.649,3.663,2.741,1.79,0.921,1.267,2.456,2.914,-2.424,-4.908,-0.399,1.653,0.069,2.395,6,1,0,0,1,1,0,0,1,0,0,2.594704461865622,3.3363669892236354,4.412464094331856,3.2471301692400845,TP1,TP2,False,0.00973024970582694,0.9774340960083494,8.475272772356596e-05,0.012750901558100084
T042,0,1,0,0.892,1,57,1,-1,-1,-1,3,108,0,-3.35090963,79,42,38,0,1,0.417145776,0,10,22,16,48,0.432,0.358,0.37,0.306,1.534,1.59,1.614,1.717,21912.283,22718.229,24535.781,-1.127,1.188,5.766,3.285,3.783787375,4.028138917,-0.244351543,0.04,-0.18,0.0,0.01,-0.02,-0.69,-0.11,-0.58,1.571,4.52,2.864,2.446,1.461,1.335,2.406,3.748,0.504,-2.36,0.128,2.906,1.357,3.01,2,1,0,0,0,0,0,0,0,0,1,1.8011640872708718,1.1176024533694195,0.8068814159268917,1.1866923822534428,TP3,TP4,False,0.0027338983111324694,0.9941501368882399,0.0025955095867958187,0.0005204552138318405
T045,0,1,0,0.69,1,41,1,1,-1,1,3,37,8,-3.339886259,45,17,11,0,0,0.25777184,0,7,13,0,20,0.482,0.127,0.667,0.109,1.557,1.537,1.715,1.678,22245.442,21959.723,23969.202,3.481,5.474,8.012,4.884,3.062127718,3.929183347,-0.867055629,1.32,-0.46,-0.03,-0.05,0.02,-0.03,-0.09,1.02,1.799,5.074,4.598,3.363,1.051,2.627,2.22,4.293,-1.833,-3.833,1.388,3.785,2.358,4.121,6,1,0,0,1,1,0,0,1,0,0,1.9490405927924344,2.124949527099082,2.663468613045403,2.5499772174945066,TP1,TP2,False,0.019352638707202763,0.9805672447271337,6.77578311351841e-06,7.334078255008381e-05
T047,0,0,0,2.795,2,58,1,1,-1,-1,2,51,8,-3.812467536,75,41,8,1,0,0.241502889,1,5,6,5,16,-0.578,-0.634,-0.609,-0.419,1.323,1.388,1.385,1.636,18899.004,19828.148,23376.349,4.297,6.152,5.735,2.837,1.824738536,5.041847202,-3.217108666,0.06,0.7,0.0,0.08,0.06,-2.11,-0.92,-1.89,-2.163,2.547,1.202,2.009,2.959,0.843,2.329,2.71,-3.15,-6.023,-0.319,0.653,0.631,0.737,6,1,0,0,1,1,0,0,1,0,0,1.7371550217200724,2.4705987217912297,3.7615797913318234,2.2498097351615014,TP1,TP2,False,0.003969308792538891,0.9938876568471942,0.00016773736854464751,0.001975296991722216
T054,1,1,0,0.0,0,51,1,-1,-1,-1,3,20,0,-3.852952347,105,55,41,0,1,0.554070048,0,15,31,9,55,-0.662,-0.502,-0.652,-0.447,1.288,1.493,1.344,1.684,18402.108,21335.266,24063.527,-0.514,1.845,6.296,1.317,2.73057819,3.098113226,-0.367535036,-0.11,1.45,0.03,0.16,0.06,-2.92,-1.44,-2.0,-2.047,1.904,0.997,0.167,1.793,-0.598,1.473,3.423,-2.003,-6.198,-1.263,-0.527,-1.194,1.955,4,1,0,0,0,0,0,0,0,0,1,1.4339344755159238,0.7023557641815578,0.17926019565207718,0.524996513521437,TP3,TP4,False,0.006006396513852383,0.9838621356737882,0.0019062140205188365,0.008225253791840584
T058,0,0,1,4.013,3,24,1,1,-1,1,2,80,8,-3.572031109,19,6,1,1,0,0.211166683,0,4,4,0,8,0.516,-0.438,0.264,-0.407,1.58,1.449,1.601,1.635,22574.592,20708.106,23352.55,1.586,5.226,6.028,4.611,2.484728335,5.241241256,-2.756512921,1.17,-0.8,-0.07,-0.04,0.0,-0.78,-0.2,0.7,2.54,4.908,4.261,3.391,2.23,2.49,2.089,2.556,-1.036,-3.685,1.403,3.604,1.803,3.464,6,1,0,0,1,1,0,0,1,0,0,2.670830577531788,2.928266943703519,4.380030492462012,3.6747778652523655,TP1,TP2,False,0.0026827183741643928,0.9966399245192589,9.838089809865558e-06,0.0006675190167670089
T065,0,0,1,3.382,3,63,0,-1,-1,1,2,90,0,-3.557605472,145,75,36,0,1,0.434175434,1,9,17,3,29,-0.632,-0.597,-0.551,-0.374,1.325,1.44,1.451,1.675,18936.52,20571.473,23932.637,0.407,2.987,4.831,2.982,2.284182625,3.204588654,-0.920406029,-0.06,0.46,0.01,0.04,0.05,-2.42,-1.78,-1.03,-0.536,2.848,2.35,2.094,1.828,1.036,1.579,2.974,-2.113,-4.554,-0.174,1.103,0.559,0.597,6,1,0,0,0,0,0,0,0,0,1,2.5061462703568465,2.675715694457252,3.223158374001909,2.502205263589032,TP4,TP4,True,0.000910802912482348,0.9967847525205741,2.5034567507679404e-05,0.002279409999435843
T066,0,0,0,2.77,2,52,1,1,-1,1,2,25,8,-3.776324788,128,72,14,1,0,0.369624434,1,7,18,2,27,-0.392,0.146,-0.382,-0.032,1.359,1.542,1.43,1.666,19413.635,22029.978,23805.263,-0.747,4.61,6.813,2.56,3.130388729,3.613295426,-0.482906697,0.61,1.09,0.06,0.15,-0.02,-1.85,-1.12,-1.7,-3.824,2.573,1.489,1.367,0.607,0.355,2.214,3.764,-1.092,-5.715,-1.033,0.601,-0.27,1.608,6,1,0,0,1,1,0,0,1,0,0,2.054333432985228,2.404479243167351,2.7940943295983267,2.4292075781862543,TP1,TP2,False,0.013715472523499073,0.9860613300073594,1.7807903056746353e-05,0.00020538956608491532
T070,1,1,0,0.0,0,63,1,1,-1,1,3,27,7,-3.43026344,141,80,13,0,0,0.474648632,0,6,20,3,29,0.132,0.638,0.452,0.6,1.491,1.706,1.628,1.782,21301.075,24366.317,25457.353,-2.82,2.866,5.84,3.792,4.857188712,3.178277958,1.678910754,-1.09,-0.67,0.07,-0.16,0.0,-0.42,-0.53,-0.61,-0.101,3.831,2.839,2.223,1.359,1.634,1.905,-2.793,-2.51,-5.745,0.346,2.147,0.872,2.557,6,0,1,1,0,1,0,0,1,0,0,0.9899140854103688,0.7171507722456676,1.1406492045093883,1.5527912107126058,TP2,TP2,True,0.0015713700463263367,0.9888596162965977,1.1000513921400881e-05,0.009558013143154494
T086,0,0,0,2.129,2,63,1,-1,-1,-1,3,38,0,-3.829663536,82,41,30,0,1,0.267533497,0,4,7,4,15,-0.406,-0.45,-0.551,-0.409,1.423,1.492,1.485,1.667,20328.044,21314.804,23815.893,-1.483,-0.277,4.774,2.636,2.896237045,4.05320436,-1.156967314,0.18,-0.79,-0.12,0.0,0.02,-1.81,-0.88,-1.96,0.088,4.142,1.052,1.664,1.723,0.825,2.881,2.394,-0.729,-4.24,-1.136,1.533,0.156,2.998,6,1,0,0,1,1,0,0,1,0,0,0.8321477982793041,0.7656089090365221,1.2738545966802133,0.6219989165267428,TP4,TP2,False,0.0005915369151460353,0.5823838912036813,0.0658381184939889,0.35118645338718385
T087,0,0,0,2.553,2,56,1,1,1,1,3,45,8,-3.561157051,73,41,14,1,1,0.261531443,0,10,11,0,21,0.52,-0.663,0.496,0.038,1.534,1.367,1.644,1.664,21922.03,19536.734,23772.374,0.457,4.927,10.621,5.047,2.325393647,4.787144962,-2.461751315,-0.32,-0.12,-0.06,0.02,0.04,-0.56,-0.53,0.91,0.547,4.734,4.489,3.496,2.127,2.44,2.287,5.397,-0.96,-6.0,1.757,3.564,1.728,3.344,6,0,1,1,0,1,1,1,0,0,0,0.9883679618144594,1.8202144161633513,1.7046682820592127,1.3372670565709537,TP1,TP1,True,0.9309284679617449,0.013558665260448185,0.047278842363406876,0.008234024414400087
T099,1,1,0,0.0,0,62,1,1,1,-1,2,93,8,-3.695700933,53,28,18,0,0,0.138753976,0,6,12,1,19,-0.708,0.443,-0.807,0.231,1.168,1.595,1.219,1.691,16683.265,22792.503,24163.897,-2.15,7.9,11.627,1.36,4.180676388,5.297826307,-1.117149919,-1.63,0.08,0.05,-0.07,0.04,-2.46,-1.25,-2.15,-2.622,2.982,0.617,-0.06,-0.23,0.546,1.306,2.485,-0.24,-7.509,-2.38,0.156,-3.456,1.248,6,0,1,1,0,1,1,1,0,0,0,1.1293294460057122,1.8051412476450492,2.2032761405844945,2.2929261058366253,TP1,TP1,True,0.9978198439703417,0.0004083168509171432,0.0016435662424496905,0.00012827293629146444
T104,1,1,0,0.0,0,53,1,-1,-1,1,3,40,0,-3.515358091,81,39,24,0,1,0.320605243,0,6,15,3,24,0.222,0.584,0.305,0.571,1.488,1.652,1.615,1.75,21261.344,23595.686,25003.273,-3.555,1.111,6.502,3.937,4.482771907,4.348712616,0.13405929,-1.16,-0.92,0.04,-0.19,0.01,0.53,0.09,-0.02,-0.967,4.066,3.49,3.068,2.168,1.817,1.481,2.12,0.46,-1.689,2.518,3.041,1.127,1.937,6,1,0,0,1,1,0,0,1,0,0,1.514097119500676,1.594011144911226,1.4492139028366875,1.805857604917804,TP3,TP2,False,0.03259650347470052,0.7357402220066771,0.004607277972954471,0.22705599654566785
T110,0,0,0,2.913,2,42,0,1,1,1,2,75,8,-3.871431928,26,14,6,0,0,0.210420604,0,7,12,0,19,0.457,-0.144,0.39,0.132,1.544,1.473,1.603,1.664,22061.796,21044.177,23777.772,-0.197,4.882,9.999,4.656,3.421246329,6.369547473,-2.948301144,-0.51,-0.2,-0.08,0.06,0.01,-0.06,0.27,0.55,0.151,5.87,4.1,3.12,1.515,2.313,3.621,6.101,-0.553,-2.056,1.532,3.647,1.501,3.412,6,0,1,1,0,1,1,1,0,0,0,1.0925714415913088,1.8483632708242668,2.319470902973089,1.636100586571469,TP1,TP1,True,0.9987793728564514,0.0008755411101034246,0.0003411454498876169,3.940583557579703e-06
T114,0,0,0,1.807,2,62,1,-1,1,1,3,49,0,-3.473897812,77,38,28,1,1,0.507222296,1,5,18,0,23,0.628,0.541,0.544,0.58,1.632,1.671,1.659,1.78,23309.224,23871.436,25430.714,-1.71,0.002,6.15,3.18,4.767025281,3.311495957,1.455529324,-0.64,-0.56,0.04,-0.07,-0.06,-0.1,0.01,-1.42,2.183,4.42,1.869,2.14,2.241,1.641,2.961,0.802,-0.25,-4.659,0.289,2.331,1.132,2.705,6,0,1,1,0,1,1,1,0,0,0,0.8923653979039021,1.3854012566324845,1.1456653781455999,1.3912173918519386,TP1,TP1,True,0.4919941639386729,0.491604715241535,0.013395244640316193,0.0030058761794758125
T116,0,0,1,3.374,3,66,1,1,1,1,3,25,8,-4.307413262,48,24,12,0,1,0.208828603,1,3,10,1,14,0.514,0.574,0.33,0.416,1.548,1.611,1.636,1.701,22112.885,23011.868,24298.278,2.261,8.163,7.665,4.509,3.951292103,5.317011859,-1.365719756,-0.33,-0.9,-0.02,-0.11,0.0,0.31,0.34,0.32,1.626,5.313,3.856,3.255,2.366,2.304,2.251,2.0,-1.12,-1.323,1.797,3.603,2.119,4.108,6,0,1,1,0,1,1,1,0,0,0,2.3547018808635296,3.758757432417567,3.894386214689797,3.0221197292855595,TP1,TP1,True,0.38764387139056405,0.3060789716221207,0.30599842932789634,0.00027872765941898485
T120,0,1,0,1.023,1,61,1,-1,1,-1,3,46,0,-3.496503269,96,50,32,1,1,0.57567763,1,4,7,0,11,0.568,0.389,0.454,0.104,1.647,1.61,1.738,1.704,23534.319,23006.309,24346.887,-1.011,0.162,10.46,5.102,4.607388829,4.166701413,0.440687416,-0.05,-1.06,0.01,-0.1,-0.08,1.01,1.35,0.77,2.321,5.106,4.334,4.264,2.146,2.853,3.269,2.707,-0.55,-0.818,2.597,3.763,2.831,3.727,6,0,1,1,0,1,1,1,0,0,0,-0.07426656572227214,0.9287059451077457,0.554914457337434,0.4256755096584487,TP1,TP1,True,0.9599629305600687,0.0063699100318122814,0.03348077614180419,0.0001863832663147765
T129,0,0,0,1.729,2,43,1,-1,-1,-1,3,33,0,-4.052703086,94,56,22,0,1,0.678222489,0,10,21,2,33,-0.538,0.272,-0.592,0.251,1.367,1.584,1.411,1.727,19526.716,22625.774,24675.679,-0.746,0.859,4.665,1.952,3.932117753,3.7543277,0.177790052,-1.99,0.55,0.1,-0.04,0.04,-1.13,-0.84,-1.58,-1.514,3.91,1.659,0.741,-0.029,0.285,1.344,0.695,-2.956,-7.503,-1.083,1.309,-0.747,1.121,7,1,0,0,1,1,0,0,1,0,0,1.0493963936460577,0.3636648465144271,0.4313738979805102,0.9142908003491934,TP2,TP2,True,0.01421265463239822,0.5408100622803171,0.0003145491675490492,0.44466273391973565
T132,0,0,0,1.54,2,47,1,1,1,-1,2,51,8,-4.952198572,34,15,2,0,0,0.126499207,0,3,4,0,7,-0.424,-0.695,-0.481,-0.523,1.383,1.357,1.396,1.635,19761.507,19381.697,23362.761,2.777,2.446,9.091,1.659,1.778075154,4.389020176,-2.610945022,-0.24,1.43,-0.05,0.29,0.02,-1.57,-1.18,-2.03,-2.754,4.186,0.931,0.591,1.389,0.057,2.554,6.045,0.057,-4.702,-2.499,0.357,-1.433,0.842,4,1,0,0,0,0,1,0,0,1,0,1.9934612595571513,2.237679235886142,3.159479623373379,2.3682487902412728,TP1,TP3,False,0.9915374908252311,0.0007497171193563641,0.006972862028266926,0.0007399300271456533
T142,1,1,0,0.0,0,42,1,1,1,1,3,31,8,-3.161293665,42,21,8,0,0,0.166249835,0,7,9,6,22,0.751,0.371,0.879,0.479,1.726,1.569,1.829,1.727,24655.402,22417.399,24666.948,2.906,5.216,9.911,6.007,3.754727849,5.020244319,-1.265516471,-0.07,-2.27,-0.11,-0.18,-0.06,1.75,1.14,2.22,2.607,6.717,5.835,4.928,3.379,3.401,2.817,3.746,-0.698,0.851,3.897,5.058,2.688,3.636,7,1,0,0,1,1,1,1,0,0,0,0.9145742640201439,1.2180753009539962,1.539602240646162,1.5991602229106305,TP1,TP1,True,0.9986326060724575,0.0009148164742916047,0.00043447899748910485,1.80984557618612e-05
T143,1,1,0,0.0,0,49,1,1,-1,-1,3,46,4,-3.374053281,183,96,39,0,1,0.490331177,0,9,26,25,60,0.795,0.515,0.815,0.476,1.774,1.652,1.912,1.745,25342.119,23600.437,24926.426,-1.927,1.038,5.674,7.686,5.026712464,4.10588158,0.920830884,-0.17,-2.2,-0.04,-0.19,-0.12,3.04,3.26,2.45,3.155,6.716,6.063,5.785,3.486,4.576,3.903,0.602,0.559,-4.224,3.444,5.224,4.075,4.759,6,1,0,0,1,1,0,0,1,0,0,1.502339393547475,0.619097854960372,0.262425795537263,0.8065572128504541,TP3,TP2,False,0.056426402760742664,0.9280902894056522,0.013280545142233362,0.0022027626913718756
T145,0,0,1,3.712,3,62,1,1,-1,1,2,35,8,-4.234194472,32,19,11,0,0,0.187378878,0,6,5,4,15,-0.464,-0.313,-0.638,-0.132,1.37,1.475,1.413,1.664,19579.522,21073.801,23768.461,-0.205,7.311,5.203,2.458,2.634024552,4.906346434,-2.272321881,-1.1,-0.48,-0.05,-0.05,0.04,-2.12,-1.47,-1.98,-0.587,3.055,1.109,0.69,0.407,0.264,1.188,3.359,-2.851,-6.517,-1.776,0.938,-1.365,0.415,6,1,0,0,1,1,0,0,1,0,0,2.634112077661901,2.980975591806536,4.1967527996239475,3.2868257205092752,TP1,TP2,False,0.012787994824683903,0.5421630417438208,0.0018275185943972844,0.4432214448370981
T149,0,1,0,1.143,1,28,1,1,1,-1,3,22,8,-3.907707893,35,16,2,0,1,0.212991034,0,9,17,3,29,-0.439,0.099,-0.458,-0.042,1.415,1.561,1.5,1.71,20217.062,22301.171,24426.271,2.926,3.746,8.126,3.677,3.554259105,4.573910402,-1.019651297,-0.81,1.48,0.02,0.21,0.02,-1.56,-1.08,-0.49,-3.517,4.287,2.977,1.89,1.293,1.315,2.827,3.702,-1.479,-5.718,-0.614,1.632,-0.844,0.948,6,0,1,1,0,1,1,1,0,0,0,2.162435194034933,1.6815465153167866,1.7616503092154443,1.9960041086050788,TP2,TP1,False,0.9916261869253603,0.0058221261776599436,0.002475031027265961,7.665586971372418e-05
T155,0,0,0,3.144,2,58,0,1,-1,1,3,132,8,-3.883164099,52,29,6,0,0,0.304775846,0,12,11,2,25,-0.364,0.224,-0.542,0.095,1.379,1.523,1.404,1.672,19701.663,21752.965,23894.127,6.367,7.612,7.489,2.802,4.13945597,5.953009685,-1.813553715,-1.12,0.14,0.01,-0.04,0.05,-1.29,0.45,-0.51,-0.22,4.647,2.946,1.092,1.324,0.592,1.589,2.383,-0.389,-6.035,-0.851,2.216,-0.009,2.385,6,0,1,1,0,1,0,0,1,0,0,2.7268740726370937,2.825405694858924,4.10898765005781,3.313389558434772,TP1,TP2,False,0.01767738159370577,0.9815023937784265,4.68424296836985e-05,0.0007733821981840059
T161,0,0,1,3.956,3,55,1,1,-1,1,3,67,8,-3.799452639,42,25,27,0,1,0.377189722,0,4,11,5,20,0.256,-0.522,0.351,-0.376,1.523,1.457,1.604,1.661,21752.603,20816.188,23723.708,3.081,6.06,5.453,4.227,3.025337629,5.115180839,-2.08984321,0.24,0.35,-0.1,0.17,0.01,-0.96,-0.5,0.03,1.505,5.378,3.534,2.916,1.728,2.215,2.947,4.781,-2.175,-4.254,0.883,3.06,0.946,2.679,6,1,0,0,1,1,0,0,1,0,0,3.0208325387673263,3.11259713450975,3.7650240654690696,2.7475235816320875,TP4,TP2,False,0.0011932311475364098,0.9976477321680574,0.000826400557335609,0.0003326361270704848
T164,0,1,0,0.943,1,44,1,1,1,-1,2,20,8,-4.288779282,132,76,4,0,1,0.853196555,0,12,14,1,27,0.138,0.249,-0.375,0.029,1.5,1.573,1.515,1.718,21434.433,22472.038,24541.207,2.816,4.111,7.892,2.671,3.868864342,4.517540184,-0.648675843,-1.3,0.79,0.04,0.09,0.02,-1.0,-0.62,-1.48,-1.468,4.181,1.744,1.601,1.069,1.136,1.579,1.257,-1.803,-3.241,-0.024,1.982,-0.507,2.288,6,0,1,1,0,1,1,1,0,0,0,1.7530214241725586,1.620754614466888,1.3588574760535912,1.541558699339845,TP3,TP1,False,0.9978976813867458,0.0011750685605208004,0.0007100506356301798,0.00021719941710314332
T172,1,1,0,0.0,0,54,1,-1,1,1,3,28,0,-3.910578903,100,53,33,0,1,0.571847019,0,6,21,10,37,0.597,-0.256,0.536,0.092,1.624,1.507,1.673,1.694,23194.997,21523.403,24204.206,-0.259,0.497,10.739,4.587,3.593486197,4.232335998,-0.6388498,0.04,-0.28,-0.04,0.04,-0.04,0.54,0.8,-0.62,2.855,5.933,2.816,3.081,2.264,2.424,2.353,1.611,1.0,-2.451,1.01,4.312,2.483,4.198,6,0,1,1,0,1,1,1,0,0,0,0.37027533179032324,0.585052296162992,-0.08670069150228427,0.2565690361227505,TP3,TP1,False,0.9523187475851574,0.0031475240536495176,0.042428659512811856,0.00210506884838131
T179,1,1,0,0.0,0,57,1,1,-1,1,3,12,6,-3.491669617,67,23,15,0,1,0.52915936,0,5,19,11,35,0.622,0.48,0.636,0.222,1.67,1.691,1.766,1.746,23865.905,24164.468,24943.247,-3.106,2.85,5.02,5.209,4.831343569,3.820626177,1.010717392,-0.57,-1.65,-0.06,-0.16,-0.04,0.86,0.82,0.12,1.779,6.099,3.633,3.574,1.987,2.64,2.984,-1.379,-0.533,-2.572,1.284,3.475,2.633,1.889,6,1,0,0,1,1,0,0,1,0,0,0.9193949082607624,0.5777481695297446,0.7685357760167135,0.7832626364895983,TP2,TP2,True,0.016340738556923678,0.9334486913494026,0.00456370538337499,0.045646864710298794
T212,0,0,0,1.482,2,74,1,-1,-1,-1,3,26,0,-4.04021842,140,65,28,1,0,0.221599854,0,9,20,6,35,-0.731,0.017,-0.855,-0.327,1.174,1.54,1.062,1.666,16776.111,21996.516,23801.182,0.158,1.274,7.88,1.188,4.208137362,4.943526725,-0.735389363,-1.43,0.18,0.04,-0.01,0.0,-2.38,-0.65,-2.27,-4.091,3.86,0.658,-0.333,-1.628,-0.225,1.389,0.256,-0.56,-7.358,-1.248,-0.129,-1.109,1.131,6,1,0,0,1,1,0,0,1,0,0,1.326351638652023,1.3907006929694954,1.8630121337376337,1.4994235436543883,TP1,TP2,False,0.016992317505613967,0.1565700390280175,0.058572380937875125,0.7678652625284934
A042,0,0,0,0.946,1,50,0,-1,-1,-1,3,22,0,-4.407352,32,17,7,1,0,0.511694128,1,3,10,2,15,0.102,0.444,0.418,0.458,1.965,2.163,2.152,2.314,21088.277,23216.108,24841.633,-1.245,-0.583,3.392,4.05,4.559614381,4.477975082,0.081639299,-0.69,1.23,0.08,0.12,-0.01,-0.23,0.79,-1.02,-2.637,4.471,2.43,2.775,4.119,2.143,4.053,7.261,-2.101,-3.923,1.539,1.54,0.674,2.907,6,1,0,0,1,1,0,0,1,0,0,1.521269286602909,2.008365093576179,2.492619280567607,1.6356315657426288,TP1,TP2,False,7.833449656665121e-05,0.9998818577003897,8.783327147407516e-06,3.102447589622071e-05
A248,0,0,0,1.141,1,48,1,1,-1,-1,3,36,5,-3.77829,105,54,18,0,1,0.396386059,0,6,19,7,32,0.504,0.662,0.616,0.589,2.126,2.305,2.283,2.394,22823.283,24743.133,25694.975,-2.923,1.812,5.371,4.966,5.179385861,2.780366264,2.399019597,-0.81,-1.06,0.08,-0.24,-0.01,1.03,0.25,-0.37,1.313,4.466,3.175,3.344,3.149,2.487,2.58,-0.585,-0.541,-2.228,1.164,3.243,1.951,3.975,6,1,0,0,1,1,0,0,1,0,0,1.3026977317384476,0.5258600935435734,0.5602214022027,1.3540015985564282,TP2,TP2,True,0.0001576301916850095,0.9990305903310638,5.680164676616328e-05,0.0007549778304850866
A292,0,0,0,1.696,2,49,1,1,-1,-1,2,58,8,-3.6879086,29,17,18,0,0,0.250253873,0,1,6,0,7,-0.727,-0.769,-0.83,-0.687,1.565,1.472,1.593,2.103,16795.469,15804.31,22570.398,4.795,5.526,5.782,0.398,0.014029768,4.129527116,-4.115497348,-0.8,-0.02,0.0,-0.05,0.07,-2.87,-1.57,-2.53,-2.01,2.02,0.299,-0.419,-2.193,-0.777,-0.676,3.055,-3.328,-7.068,-3.955,-0.248,-3.042,-0.71,6,1,0,0,1,1,0,0,1,0,0,2.0810081403034597,1.976151693382529,3.5271413703543706,2.638746249282005,TP2,TP2,True,0.006386649154422814,0.13336928003342063,7.779911643396025e-06,0.8602362909005132
A354,0,0,0,3.298,3,48,1,1,-1,1,2,21,8,-3.767925,24,14,2,0,0,0.277264442,0,7,11,3,21,-0.709,-0.034,-0.797,-0.191,1.622,1.977,1.697,2.224,17411.053,21226.921,23874.241,4.09,5.86,6.236,1.419,3.324847782,5.420570177,-2.095722396,-0.86,0.73,0.07,0.01,0.05,-2.16,-1.4,-2.29,-4.635,2.87,0.645,0.184,-1.297,-0.326,1.731,4.694,-2.655,-7.279,-4.385,-0.117,-1.201,0.482,6,1,0,0,1,1,0,0,1,0,0,2.9032880674801715,2.9179610523623585,3.722444594917845,3.4364573856817495,TP1,TP2,False,0.032583019756044294,0.9545974907532282,4.878377746440925e-05,0.012770705713263135
A538,0,0,0,3.593,3,56,1,1,-1,1,2,36,8,-3.169434,33,16,26,0,0,0.307718769,0,9,10,5,24,0.382,0.003,-0.128,-0.059,1.988,1.952,2.0,2.192,21337.418,20949.634,23535.044,-2.063,6.857,5.365,3.563,3.175250914,5.43277705,-2.257526136,-0.34,-0.93,-0.01,-0.14,0.0,-0.81,-0.44,-0.49,-2.324,4.37,3.029,2.052,1.999,1.605,3.819,3.646,-0.938,-6.352,-0.257,2.18,0.588,1.446,6,1,0,0,1,1,0,0,1,0,0,2.232471309355158,2.1766737332407207,2.9727208170672936,2.724997210223962,TP2,TP2,True,0.0018870556332567588,0.993718217946555,0.00010262473934535165,0.0042921016808428825
A665,0,0,0,1.437,2,55,1,1,-1,-1,2,40,8,-4.2098955,60,37,10,0,0,0.244228168,0,6,6,0,12,0.351,0.55,-0.16,0.243,1.997,2.151,2.03,2.287,21439.745,23087.879,24551.66,4.138,8.511,6.32,3.55,4.146680517,5.744134728,-1.597454211,-1.24,-0.41,0.06,-0.14,0.01,-0.53,-0.18,-0.24,-0.739,4.58,3.317,1.983,1.381,1.623,1.672,3.301,-2.341,-4.952,-0.841,2.783,1.123,2.532,6,1,0,0,1,1,0,0,1,0,0,1.9239518491764114,2.0688981109601863,3.093283529272455,2.726130293897091,TP1,TP2,False,0.003208575258220679,0.9953270966164375,0.00021049487526075388,0.0012538332500811717
T188,1,1,0,0.0,0,76,1,1,1,-1,2,60,4,-3.804741411,272,127,47,1,0,0.456585263,0,11,32,17,60,-0.572,-0.121,-0.519,-0.497,1.358,1.589,1.454,1.674,19406.281,22698.272,23909.996,-2.165,0.184,8.893,2.431,3.627961172,4.008441251,-0.380480079,-0.61,-1.12,-0.03,-0.13,-0.01,-1.05,-0.52,-1.85,-2.754,4.046,1.256,0.981,0.37,0.592,0.934,0.664,-1.553,-6.049,-0.559,1.148,0.289,1.213,4,1,0,0,0,0,1,0,0,1,0,1.6451939166738252,1.5049500680107915,1.5200688445065493,1.6975203070921305,TP2,TP3,False,0.9371841442247308,0.0001309032761150737,0.03240221346953517,0.030282739029618876
T209,1,1,0,0.0,0,55,1,1,1,-1,3,60,5,-5.043132153,130,45,19,0,0,0.273259908,0,5,15,15,35,-0.76,-0.6,-0.887,-0.693,1.099,1.406,1.073,1.592,15705.013,20084.148,22747.69,1.89,1.915,10.439,1.061,2.575944427,4.372911687,-1.79696726,-0.41,-0.56,-0.02,-0.1,0.05,-3.54,-1.78,-2.2,-1.317,3.08,0.744,-0.269,-0.606,-0.115,0.699,-0.378,-3.93,-7.468,-1.616,-0.069,-2.423,0.282,7,1,0,0,1,1,1,1,0,0,0,0.8573941588770876,1.1907129582180107,2.011042078961818,1.618845543145343,TP1,TP1,True,0.8575130882499162,0.0047217635049468226,0.08110343137760077,0.05666171686753615
T217,0,1,0,1.004,1,61,1,1,1,-1,2,25,7,-3.651364875,177,74,67,1,0,0.292553961,0,9,17,6,32,0.277,-0.249,-0.098,-0.576,1.558,1.545,1.568,1.643,22261.026,22077.442,23472.801,3.884,6.85,9.492,3.377,3.483856926,4.852187651,-1.368330725,0.09,-1.97,-0.14,-0.12,-0.03,-0.91,-0.17,-1.29,1.893,5.626,2.007,1.88,1.232,1.417,3.399,1.643,-1.941,-3.86,0.218,2.812,1.383,2.589,7,1,0,0,1,1,1,1,0,0,0,0.5240840631249453,0.8673379169342219,1.3131247343920784,0.8018122853969176,TP1,TP1,True,0.939665449236335,0.0011315379205930666,0.05911155061353672,9.146222953528204e-05
T007,0,1,0,1.267,1,42,1,1,1,-1,2,32,6,-3.416467789,32,18,12,0,1,0.29658356,0,11,8,0,19,-0.112,-0.226,-0.244,-0.278,1.474,1.536,1.567,1.675,21065.667,21939.031,23934.9,-0.06,2.051,10.679,3.654,3.03529892,2.801547952,0.233750968,1.05,-1.31,-0.03,-0.17,0.02,-1.42,-1.04,-0.11,2.052,4.133,3.393,2.522,1.328,1.586,1.379,3.042,-1.938,-4.015,1.526,2.843,1.782,3.326,6,0,1,1,0,1,1,1,0,0,0,0.6103466721077797,0.42296104926401373,0.29648598524670344,1.174494779815699,TP3,TP1,False,0.9968027007250257,0.0009733308973845446,0.0021030800036585156,0.00012088837393119125
T011,0,1,0,0.876,1,53,1,1,1,1,3,72,8,-3.815198575,156,67,23,0,1,0.673919832,0,9,20,10,39,-0.132,0.122,0.213,0.113,1.469,1.58,1.619,1.715,20985.603,22569.513,24503.459,1.766,4.761,10.066,3.448,3.196345475,2.62264605,0.573699425,0.09,-0.09,0.01,-0.03,0.03,-0.91,-1.16,-0.67,-1.58,3.084,2.765,2.255,0.885,0.658,0.78,2.773,-2.313,-2.384,0.386,1.794,0.382,2.348,6,0,1,1,0,1,1,1,0,0,0,0.7816781876867952,0.15808699252767466,0.034621603563035674,0.7223558879878741,TP3,TP1,False,0.9721908990827145,0.005678334234316291,0.010179864795592585,0.011950901887376544
T013,1,1,0,0.0,0,33,1,1,-1,-1,3,25,4,-3.443998842,119,72,52,0,1,0.561616797,0,12,20,6,38,0.498,0.636,0.347,0.574,1.587,1.716,1.654,1.781,22666.825,24517.729,25445.453,-3.65,1.083,5.405,4.974,5.54381237,3.611830309,1.931982061,-1.03,-0.62,0.1,-0.15,-0.06,0.34,0.67,0.15,0.108,4.02,3.675,3.288,2.409,2.123,2.317,-0.781,0.7,-2.773,2.058,2.467,1.402,3.315,6,1,0,0,1,1,0,0,1,0,0,0.48864110822597695,-0.4875713007578339,-0.44136210642579254,0.29618466735334553,TP2,TP2,True,0.013242964766331444,0.9847707780604583,0.0005249907777527351,0.0014612663954574826
T014,1,1,0,0.0,0,40,1,1,1,-1,3,38,8,-3.209449851,255,109,29,0,1,0.276010595,0,5,17,1,23,0.668,0.482,0.788,0.373,1.618,1.599,1.763,1.702,23112.899,22843.518,24313.552,0.241,4.689,10.732,5.176,3.812038235,3.768022362,0.044015873,0.84,-1.22,-0.06,-0.1,-0.02,0.85,0.42,0.82,1.867,5.105,4.392,4.054,2.836,2.784,2.728,3.233,-0.134,-1.92,1.908,3.768,2.679,3.919,6,0,1,1,0,1,1,1,0,0,0,0.6192732136173547,0.6120651051755217,0.5382976428727967,0.9204983876485937,TP3,TP1,False,0.9961346802006035,0.0022804063410170818,0.0015750999164795868,9.813541899671377e-06
T020,0,1,0,0.581,1,34,1,1,1,-1,3,16,8,-3.654611307,34,14,26,0,1,0.228384329,0,5,8,1,14,0.3,0.437,0.343,0.452,1.482,1.587,1.58,1.713,21173.444,22672.949,24474.589,3.764,5.265,10.946,3.89,4.005166088,4.342702373,-0.337536285,-0.28,-0.07,0.01,-0.03,0.02,-0.34,-0.7,-0.19,-0.738,4.631,3.306,2.707,0.476,1.67,2.351,3.5,-1.166,-4.108,0.481,2.642,1.427,2.837,6,0,1,1,0,1,1,1,0,0,0,0.431648662457186,0.8508297224318027,0.7317564593083856,0.8615686325959175,TP1,TP1,True,0.9992350873725073,0.0005576604669937586,0.00020690851900689292,3.436414921099875e-07
T023,0,0,0,2.474,2,39,1,1,-1,1,2,22,8,-3.423771577,39,23,16,1,0,0.123287647,0,1,4,0,5,0.28,-0.499,0.548,0.058,1.523,1.43,1.657,1.663,21761.374,20430.232,23757.017,4.431,5.826,7.017,4.758,3.088205158,4.386446424,-1.298241266,0.79,-0.38,-0.11,0.04,0.03,-0.29,-0.1,0.97,0.636,5.281,4.549,3.367,2.7,2.603,3.115,4.437,-1.981,-1.977,0.894,4.039,2.534,4.394,6,1,0,0,1,1,0,0,1,0,0,2.299118687523804,2.6156488786324648,3.11540082497634,3.078895010973856,TP1,TP2,False,0.0053190643112811745,0.9946085562043365,6.404807490551207e-05,8.331409476749817e-06
T026,0,0,0,1.57,2,32,0,1,-1,-1,3,21,3,-3.078157618,136,68,48,0,1,0.575103885,0,11,18,14,43,0.682,0.494,0.823,0.207,1.676,1.652,1.865,1.737,23941.468,23597.21,24817.969,-4.027,0.423,4.807,5.9,4.074983659,3.299690113,0.775293546,1.03,-2.07,-0.08,-0.19,-0.04,1.16,1.44,1.25,4.09,5.376,4.832,4.888,1.574,3.204,2.345,-2.555,0.069,-0.944,1.781,3.777,2.484,3.105,6,1,0,0,1,1,0,0,1,0,0,1.5814562593135124,0.0055068865785381504,0.21259383488019679,1.2660313330754969,TP2,TP2,True,0.014386603692229504,0.8696943974051019,0.0012462019203688041,0.11467279698229967
T044,0,0,1,3.514,3,40,1,1,-1,1,3,21,8,-3.236877075,54,29,9,0,0,0.273570635,0,6,8,6,20,-0.181,0.657,0.14,0.515,1.417,1.72,1.581,1.751,20246.024,24571.873,25018.31,4.463,6.497,6.704,4.456,5.415150247,4.379907628,1.035242619,-0.45,-1.04,0.05,-0.24,0.03,-0.52,-0.61,-0.03,1.587,4.554,3.478,3.106,1.252,2.249,1.704,2.335,-1.152,-1.414,2.041,2.891,1.865,2.61,6,1,0,0,1,1,0,0,1,0,0,2.2709138530280586,1.8009192659320685,2.5426234520995328,3.1565084857878682,TP2,TP2,True,0.13426842769201694,0.8656866368141626,2.434056470658375e-05,2.059492911383131e-05
T049,1,1,0,0.0,0,37,1,1,1,1,3,29,7,-3.18808775,64,28,7,1,1,0.462051229,0,15,16,15,46,0.684,0.017,0.684,0.224,1.612,1.509,1.718,1.683,23035.877,21562.897,24047.755,4.812,4.346,8.651,4.91,3.189678314,4.335710051,-1.146031736,0.62,-0.82,-0.07,-0.06,0.01,0.36,0.06,1.27,2.023,5.733,4.86,3.736,1.47,2.963,2.889,4.605,-0.529,-0.067,1.935,4.12,2.798,4.09,6,0,1,1,0,1,1,1,0,0,0,1.1761292738735567,1.0907656097171148,0.9190908932923973,1.4088340112447872,TP3,TP1,False,0.9916344535688607,0.005796943898310508,0.0025477197582229978,2.0882774605812704e-05
T051,0,0,0,1.595,2,46,1,1,-1,-1,2,42,8,-3.75737406,45,24,4,1,0,0.194015316,0,2,3,0,5,-0.736,-0.376,-0.719,0.17,1.229,1.465,1.32,1.677,17563.095,20925.487,23959.452,6.556,6.216,6.251,1.652,3.088085302,3.961441325,-0.873356023,-0.69,1.52,0.06,0.12,0.08,-2.57,-1.34,-2.04,-2.281,2.9,0.955,0.902,1.103,0.324,1.433,4.57,-1.966,-5.572,-0.917,0.315,-1.411,1.39,6,1,0,0,1,1,0,0,1,0,0,1.9828780627569953,2.6209200968293414,2.6215613451959454,2.6060350868639093,TP1,TP2,False,0.013244181137674848,0.9849613530277148,0.0010672076552266346,0.0007272581793836944
T068,0,0,1,3.591,3,61,1,1,-1,1,2,87,8,-3.475645473,66,33,75,0,0,0.278236334,0,4,17,8,29,-0.332,-0.524,-0.369,-0.372,1.45,1.479,1.556,1.672,20720.77,21126.801,23888.844,1.943,7.191,5.537,3.695,2.151121853,4.910557469,-2.759435616,0.2,-0.8,-0.03,-0.12,0.05,-1.49,-0.91,-0.82,0.978,3.886,2.597,2.317,1.617,1.178,-0.076,4.52,-1.849,-4.691,0.474,2.278,0.748,1.898,6,1,0,0,1,1,0,0,1,0,0,3.4050033742543095,2.8684738929585567,3.4386885733694803,4.173795036670844,TP2,TP2,True,0.058848396732867944,0.8342554509682679,0.003173769323356429,0.1037223829755077
T074,0,0,0,1.45,2,50,1,1,-1,1,2,29,8,-3.138374512,38,20,0,0,1,0.288475082,0,5,8,0,13,0.592,0.283,0.617,0.248,1.612,1.562,1.703,1.699,23037.222,22312.44,24266.731,-1.699,3.181,6.601,4.265,3.045476429,3.650857028,-0.6053806,1.16,-1.44,-0.06,-0.16,0.0,-0.33,-0.12,0.25,3.85,5.716,3.782,3.443,2.181,2.202,1.818,5.852,-1.241,-2.788,1.74,4.209,2.675,4.516,6,0,1,1,0,1,0,0,1,0,0,2.473198213001263,1.644151568264962,2.128740495067335,2.7377783331713506,TP2,TP2,True,0.15513018966542164,0.8420735505385177,0.001538483819340805,0.001257775976719846
T094,1,1,0,0.0,0,35,1,-1,-1,1,3,28,0,-3.091812451,129,55,17,0,1,0.594443768,1,23,32,32,87,0.578,0.456,0.78,0.466,1.652,1.636,1.816,1.741,23608.494,23377.234,24878.232,-1.252,-0.184,4.713,5.922,4.314590284,3.654546006,0.660044279,-0.06,-1.62,-0.06,-0.18,-0.01,1.25,0.6,1.45,3.118,5.47,5.04,4.578,3.702,3.484,3.221,1.596,0.257,-0.899,2.243,4.318,2.915,4.133,6,1,0,0,1,1,0,0,1,0,0,1.001762256482495,-0.2714918785326179,-0.7638040867298684,0.5602450776362605,TP3,TP2,False,0.013325894025114837,0.9790980853892527,0.00019975746231005447,0.007376263123322439
T095,1,1,0,0.0,0,53,0,-1,1,-1,2,41,0,-3.762390431,38,25,24,0,1,0.418327168,1,7,14,0,21,-0.159,-0.607,-0.414,-0.352,1.472,1.427,1.499,1.666,21027.565,20386.54,23799.557,-1.116,0.631,10.636,3.685,2.543730855,4.349199898,-1.805469043,-0.09,0.48,-0.05,0.11,0.04,-1.66,-1.39,-1.12,2.246,4.545,2.21,2.032,1.418,1.301,1.782,4.141,-0.267,-5.478,0.609,2.909,0.243,2.598,6,0,1,1,0,1,1,1,0,0,0,1.8725136791508046,1.7325197406566675,1.1753030700818474,1.3229606644084952,TP3,TP1,False,0.9528330990544339,0.0005423182953436038,0.006981941961249206,0.03964264068897325
T096,0,0,1,3.869,3,59,0,1,-1,1,2,32,8,-3.884957079,56,30,11,1,0,0.331634307,0,5,9,0,14,-0.702,-0.74,-0.793,-0.468,1.184,1.23,1.223,1.585,16917.791,17566.221,22649.065,1.452,7.585,6.514,2.91,2.341067143,5.134108009,-2.793040866,-0.97,0.45,-0.02,0.05,0.05,-2.72,-1.27,-1.85,-2.017,3.601,1.244,1.589,1.682,1.607,1.335,2.468,-2.204,-4.694,-0.776,0.782,0.711,0.827,6,1,0,0,1,1,0,0,1,0,0,3.8449523822202045,3.7974452042869404,4.133396080389492,3.885711406144951,TP2,TP2,True,0.002336638293010475,0.9966700583295944,0.0002864873970477374,0.000706815980347416
T105,0,1,0,1.028,1,43,1,1,1,-1,3,67,8,-4.456461795,61,25,32,0,1,0.446871315,0,7,19,10,36,-0.67,0.242,-0.783,0.078,1.29,1.548,1.326,1.692,18429.175,22115.8,24168.509,4.584,4.31,10.682,2.051,3.910157229,4.338418528,-0.428261299,-1.08,1.51,0.09,0.1,0.06,-1.89,-0.96,-2.08,-1.342,2.527,0.936,0.411,0.151,0.352,0.416,3.242,-3.691,-7.373,-1.607,0.453,-2.135,1.236,6,0,1,1,0,1,1,1,0,0,0,0.39295480271303185,0.909144540076253,0.46169378699703867,0.6594621094702791,TP1,TP1,True,0.9981959818051628,0.0008446803885491519,0.0009228773808274797,3.6460425460571254e-05
T109,0,0,1,4.116,3,39,1,1,-1,1,2,52,8,-3.938419585,20,6,12,0,0,0.171785156,0,6,11,1,18,-0.4,-0.609,-0.752,-0.089,1.329,1.343,1.264,1.633,18988.548,19190.019,23336.762,5.024,5.2,6.212,0.888,1.617194226,5.276391557,-3.659197331,-0.49,-0.61,-0.02,-0.08,0.02,-2.18,-1.63,-2.87,-4.656,2.932,-0.621,-0.658,-1.379,-0.115,1.652,3.177,-1.712,-7.459,-3.004,-0.571,-1.006,1.93,6,1,0,0,1,1,0,0,1,0,0,3.5300000714307482,3.238327655015225,3.4524092069725536,3.695981754067976,TP2,TP2,True,0.07225629786444437,0.9276094413811942,9.8549206888377e-05,3.571154747318192e-05
T115,0,0,1,3.68,3,56,1,1,1,1,3,67,4,-3.538093044,80,40,34,0,1,0.56282259,0,9,27,10,46,0.057,0.379,0.576,0.456,1.49,1.584,1.67,1.72,21287.065,22636.097,24568.106,-2.896,1.003,9.605,4.084,3.736689503,3.826589622,-0.089900118,-0.67,-1.12,-0.04,-0.12,-0.01,0.35,0.02,-0.31,0.974,4.748,3.171,2.678,3.303,1.835,2.078,2.558,-0.204,-1.678,0.521,2.601,0.479,1.897,6,0,1,1,0,1,1,1,0,0,0,0.9113443043411638,0.22751444242564456,0.06669519414492509,0.9289364549853095,TP3,TP1,False,0.9819444778138756,0.001236143625930693,0.015099429077389454,0.0017199494828041785
T123,0,0,0,1.98,2,53,1,-1,-1,1,3,38,0,-3.687677016,66,39,7,0,1,0.399701943,0,11,27,13,51,0.537,0.649,0.653,0.614,1.595,1.72,1.76,1.787,22786.569,24568.563,25533.836,-2.598,-1.337,5.984,5.792,5.486162713,3.506004305,1.980158408,-1.14,-1.01,0.04,-0.16,-0.04,0.89,0.84,0.47,0.638,5.069,4.012,4.416,4.217,2.952,2.96,-0.576,-0.654,-0.661,1.399,3.459,2.493,3.414,7,1,0,0,1,1,0,0,1,0,0,1.8018834962889185,0.6944454557019871,0.7099752325401943,1.3706103630743693,TP2,TP2,True,0.006038823440153541,0.9847027406194753,0.001790158620645866,0.007468277319725267
T130,0,0,0,1.623,2,68,1,-1,-1,1,3,38,0,-3.908259694,120,56,13,0,1,0.767966371,0,9,31,19,59,-0.508,0.447,-0.557,0.35,1.395,1.629,1.462,1.755,19925.296,23276.67,25077.301,0.677,-0.088,6.637,2.748,4.017439082,3.227968747,0.789470334,-1.23,0.45,0.06,0.02,0.01,-1.19,-1.35,-0.88,-2.902,3.903,2.533,1.093,0.475,0.848,2.184,0.656,-1.566,-4.261,-0.499,1.044,-0.47,1.369,7,1,0,0,1,1,0,0,1,0,0,1.3742463624688277,0.6246376284899295,0.07053082027603585,0.639448692386126,TP3,TP2,False,0.02143261743469953,0.67204435305479,0.002185539571224906,0.30433748993928555
T141,0,0,0,1.799,2,39,1,1,-1,-1,3,28,7,-3.698183794,33,19,6,0,0,0.140257026,0,3,7,0,10,0.543,-0.247,0.481,0.168,1.581,1.48,1.636,1.689,22586.773,21148.142,24129.073,4.852,5.416,5.669,4.019,3.356033513,5.194587603,-1.83855409,-1.05,-0.36,-0.13,0.1,0.0,0.4,-0.11,0.16,-0.5,5.853,3.689,2.941,2.529,1.718,3.942,5.878,-0.255,-2.654,0.733,3.277,0.876,2.298,6,1,0,0,1,1,0,0,1,0,0,2.1313796070783457,2.6487331766759263,2.7660979668695287,2.3990789594403847,TP1,TP2,False,0.05196393205658003,0.9439014886207044,0.004041903001273075,9.267632144248781e-05
T147,0,0,0,2.16,2,57,1,1,1,1,2,42,8,-4.106166509,97,50,34,1,1,0.1670071,0,3,12,4,19,-0.334,0.637,-0.403,0.446,1.418,1.661,1.466,1.752,20263.037,23736.247,25024.43,3.343,6.221,8.809,1.483,4.407129739,4.380205015,0.026924724,-1.46,0.03,0.02,-0.02,0.02,-1.26,-0.76,-2.28,-1.635,4.484,0.585,0.749,1.914,1.062,2.741,4.311,0.753,-5.71,-1.733,0.921,-1.039,1.974,7,0,1,1,0,1,1,1,0,0,0,1.7985452000638724,2.2019994676842374,2.22857981592703,2.4607618537050713,TP1,TP1,True,0.9765591251258272,0.0007657209179959098,0.02266164256854806,1.3511387628852266e-05
T156,0,0,1,3.65,3,67,1,1,-1,1,3,26,8,-3.668713315,61,25,7,0,0,0.200708946,0,4,9,0,13,-0.442,0.173,-0.779,0.01,1.33,1.505,1.34,1.656,19001.47,21502.316,23662.101,6.481,8.542,7.257,2.866,3.650047516,6.103642328,-2.453594812,-1.23,-0.71,-0.01,-0.12,0.03,-1.39,-1.2,-0.83,-2.976,4.447,2.549,1.355,-0.014,1.283,0.213,4.036,-0.955,-6.388,-0.979,1.502,0.331,1.954,4,1,0,0,0,0,0,0,0,0,1,2.6012750976775796,2.945182395184001,3.4158962136567235,3.3702071568550127,TP1,TP4,False,0.04622042165448355,0.9536250997004441,0.00014571950999450783,8.759135077777836e-06
T166,0,0,0,1.842,2,48,1,-1,-1,-1,2,8,0,-4.791863101,33,21,9,1,0,0.150263936,0,6,5,0,11,-0.2,-0.756,-0.176,-0.395,1.456,1.274,1.542,1.622,20795.105,18196.724,23177.595,1.452,0.997,6.508,3.68,1.318846092,4.673650502,-3.35480441,-0.24,-0.18,-0.15,0.09,0.06,-1.45,-0.99,-0.87,0.807,5.073,2.527,2.016,2.889,1.732,3.244,4.179,-0.782,-4.7,-0.697,2.253,-0.08,1.433,4,1,0,0,0,0,0,0,0,0,1,1.5549396748577577,2.4237864655911325,2.199216607382224,1.9686342618550587,TP1,TP4,False,0.005897041252527991,0.8094065960639694,0.05662797320496242,0.1280683894785403
T178,0,0,1,3.523,3,56,1,1,-1,1,2,37,8,-4.184481122,35,23,32,1,0,0.138126248,0,5,6,2,13,-0.71,-0.468,-0.835,-0.233,1.211,1.468,1.255,1.694,17296.09,20978.724,24205.053,5.445,7.049,5.432,0.631,3.128013692,5.168895818,-2.040882126,-1.68,1.1,0.06,0.06,0.08,-2.27,-1.3,-2.36,-2.867,1.832,0.318,-0.276,-1.33,-0.179,0.006,5.042,-3.053,-6.368,-2.794,-0.105,-1.694,1.312,6,1,0,0,1,1,0,0,1,0,0,3.4552784371885754,3.8594206219238365,4.083291935757066,4.046736622526201,TP1,TP2,False,0.026497094746539232,0.9621347172622281,0.006218343970261275,0.005149844020971363
T180,1,1,0,0.0,0,52,1,-1,1,-1,3,60,0,-3.814936019,128,71,28,1,1,0.337990659,0,8,24,2,34,0.594,0.633,0.527,0.517,1.616,1.696,1.69,1.753,23089.803,24230.711,25049.47,0.247,-0.664,10.954,4.974,5.227968967,4.604267306,0.623701661,-1.28,-0.94,0.01,-0.12,-0.03,1.04,1.06,1.14,1.3,5.86,4.72,3.649,0.825,2.782,2.73,0.92,-1.171,-2.269,1.841,3.743,2.006,3.196,7,0,1,1,0,1,1,1,0,0,0,1.1594470801409074,1.4943508718145138,1.118225034649418,1.2475153929197411,TP3,TP1,False,0.9821826812435814,0.0014615879059939533,0.01620719707316578,0.00014853377725889083
T183,0,0,0,3.093,2,58,1,1,-1,1,3,59,8,-3.944314469,361,155,62,0,0,0.311916754,1,8,24,11,43,-0.686,0.065,-0.798,-0.486,1.144,1.62,1.066,1.689,16346.261,23149.843,24133.836,-1.417,7.011,6.592,-0.283,3.029618327,4.382125851,-1.352507523,-0.76,-0.53,0.02,-0.13,0.05,-3.55,-2.07,-3.21,-5.882,1.792,-1.697,-2.773,-1.488,-1.447,-0.037,-1.146,-3.648,-7.564,-5.692,-1.957,-3.832,-1.889,6,1,0,0,1,1,0,0,1,0,0,3.350294083815296,2.690155887831402,2.5068231390279463,3.3419773548683387,TP3,TP2,False,0.009450237558934593,0.9638651082521709,0.0007162349701390268,0.025968419218755555
T198,1,1,0,0.0,0,63,1,-1,-1,1,3,8,0,-3.412114954,174,80,76,0,1,0.690270867,0,8,20,8,36,0.409,0.185,0.343,-0.374,1.604,1.619,1.714,1.704,22917.31,23127.291,24341.382,-4.266,0.127,4.583,4.244,3.714560439,4.01301383,-0.298453391,-0.08,-1.42,-0.05,-0.14,-0.03,0.51,1.16,-0.78,1.083,5.587,2.61,2.925,3.486,2.441,2.717,-0.051,0.073,-2.753,0.38,2.684,1.783,1.261,4,1,0,0,0,0,0,0,0,0,1,1.3803631533104506,0.4845032489091898,0.4525528199000356,0.8722446809960254,TP3,TP4,False,0.024173013850966638,0.768383654688269,0.0029444379491271487,0.2044988935116374
T208,1,1,0,0.0,0,53,1,1,-1,-1,3,45,4,-4.506024837,158,69,40,0,1,0.527670676,1,18,27,25,70,0.077,0.415,-0.181,0.131,1.503,1.664,1.533,1.742,21474.115,23769.645,24884.84,-2.607,1.929,5.998,3.142,4.898400311,4.71739267,0.181007641,-1.47,0.02,0.09,-0.03,-0.06,0.47,0.51,-1.56,-0.791,5.082,1.609,2.127,1.802,1.622,2.273,-0.775,-0.482,-3.697,0.454,1.877,1.049,1.747,7,0,1,1,0,1,0,0,1,0,0,0.7013892723633925,-0.18616231449741985,-0.5173267966875583,0.3036861961882824,TP3,TP2,False,0.03225525333333156,0.861303545382168,0.10297187361851096,0.0034693276659895265
T216,0,0,1,3.706,3,50,1,1,-1,1,3,108,8,-3.66600874,340,134,111,0,1,0.376794378,0,5,3,5,13,0.359,-0.68,-0.153,-0.682,1.57,1.395,1.572,1.609,22424.983,19930.444,22993.451,6.222,4.476,4.641,3.338,2.017332247,4.401735057,-2.38440281,0.16,-1.43,-0.11,-0.08,-0.02,-1.02,-0.24,-1.16,1.195,5.188,2.178,1.267,-0.064,1.312,0.808,1.392,-1.973,-5.25,-0.19,2.636,1.257,1.323,6,1,0,0,1,1,0,0,1,0,0,3.249291646361027,2.8924080911887065,3.5722541697744092,3.4570532893740533,TP2,TP2,True,0.01875818875704062,0.8910262544920426,0.0003709450087914145,0.08984461174212538
A010,1,0,0,0.0,0,42,1,1,-1,-1,3,22,8,-4.2699236,136,64,38,1,1,0.291685107,0,8,14,8,30,0.225,0.171,0.481,-0.197,2.001,2.047,2.192,2.256,21483.666,21976.766,24218.342,4.223,5.166,5.367,3.912,3.913295771,4.082472133,-0.169176363,-0.45,-0.24,0.04,-0.06,0.0,0.55,-0.08,-0.59,-0.419,4.274,2.913,2.702,2.913,1.724,2.535,3.853,-1.428,-3.286,0.551,2.683,1.194,4.097,6,1,0,0,1,1,0,0,1,0,0,1.7606823724022957,1.9475834079536447,2.163610980719533,1.6505969763878312,TP4,TP2,False,0.00025084574224276636,0.9961965467516966,0.0023754381308687604,0.0011771693751919414
A012,0,0,0,1.185,1,48,1,1,-1,-1,3,56,8,-3.594931,132,69,19,0,0,0.352518589,0,13,29,12,54,0.638,0.562,0.712,0.444,2.207,2.222,2.414,2.34,23693.915,23851.88,25119.744,3.949,5.457,5.02,6.064,4.46376819,4.559770293,-0.096002103,-0.1,-2.02,0.03,-0.31,-0.02,1.65,1.16,1.18,2.174,4.939,4.838,4.828,3.694,3.472,2.594,0.941,-0.391,-1.044,2.836,4.216,3.131,4.411,6,1,0,0,1,1,0,0,1,0,0,2.123148493849695,1.3226862963570247,1.974157827918984,2.4562463843956954,TP2,TP2,True,0.0005296419604149473,0.9992365429688388,0.00010076150186576629,0.00013305356888054155
A017,0,0,0,1.625,2,57,1,1,-1,-1,3,26,8,-4.859264,116,65,47,0,1,0.338163615,0,9,15,5,29,-0.415,0.187,-0.392,-0.117,1.821,2.035,1.957,2.23,19545.062,21842.44,23940.294,3.885,7.253,5.896,2.105,3.664123247,4.430635574,-0.766512327,-0.59,0.35,0.08,-0.03,0.0,-0.29,-0.65,-1.84,-1.639,3.381,1.361,1.106,1.443,1.05,2.024,4.886,-0.092,-4.456,-0.546,0.819,0.076,2.591,6,1,0,0,1,1,0,0,1,0,0,1.7548079943388535,2.0054017179622265,2.119992674852332,1.6140621703058016,TP4,TP2,False,0.002337395004085021,0.9886256658674398,0.0078059253670491905,0.0012310137614260218
A149,0,0,0,3.128,2,50,1,1,-1,1,2,44,8,-3.658615,87,41,8,1,0,0.301982012,0,3,6,0,9,-0.36,-0.68,-0.343,-0.437,1.857,1.676,1.991,2.158,19934.927,17995.343,23163.217,3.459,6.832,6.902,2.941,1.21228227,4.427390079,-3.215107809,-0.32,0.82,-0.02,0.11,0.05,-1.31,-0.88,-0.79,-0.324,4.17,2.711,1.814,1.802,1.177,2.951,5.097,-1.109,-4.129,-0.338,2.071,0.737,1.16,6,1,0,0,1,1,0,0,1,0,0,3.429974664949448,3.309667562778736,3.6999047915018166,3.3934392120471975,TP2,TP2,True,0.0020679678631078747,0.9551194598625324,0.0005396991835959692,0.042272873090763684
A253,0,0,0,1.788,2,49,1,1,-1,1,2,25,7,-3.929318,19,12,10,0,0,0.373339895,0,9,6,2,17,0.614,-0.446,0.783,-0.357,2.234,1.895,2.397,2.213,23976.471,20346.268,23755.721,1.319,2.981,5.147,6.286,3.048211354,4.567470736,-1.519259382,0.92,-1.53,-0.09,-0.13,0.0,1.42,0.48,1.92,3.459,6.291,5.598,4.777,3.301,3.636,3.339,4.343,0.2,-3.541,2.343,5.024,2.988,3.72,6,1,0,0,1,1,0,0,1,0,0,2.654648865566502,2.17952335694727,2.9935672894023297,3.1545115460738877,TP2,TP2,True,0.0009497164431700037,0.9968755854158737,0.00015164340721903426,0.0020230547337371824
A280,0,0,0,3.366,3,46,1,1,-1,1,2,56,8,-3.8205074,113,60,24,0,0,0.140250641,0,4,4,1,9,-0.629,-0.069,-0.671,-0.221,1.794,1.997,1.889,2.241,19255.948,21433.542,24054.313,6.312,6.82,6.869,2.746,2.985221288,5.090291771,-2.105070484,-1.08,0.89,0.09,-0.02,0.08,-1.87,-1.37,-0.9,-0.756,3.746,2.577,1.439,1.206,0.636,2.038,4.778,-3.53,-5.222,-1.159,1.622,-0.403,1.815,6,1,0,0,1,1,0,0,1,0,0,3.0318297258894553,3.0706138523344992,3.603693314958101,3.2301078751050696,TP1,TP2,False,0.005805550227034098,0.9924788154819991,2.738330728577614e-05,0.0016882509836809178
A419,0,0,0,2.645,2,52,0,1,-1,1,2,30,8,-4.3875174,64,37,17,0,0,0.238990012,0,4,7,3,14,-0.117,-0.377,0.22,-0.572,1.951,1.97,2.108,2.208,20947.222,21147.059,23703.517,2.211,5.662,4.522,3.584,2.637564074,4.496545044,-1.85898097,0.18,0.5,0.03,0.03,0.04,-1.33,-1.09,-0.48,0.271,4.062,3.054,2.05,0.338,1.313,1.734,3.348,-2.175,-6.913,-0.022,2.789,0.445,2.166,6,1,0,0,1,1,0,0,1,0,0,3.6508051779378703,2.7882297000436562,3.5556367924288605,3.365801068250145,TP2,TP2,True,0.0003911515899351998,0.8534104519381721,0.0001788990565543624,0.1460194974153384
A524,0,0,0,3.233,2,49,1,1,-1,1,2,51,8,-4.3377627,84,45,19,1,0,0.191741168,1,4,6,0,10,0.213,-0.405,0.192,-0.257,1.983,1.887,2.058,2.211,21288.127,20257.141,23729.78,-0.761,4.883,6.145,3.361,2.322623341,5.247790404,-2.925167063,0.1,-0.42,-0.12,0.06,0.01,-1.08,-0.54,-0.84,-2.077,4.682,2.639,2.168,1.623,1.515,4.074,3.97,0.042,-4.97,-0.721,2.374,0.245,2.626,6,1,0,0,1,1,0,0,1,0,0,3.332627524516431,3.1469482453176165,3.636961011714213,3.424434795991233,TP2,TP2,True,0.00029294159659944656,0.9976608755959744,0.0009909494326743637,0.0010552333747517262
A581,0,0,0,1.916,2,53,1,-1,-1,-1,2,34,0,-4.5693983,46,27,10,0,0,0.150315527,0,1,3,0,4,-0.218,-0.112,0.162,0.238,1.909,1.929,2.039,2.252,20488.409,20707.619,24176.202,0.597,0.316,5.21,3.49,3.517262332,4.713586168,-1.196323837,-1.24,0.86,0.04,0.06,0.03,-0.69,-0.45,-0.94,1.263,5.507,2.528,2.101,3.831,1.653,4.058,1.215,0.435,-4.894,-0.196,2.518,0.446,2.915,6,1,0,0,1,1,0,0,1,0,0,1.0818265402755587,0.9677104021354749,1.3827509844368842,0.9196157730138365,TP4,TP2,False,0.00010872771337391614,0.9706003502314441,0.0008539694714934165,0.028436952583688647
T190,1,1,0,0.0,0,55,1,-1,1,-1,2,24,2,-3.103020701,553,226,160,0,1,0.254328117,0,8,15,7,30,0.425,-0.272,0.531,-0.517,1.638,1.558,1.757,1.674,23394.972,22256.71,23923.193,-0.209,1.305,10.191,5.215,3.1625986,4.797027108,-1.634428508,0.67,-2.76,-0.21,-0.17,-0.03,-0.14,0.25,1.04,2.264,6.559,4.619,3.332,3.256,3.061,3.556,1.365,-0.469,-2.0,1.645,4.115,2.795,1.226,4,1,0,0,0,0,1,0,0,1,0,-0.1016546758727217,0.5942269927763538,0.09632873595221778,0.4141351243763711,TP1,TP3,False,0.9953490882853716,0.00011915439590054067,0.0032687400376612227,0.0012630172810666656
T197,0,0,0,1.543,2,62,1,1,1,-1,3,21,8,-4.506213774,103,36,17,1,0,0.168124561,0,2,4,0,6,-0.618,-0.592,-0.693,-0.672,1.227,1.445,1.193,1.612,17528.606,20637.722,23023.688,2.255,5.755,10.175,0.122,2.010624551,3.720853853,-1.710229302,0.01,-0.91,-0.06,-0.1,0.03,-3.08,-1.45,-3.33,-3.407,2.745,-2.761,-2.068,-2.075,-1.291,0.601,-2.698,-2.79,-5.148,-3.365,-1.98,-2.299,-1.321,7,1,0,0,1,1,1,1,0,0,0,1.6311538508297307,1.6331249784339945,1.807076729113754,2.2422695334021636,TP1,TP1,True,0.367901911658386,0.00632679974266334,0.6226128633974329,0.003158425201517813
T204,1,1,0,0.0,0,55,1,-1,1,-1,2,20,0,-3.924618631,559,228,130,0,0,0.511475517,0,5,17,2,24,-0.575,-0.025,-0.647,-0.282,1.293,1.568,1.387,1.682,18472.227,22401.564,24024.598,-2.2,4.629,10.484,1.847,2.963166789,4.910284202,-1.947117413,-0.84,-1.02,-0.04,-0.16,0.04,-2.27,-1.47,-2.24,-2.283,3.807,0.673,0.338,0.03,0.259,1.506,1.012,-3.613,-7.414,-1.234,0.951,-0.729,-0.038,7,1,0,0,1,1,1,1,0,0,0,0.7020093927484892,1.4510851225918167,0.802779798774565,0.9467030054313258,TP1,TP1,True,0.9974985678034611,0.0003625454180011779,0.0002222071336170959,0.0019166796449205385
T206,0,1,0,1.331,1,55,1,1,1,-1,3,36,8,-4.640040532,125,50,9,0,1,0.276452734,0,4,23,15,42,-0.556,-0.388,-0.594,-0.566,1.332,1.501,1.34,1.63,19027.834,21447.797,23283.873,4.136,5.235,9.221,2.154,4.174804083,5.018694901,-0.843890818,-0.54,0.06,-0.06,0.09,0.0,-1.74,-0.37,-1.91,-2.553,5.178,1.168,0.69,1.001,1.017,3.066,4.663,-1.07,-5.223,-2.724,1.193,-0.807,2.359,4,1,0,0,0,0,1,0,0,1,0,0.61963611488272,1.627748746881831,0.9205289332195663,0.804002659207605,TP1,TP3,False,0.9309842118716452,0.002441865769777746,0.06656851755584695,5.4048027300501925e-06
T215,1,1,0,0.0,0,33,1,-1,1,-1,3,29,0,-3.501901475,196,86,87,0,0,0.581378073,0,22,37,23,82,0.009,0.161,-0.11,-0.462,1.517,1.641,1.577,1.691,21675.333,23451.147,24159.382,0.424,1.154,8.789,3.132,4.180658851,3.634218203,0.546440648,-0.62,-0.9,0.0,-0.08,-0.04,-0.16,0.55,-0.93,0.068,4.619,2.441,2.071,0.271,1.45,1.748,-1.402,-1.679,-2.223,0.424,2.102,1.492,1.648,7,1,0,0,1,1,1,1,0,0,0,0.3935041875566969,-0.3689631199880251,-1.263093797345299,0.0838374111346768,TP3,TP1,False,0.9962032670671099,0.000799891172612165,0.0014896165356489053,0.001507225224629056
T008,0,0,0,1.948,2,50,1,-1,-1,1,3,57,0,-3.393743652,26,16,1,0,0,0.212748889,0,8,9,0,17,0.616,-0.526,0.716,-0.348,1.649,1.438,1.789,1.664,23555.94,20539.03,23769.117,-0.14,1.893,4.9,5.98,2.048620529,3.966042495,-1.917421966,1.7,-0.27,-0.07,0.06,-0.02,0.71,0.11,1.65,2.506,5.458,5.257,4.783,4.378,3.294,2.645,2.824,-1.76,-0.969,2.905,4.479,2.841,4.554,6,1,0,0,1,1,0,0,1,0,0,1.0888052158400157,1.123836609450543,1.3814857502246694,1.7188944786104072,TP1,TP2,False,0.0005719251781950083,0.9921045839198148,1.931550538042789e-05,0.007304175396609681
T015,0,0,0,1.508,2,57,1,-1,-1,-1,3,33,0,-3.056353674,176,91,42,0,1,0.550599701,0,3,14,0,17,0.805,-0.321,0.841,-0.123,1.738,1.485,1.865,1.682,24835.863,21212.68,24028.108,-1.752,0.691,5.071,6.365,3.208775398,3.835892013,-0.627116616,1.17,-1.52,-0.14,0.0,-0.1,1.66,1.09,1.49,2.929,6.408,5.083,4.798,4.114,4.079,4.442,2.144,0.718,-1.215,2.477,4.859,3.458,4.872,6,1,0,0,1,1,0,0,1,0,0,1.8977457254227816,1.896534153616665,1.289171629396582,1.5556428643676883,TP3,TP2,False,0.004438279745798258,0.9912494444942014,0.0009854271278288854,0.0033268486321715645
T024,1,1,0,0.0,0,27,1,-1,-1,-1,3,25,0,-3.476289558,67,40,17,0,1,0.612439781,0,4,17,4,25,-0.177,0.709,0.16,0.594,1.453,1.742,1.585,1.789,20761.869,24885.524,25559.626,-1.654,-1.176,5.066,3.899,5.154015062,3.287309609,1.866705453,-0.64,0.99,0.12,-0.01,0.05,-0.97,-0.83,-0.09,-0.033,4.314,3.417,2.662,2.993,1.943,2.186,1.96,-0.766,-6.753,0.433,2.864,1.353,2.297,6,1,0,0,1,1,0,0,1,0,0,1.0572694126591116,1.287419370066903,1.1592045888895042,1.6128693016089801,TP1,TP2,False,0.004765120024599489,0.9537987805024857,2.4616946636756494e-05,0.04141148252627806
T052,0,1,0,0.941,1,35,1,-1,-1,-1,3,24,0,-3.961808004,69,40,13,0,1,0.338515324,0,4,11,1,16,-0.614,0.161,-0.575,0.047,1.35,1.58,1.452,1.721,19292.545,22570.117,24594.077,0.931,0.83,5.596,3.141,3.671803315,3.244636106,0.427167209,0.18,1.18,0.07,0.07,0.06,-2.51,-1.32,-0.21,0.159,3.375,3.288,2.072,2.393,1.368,2.001,4.445,-2.269,-4.572,0.231,1.781,0.889,1.147,6,1,0,0,1,1,0,0,1,0,0,0.6114810929950077,1.2298150063147353,1.285015611921787,1.130393024286759,TP1,TP2,False,0.006606739932454216,0.5643052405268008,0.00039589521197316683,0.42869212432877185
T056,0,0,0,1.92,2,55,1,-1,-1,-1,2,27,0,-3.690975724,57,33,4,0,1,0.865444707,1,2,9,0,11,-0.34,-0.774,-0.235,-0.45,1.413,1.261,1.524,1.6,20187.112,18017.017,22856.761,1.136,4.421,6.176,4.374,1.445100508,4.146541088,-2.70144058,1.34,0.82,-0.05,0.17,0.03,-1.96,-0.89,-0.44,1.085,4.551,3.017,3.232,4.655,2.342,2.513,5.531,0.286,-3.995,1.575,2.87,1.835,1.674,6,1,0,0,1,1,0,0,1,0,0,1.043690978119253,1.5659125710869382,1.9106935494337198,1.847334990952263,TP1,TP2,False,0.056751000351348786,0.4621140316718983,0.0015585528312455105,0.4795764151455075
T057,1,1,0,0.0,0,42,1,-1,-1,-1,3,46,0,-3.610445065,76,49,20,0,1,0.484670324,0,4,16,4,24,-0.751,0.545,-0.77,0.271,1.115,1.685,1.2,1.735,15933.984,24071.023,24781.965,-0.87,0.692,6.622,1.176,4.409759492,2.125598572,2.28416092,-0.77,1.31,0.15,0.01,0.06,-3.91,-2.12,-1.61,-2.383,0.945,1.619,-0.169,0.748,-0.314,-0.182,2.009,-3.438,-5.337,-1.931,-0.921,-1.69,2.1,6,1,0,0,1,1,0,0,1,0,0,0.8523967931643767,1.3907846493681375,0.8673971801986117,1.1570304726523053,TP1,TP2,False,0.004374162754102112,0.8796078942811325,7.246305811823805e-05,0.11594547990664725
T062,0,0,0,3.253,2,64,1,1,-1,1,3,62,8,-3.512896448,126,56,32,0,0,0.230860746,0,5,12,1,18,-0.573,-0.279,-0.643,-0.474,1.381,1.545,1.482,1.687,19724.393,22076.996,24098.463,2.717,6.013,5.051,3.124,2.377890925,3.828159326,-1.450268402,0.6,-0.13,-0.01,-0.05,0.07,-2.58,-1.46,-1.72,0.386,3.429,1.444,1.822,1.698,0.846,0.995,4.306,-2.65,-3.598,-0.343,1.797,0.348,0.555,6,1,0,0,1,1,0,0,1,0,0,3.1942315000053605,3.2864413228019083,3.0591337003227053,3.1513776100669912,TP3,TP2,False,0.015000219947805232,0.5886564957185848,0.0003554003748636799,0.39598788395874623
T076,0,1,0,0.892,1,54,1,-1,1,-1,2,32,0,-3.172606566,22,16,7,0,1,0.192978593,1,7,5,0,12,0.309,-0.77,0.538,-0.558,1.572,1.257,1.657,1.605,22457.89,17961.95,22926.195,-0.04,3.296,8.495,4.664,1.05658962,4.219413972,-3.162824352,1.68,0.44,-0.1,0.19,0.01,-0.91,-0.35,-0.12,3.294,5.737,3.39,3.468,2.856,2.408,1.799,3.987,-0.686,-2.858,1.946,4.078,2.201,3.928,6,0,1,1,0,1,1,1,0,0,0,1.0533605163735003,1.1190624615365636,1.655424244155602,1.7500673155485007,TP1,TP1,True,0.7994697070581298,0.023953999998301577,0.12100250917693965,0.055573783766629026
T078,0,0,0,1.491,2,50,1,1,1,-1,3,51,7,-3.743284635,179,82,58,1,1,0.504807636,0,10,21,2,33,-0.618,0.241,-0.677,0.141,1.312,1.573,1.349,1.718,18747.329,22467.928,24539.461,0.501,3.285,5.791,1.596,3.667616311,4.298280064,-0.630663752,-1.64,0.09,0.03,-0.02,0.03,-2.04,-1.74,-1.99,-2.985,3.431,1.096,0.424,1.392,0.791,2.271,3.161,-0.966,-5.987,-1.711,0.325,-1.407,0.894,6,0,1,1,0,1,1,1,0,0,0,1.632653100271707,1.3577677697904558,0.7098443132250545,0.7385096788073443,TP3,TP1,False,0.764679816773106,0.050697256568199886,0.16117809176794665,0.023444834890747494
T089,0,0,0,3.165,2,33,1,-1,-1,1,3,132,0,-3.636824446,104,59,7,0,1,0.449063666,0,11,19,1,31,0.366,0.269,0.267,0.348,1.563,1.604,1.634,1.745,22333.818,22923.268,24925.394,0.33,0.84,4.683,4.231,3.682016174,3.984727466,-0.302711292,-0.72,0.26,0.07,-0.05,0.02,-0.45,-0.85,0.27,1.584,4.403,3.813,3.046,1.418,2.105,2.238,1.502,-2.288,-2.747,1.194,3.163,1.677,2.903,5,0,1,1,0,1,0,0,1,0,0,0.4659761067233526,0.2811131578379157,0.44310884488185975,0.9888623057755085,TP2,TP2,True,0.0008693182553797133,0.997886207864675,1.6376151942089137e-06,0.0012428362647510527
T092,0,1,0,1.169,1,53,1,-1,1,1,3,46,0,-3.706141064,141,75,30,1,1,0.397053816,0,10,17,3,30,0.46,0.415,0.644,0.296,1.575,1.603,1.696,1.73,22499.892,22897.404,24720.688,-1.723,-0.249,10.26,4.652,4.263758024,4.482527638,-0.218769614,-0.53,-0.62,-0.03,-0.05,-0.01,0.57,0.19,0.52,1.158,5.342,4.07,3.554,2.068,2.711,2.821,3.681,-0.457,-1.238,1.834,3.581,1.863,3.399,6,0,1,1,0,1,1,1,0,0,0,0.6736050955492529,0.61229441468603,0.3871276085855053,0.5313134013474278,TP3,TP1,False,0.9171983795655324,0.006378916583131779,0.07079198489561292,0.005630718955722951
T118,0,0,0,3.041,2,44,1,-1,-1,1,2,120,0,-4.389081825,11,6,0,0,1,0.511071486,0,19,17,9,45,-0.475,-0.509,-0.539,0.086,1.398,1.436,1.463,1.691,19969.379,20516.05,24162.073,3.944,3.169,6.612,3.824,2.909032529,4.472480602,-1.563448073,-1.09,0.5,0.02,0.0,0.07,-2.05,-0.75,-0.43,1.358,4.237,3.046,2.525,2.965,1.237,1.496,3.36,-2.319,-5.448,0.744,1.96,0.204,0.743,7,1,0,0,1,1,0,0,1,0,0,1.9914100630682392,2.1368856395321623,2.6495409147230555,2.8042928826915987,TP1,TP2,False,0.030544198520098667,0.8317896808045248,0.00026817959536965154,0.1373979410800069
T121,0,0,0,3.114,2,50,0,1,1,1,2,26,4,-3.581579705,7,4,0,0,0,0.219941306,0,6,7,8,21,-0.199,-0.637,-0.193,0.093,1.454,1.375,1.514,1.673,20769.824,19648.103,23900.344,3.088,3.561,7.775,3.974,2.684949826,4.580867965,-1.895918139,-0.97,0.89,0.01,0.11,0.03,-0.98,-0.6,-0.12,1.234,4.729,3.383,2.573,2.484,1.835,1.717,3.745,-2.098,-5.012,0.635,2.399,0.35,1.729,6,0,1,1,0,1,1,1,0,0,0,2.062470247290086,2.4471887860281347,3.2272146518580387,2.910592030076461,TP1,TP1,True,0.9809895749731871,0.006432711436074337,0.0011203403634660728,0.01145737322727245
T126,0,0,0,1.687,2,32,1,1,-1,-1,2,25,7,-3.854250701,33,17,39,0,0,0.264969707,0,8,10,2,20,-0.432,0.627,-0.479,0.553,1.385,1.677,1.484,1.743,19785.401,23959.599,24901.695,4.783,5.67,5.944,3.179,4.457204947,5.302355945,-0.845150998,-1.7,0.85,0.11,-0.03,0.05,-0.66,-0.37,-0.62,-0.212,4.52,2.825,2.291,0.334,1.521,1.649,4.778,-1.484,-4.252,1.09,2.448,1.016,2.332,6,0,1,1,0,1,1,1,0,0,0,1.4916456746228908,1.9472807585149743,2.0311073499087557,1.74750418571624,TP1,TP1,True,0.005114058583781859,0.9944854778861983,1.2196823913161383e-05,0.00038826670610668626
T133,0,0,0,3.259,2,61,0,1,-1,1,3,105,8,-4.224392409,303,157,72,1,1,0.490348579,0,8,24,2,34,-0.391,0.456,-0.392,0.429,1.38,1.557,1.467,1.704,19722.695,22251.842,24343.425,5.279,7.367,7.76,2.238,4.168004541,4.999613224,-0.831608683,-1.18,0.91,0.05,0.12,-0.01,-0.25,0.21,-1.56,-2.943,4.472,1.68,0.785,2.615,1.026,2.489,3.257,0.947,-6.978,-1.75,1.044,-0.341,2.55,6,1,0,0,1,1,0,0,1,0,0,3.297096948285184,2.9324153021689026,2.622739967888479,2.131956007204425,TP4,TP2,False,0.10094939270787809,0.8868289366480632,0.0024244132452694114,0.009797257398789392
T137,0,0,0,2.545,2,45,1,1,-1,1,2,30,8,-3.89813826,35,17,9,0,0,0.084338662,0,1,3,1,5,0.436,-0.341,0.401,0.219,1.518,1.43,1.58,1.662,21688.103,20435.351,23748.956,2.302,5.352,7.026,4.466,3.687851556,5.782798527,-2.094946971,-0.86,0.12,-0.04,0.08,-0.01,-0.28,0.37,0.33,-0.256,5.892,3.862,2.583,1.407,2.127,3.259,3.373,-0.905,-2.924,-0.117,3.484,1.396,3.17,6,1,0,0,1,1,0,0,1,0,0,2.607640887758622,2.865734180411139,3.1868846662611556,2.658400354753018,TP1,TP2,False,0.0026661781289595444,0.9970914758315425,0.00012428248435079672,0.0001180635551471739
T138,0,0,0,1.568,2,38,0,1,-1,1,3,43,8,-3.323288659,50,29,20,0,1,0.404318562,0,9,10,2,21,0.508,0.0,0.326,0.26,1.564,1.51,1.568,1.688,22340.947,21577.971,24110.111,1.58,6.202,5.778,3.763,3.116701788,4.420269853,-1.303568065,-0.18,-1.07,-0.02,-0.14,0.0,-0.44,-0.36,-0.25,2.233,5.142,3.242,2.676,2.036,1.829,2.34,3.455,-1.256,-1.921,1.532,3.352,1.843,3.117,6,1,0,0,1,1,0,0,1,0,0,2.5554738815333256,2.8017510317486947,3.1160831036079575,2.9238082922499435,TP1,TP2,False,0.05459272666266999,0.9420092730398785,2.144442907823998e-05,0.0033765558683732984
T139,0,0,0,3.055,2,46,1,1,-1,-1,3,28,8,-3.588009611,85,43,33,0,0,0.440636765,0,13,16,3,32,-0.39,0.548,-0.405,0.472,1.397,1.641,1.496,1.737,19954.693,23443.555,24820.578,5.341,7.206,7.116,3.205,5.162776806,5.36230693,-0.199530124,-1.34,0.49,0.07,-0.01,0.02,-1.03,-0.87,-0.54,0.182,4.327,2.896,1.442,0.51,1.345,1.186,2.117,-2.668,-2.691,-0.599,2.365,0.342,2.911,6,1,0,0,1,1,0,0,1,0,0,1.57068315443081,2.0571492149632262,1.5226607467284936,1.1940853921109467,TP4,TP2,False,0.004854454086378069,0.9948475203900711,2.1474639870323293e-05,0.00027655088368059243
T140,0,0,1,3.753,3,47,1,1,-1,1,2,80,8,-3.841454293,34,15,20,1,0,0.246042104,1,2,10,0,12,0.227,-0.546,0.298,-0.259,1.483,1.42,1.574,1.649,21190.76,20286.308,23558.687,3.487,7.502,7.891,4.151,2.745574243,5.644066106,-2.898491863,-0.18,-0.85,-0.1,-0.02,0.01,-0.92,1.2,-0.7,0.486,4.732,2.724,2.73,2.411,1.499,2.522,4.675,0.024,-6.959,-0.16,2.373,0.694,2.318,6,1,0,0,1,1,0,0,1,0,0,2.400192733643981,1.8042582552320825,2.7244697295465445,2.9170003055044824,TP2,TP2,True,0.23201896602116395,0.7660859562301126,6.425748417572937e-05,0.0018308202645476587
T160,0,0,0,2.187,2,50,1,1,-1,-1,2,50,8,-3.95854766,50,28,6,0,0,0.289136017,0,7,12,0,19,0.564,-0.798,0.494,-0.552,1.613,1.321,1.668,1.633,23038.198,18879.405,23329.823,5.18,5.936,5.12,4.07,2.101367137,4.49474637,-2.393379233,0.21,-0.1,-0.13,0.16,-0.01,-0.23,0.36,0.0,1.998,5.695,3.515,3.002,2.337,2.339,2.356,5.289,-0.491,-4.235,1.128,3.542,1.671,3.67,6,1,0,0,1,1,0,0,1,0,0,1.997845961489408,2.154535032562873,1.9859435871772182,1.792338987133426,TP4,TP2,False,0.0059700803939721206,0.9928960947785137,0.0004102831813375717,0.0007235416461764989
T168,0,0,0,1.665,2,50,0,-1,1,-1,3,41,0,-3.963998098,185,115,25,1,1,0.566605882,1,9,27,1,37,0.624,0.606,0.71,0.579,1.635,1.698,1.779,1.777,23363.25,24265.341,25391.756,-1.521,-0.058,10.56,5.759,4.941640947,4.259456153,0.682184793,-0.38,-0.46,0.05,-0.06,-0.07,1.59,1.08,0.85,2.006,5.49,4.416,4.482,4.17,2.906,2.791,2.824,-0.398,-1.049,1.872,3.777,2.688,3.251,6,0,1,1,0,1,1,1,0,0,0,0.5118125251985668,0.20408497184801122,0.6354245895418049,0.8554623841776604,TP2,TP1,False,0.996812872458945,0.0007405359416224541,0.0023341420698950255,0.00011244952953758912
T170,0,1,0,0.899,1,66,0,1,-1,1,2,25,8,-3.941486532,46,25,7,0,0,0.266319104,1,4,9,2,15,0.542,0.276,0.739,0.154,1.612,1.514,1.781,1.665,23032.844,21625.145,23794.577,0.066,9.069,5.79,6.108,3.569114192,5.640649935,-2.071535743,-0.1,-2.03,-0.13,-0.15,-0.03,1.46,1.15,1.61,2.407,6.796,5.212,4.777,3.279,3.582,3.449,4.59,-0.137,-0.422,3.287,4.74,3.188,3.948,6,1,0,0,1,1,0,0,1,0,0,2.838847282865639,2.950470118704739,3.865596636300899,3.4955212291518,TP1,TP2,False,0.03513579210940454,0.9635447873303511,0.0003066410664192856,0.0010127794938250222
T171,0,0,0,3.164,2,68,1,1,1,-1,3,64,8,-3.637550943,70,36,17,1,1,0.136393421,0,4,11,0,15,0.575,-0.21,0.616,-0.459,1.622,1.557,1.757,1.679,23166.901,22242.934,23987.048,3.711,6.904,6.254,4.713,3.474039613,4.874153681,-1.400114069,0.76,-2.96,-0.15,-0.25,-0.04,0.44,0.25,0.76,1.907,5.134,4.324,4.023,2.589,2.786,2.732,2.415,-1.031,-2.011,1.481,3.519,2.173,2.684,4,1,0,0,0,0,1,0,0,1,0,2.287679125484631,1.643879053513794,1.737045154051751,1.8278998738255754,TP2,TP3,False,0.9647515292919127,0.014907779998344809,0.01975313051513393,0.0005875601946086961
T174,0,0,1,3.352,3,50,1,1,-1,1,2,26,8,-4.307012715,35,25,6,1,0,0.061864009,0,2,4,0,6,-0.562,0.531,-0.755,0.48,1.318,1.6,1.305,1.726,18836.927,22853.346,24658.781,5.562,6.089,6.681,1.31,3.769007445,5.062719134,-1.293711689,-1.91,0.8,0.08,0.01,0.05,-2.27,-0.73,-1.8,-4.818,3.371,1.311,-0.274,-2.387,-0.206,-0.516,0.339,-1.49,-6.035,-2.443,-0.142,-3.195,0.254,6,1,0,0,1,1,0,0,1,0,0,3.153597848438859,2.680835086750312,3.1722276646275263,3.1338334142386315,TP2,TP2,True,0.002952976744859152,0.9956890195559824,2.746424211709527e-05,0.0013305394570412457
T175,0,1,0,1.204,1,48,1,1,1,1,3,50,8,-4.465961313,78,41,12,0,0,0.215188208,0,4,9,0,13,-0.158,0.115,0.177,0.101,1.435,1.526,1.57,1.684,20496.763,21806.775,24065.33,1.981,3.349,10.369,3.03,3.98890441,4.932766079,-0.943861669,-0.89,1.27,0.01,0.2,0.01,0.26,-0.09,-0.86,-0.616,4.308,2.549,1.978,2.173,1.153,2.08,2.342,-0.894,-3.739,-0.899,2.172,0.551,3.748,7,1,0,0,1,1,1,1,0,0,0,1.0488812610790426,1.2057858039803977,1.1084393923093974,0.6741432163452605,TP4,TP1,False,0.9162553525619541,0.05974287276263887,0.02328447940278336,0.0007172952726237528
T176,0,0,1,4.255,3,39,1,1,-1,1,2,86,8,-4.227052913,205,110,40,0,0,0.325424922,0,9,15,2,26,-0.219,-0.58,-0.571,-0.533,1.491,1.491,1.489,1.694,21305.693,21305.097,24206.821,0.687,4.435,5.431,2.476,2.260586483,4.116438651,-1.855852168,-0.67,-0.59,-0.03,-0.09,0.05,-1.88,-1.43,-1.97,-0.297,3.256,1.092,1.513,1.943,0.446,1.053,0.963,-2.535,-3.627,-0.436,1.39,-0.638,0.124,6,1,0,0,0,0,0,0,0,0,1,2.14314703914016,2.234780611061692,2.1308419238171408,2.367619906824204,TP3,TP4,False,0.004833156412218467,0.9943162949258888,0.0001263797362479702,0.0007241689256447094
T184,0,0,0,1.41,2,53,1,-1,-1,1,3,43,0,-3.837849823,275,111,59,1,0,0.509950682,0,14,27,25,66,-0.579,0.446,-0.637,0.098,1.152,1.627,1.215,1.666,16457.168,23248.185,23801.602,-3.304,-0.406,6.643,0.55,4.597681093,3.731863168,0.865817925,-0.8,-0.44,0.06,-0.15,0.02,-3.53,-2.17,-2.4,-2.307,4.466,-0.389,-2.515,-2.602,-1.952,-1.697,-0.588,-3.644,-7.557,-2.287,1.571,-2.22,0.068,4,1,0,0,0,0,0,0,0,0,1,0.591900932110226,0.8551302173806294,-0.12088089500632715,0.3609621017663225,TP3,TP4,False,0.0018263148420124926,0.6907387962850694,0.01121832138980306,0.2962165674831151
T189,0,0,1,3.395,3,39,1,1,-1,1,3,52,8,-3.853311033,840,342,137,0,0,0.333798182,0,11,13,8,32,0.036,-0.555,0.228,-0.655,1.522,1.434,1.626,1.603,21741.694,20487.338,22906.097,0.138,0.588,4.384,3.2,2.873665562,4.541716136,-1.668050574,0.24,-0.51,-0.11,0.12,-0.06,0.27,0.65,-1.44,-2.124,5.444,1.82,1.456,3.174,1.581,2.639,1.025,-1.563,-3.97,-0.343,2.218,0.813,2.215,6,1,0,0,1,1,0,0,1,0,0,1.4376665859895175,1.8968743906956242,0.49764049823715906,-0.03962142823776027,TP4,TP2,False,7.29852634470085e-05,0.9930605419075172,0.006835769857308423,3.0702971727406485e-05
T192,0,0,0,1.5,2,32,1,1,-1,1,3,27,8,-3.445286445,113,50,14,0,0,0.252283258,0,10,11,10,31,-0.642,0.194,-0.764,-0.403,1.301,1.598,1.291,1.682,18583.736,22832.593,24028.632,3.552,5.56,5.223,1.274,3.411623701,4.544771343,-1.133147642,-0.77,0.09,0.0,-0.02,0.05,-2.45,-1.49,-2.44,-1.741,3.457,0.277,0.123,-1.075,-0.103,-0.649,1.624,-4.221,-5.828,-0.645,0.487,-1.219,-0.051,6,0,1,1,0,1,0,0,1,0,0,2.079218313137488,2.3490035397165374,2.1566295996539506,2.1376353081917294,TP1,TP2,False,0.00584065489177722,0.9903254239397072,2.084630898328027e-05,0.003813074859532318
T194,0,0,0,3.061,2,43,1,1,-1,1,3,50,8,-3.931041192,82,33,28,0,1,0.350404122,0,8,15,4,27,-0.193,0.075,-0.55,-0.3,1.391,1.587,1.305,1.683,19870.835,22676.92,24048.918,3.708,5.989,6.478,0.321,3.853877012,5.083187852,-1.22931084,-1.26,-1.09,0.01,-0.15,-0.02,-1.17,1.13,-3.03,-5.391,2.981,-1.028,-1.312,-2.736,-0.841,-0.725,-0.087,-3.823,-6.59,-2.104,-1.595,-2.591,-1.575,7,1,0,0,1,1,1,1,0,0,0,2.9659383239392056,2.2684355003694097,2.2060929937637406,2.313679826280029,TP3,TP1,False,0.025101184986921585,0.974648162399342,1.9327742033813877e-05,0.0002313248717025415
T195,0,1,0,1.341,1,74,1,-1,-1,-1,3,40,0,-3.711672496,379,183,60,1,1,0.44612918,0,8,24,14,46,-0.416,0.627,-0.385,0.415,1.342,1.699,1.431,1.718,19178.35,24278.264,24550.719,-3.826,-0.787,5.562,2.152,4.726718604,4.114715864,0.61200274,-1.19,-0.43,0.03,-0.11,0.02,-1.48,-1.3,-2.04,-0.756,5.07,0.643,0.512,1.084,1.141,-1.19,0.153,-3.927,-0.872,0.344,1.927,-0.388,1.777,4,1,0,0,0,0,0,0,0,0,1,1.358431023879179,1.6987794884498604,0.4674283602372773,0.22451017141463925,TP4,TP4,True,0.00021060851516457573,0.6501558877397071,0.31616311214859233,0.03347039159653601
T214,0,0,0,1.611,2,72,1,-1,-1,-1,3,50,0,-3.955823426,159,70,23,0,1,0.410079347,0,10,31,14,55,-0.719,-0.225,-0.812,-0.453,1.11,1.562,1.103,1.678,15853.496,22312.77,23972.056,-0.836,1.118,5.337,0.089,2.949051287,2.954778891,-0.005727604,-1.36,0.23,0.07,-0.07,0.04,-2.83,-1.54,-2.7,-3.842,1.915,-0.137,-1.365,0.328,0.008,-0.459,-2.917,-4.875,-7.222,-2.84,-1.292,-0.83,-0.428,6,1,0,0,1,1,0,0,1,0,0,1.6899046841030991,1.452387287190687,0.8292027367043722,1.1139263745220433,TP3,TP2,False,0.0014128863318161918,0.41824576373400335,0.005114040162169026,0.5752273097720115
A067,0,0,0,2.926,2,39,1,1,-1,1,3,33,7,-3.7422008,76,41,39,0,0,0.2613614,0,2,14,0,16,-0.37,-0.248,-0.502,-0.329,1.849,1.938,1.916,2.198,19843.0,20804.509,23598.013,3.612,6.037,7.389,2.778,2.870601405,6.16264448,-3.292043075,-0.74,-0.66,0.05,-0.16,0.02,-1.25,-0.62,-0.55,-0.548,3.503,2.981,1.797,1.006,0.925,1.421,3.558,-1.62,-6.283,0.126,1.781,0.338,2.341,6,1,0,0,1,1,0,0,1,0,0,2.9523471531727883,3.346183782685458,3.259110656122447,3.095234691059499,TP1,TP2,False,0.01407794070417759,0.9670046433983095,5.991944767796518e-06,0.018911423952745168
A332,0,0,0,3.233,2,46,0,1,-1,1,2,60,8,-4.262513,15,10,7,1,0,0.160713418,1,4,7,0,11,-0.49,-0.803,-0.508,-0.6,1.822,1.529,1.956,2.134,19559.944,16416.456,22910.788,1.307,4.439,6.743,3.396,0.658067247,4.829245437,-4.17117819,-0.2,0.17,0.01,0.02,0.01,-1.77,-0.77,0.04,-0.455,3.586,3.634,2.042,0.214,1.82,1.335,6.356,-1.348,-3.599,0.404,2.02,0.358,0.71,6,1,0,0,1,1,0,0,1,0,0,2.789651507042495,2.794746162271398,4.0539045840786345,4.069889201970713,TP1,TP2,False,0.02094107841536815,0.4685834797473697,0.00016956015968995142,0.5103058816775723
A359,1,0,0,0.0,0,54,1,1,-1,1,3,23,3,-3.7284383,144,78,33,0,1,0.673810745,0,11,18,9,38,0.559,0.485,0.516,0.337,2.133,2.181,2.207,2.31,22893.275,23410.199,24795.498,-1.448,2.749,5.177,3.627,5.014147539,4.091313888,0.922833651,-0.95,-0.19,0.1,-0.03,-0.1,1.09,0.34,-0.45,0.814,4.613,3.091,2.517,1.389,2.324,2.516,1.129,0.51,-4.244,-0.005,2.692,1.187,2.902,6,1,0,0,1,1,0,0,1,0,0,0.7289685815444735,0.5834909674041743,-0.4896995332097421,-0.08515724679621206,TP3,TP2,False,0.0008488458338032097,0.9965295441662518,5.081706291312964e-05,0.0025707929370319205
A476,0,0,0,2.126,2,36,1,1,-1,1,2,33,8,-4.5464367,37,18,42,0,0,0.315726418,1,4,15,3,22,0.133,0.131,-0.247,-0.321,1.98,2.01,2.019,2.217,21258.253,21577.621,23803.036,3.126,6.445,6.475,3.624,3.350323489,5.491409062,-2.141085573,-0.62,-0.48,0.05,-0.14,0.02,-0.27,-0.74,-1.0,1.177,4.481,2.438,2.419,1.805,1.571,1.77,4.134,-2.218,-2.189,0.592,2.724,0.851,2.846,5,1,0,0,1,1,0,0,1,0,0,2.5380147455064854,3.3269393579048403,3.3983937902613417,2.934133034242589,TP1,TP2,False,0.0027731611165038384,0.9969517980069279,8.917034861510495e-06,0.0002661238417067246
A530,0,0,0,2.025,2,45,1,1,-1,-1,3,28,7,-3.2068948,83,42,18,0,1,0.637201551,0,7,13,5,25,0.586,-0.719,0.564,-0.34,2.099,1.63,2.243,2.168,22532.717,17495.46,23277.079,1.651,6.144,5.983,4.053,0.59884803,3.542538614,-2.943690584,0.13,-1.43,-0.07,-0.14,0.0,0.03,-0.27,-0.09,0.888,4.305,3.495,2.632,1.54,1.871,2.554,6.286,-1.557,-5.915,0.833,2.792,1.293,3.845,6,1,0,0,1,1,0,0,1,0,0,1.925159070804133,2.018787064739382,1.194849762312855,1.4200399950867897,TP3,TP2,False,0.02850758148290907,0.8699519874651864,5.7557487619574816e-05,0.1014828735642848
A734,0,0,0,1.537,2,46,1,1,-1,-1,2,33,8,-4.279512,75,29,9,1,0,0.083559309,0,3,3,4,10,0.273,0.297,-0.009,-0.081,1.969,1.997,2.0,2.201,21139.333,21438.502,23631.468,2.394,5.263,6.608,2.081,3.564338518,5.829256695,-2.264918178,-0.37,-1.25,-0.04,-0.15,0.0,-0.31,-0.59,-1.37,-2.625,4.857,2.015,1.069,0.42,0.764,3.133,0.632,-0.653,-3.454,-0.219,1.117,-0.555,2.944,6,1,0,0,1,1,0,0,1,0,0,2.565903327452165,2.5525622774096237,2.2379422644126135,2.063022917857639,TP4,TP2,False,9.938881346911408e-05,0.9998199656934679,7.418662189877102e-05,6.458871164293078e-06
T187,0,1,0,1.271,1,59,1,-1,1,1,3,18,0,-3.717039868,159,69,29,0,0,0.399803081,0,11,30,12,53,0.429,-0.283,0.346,-0.471,1.584,1.539,1.682,1.664,22630.398,21980.86,23773.649,-2.962,1.482,11.512,4.771,3.107285154,4.113504298,-1.006219144,-0.11,-1.62,-0.06,-0.14,-0.04,0.17,0.26,-0.13,0.29,5.44,3.375,2.972,2.515,2.28,2.535,0.49,-2.092,-1.443,1.005,2.632,1.672,1.37,4,1,0,0,1,1,1,1,0,0,0,2.0128920389307536,2.032354254880515,1.5085939850638717,1.8971379882780002,TP3,TP1,False,0.9531095020680147,0.000562124017668414,0.04212565440819776,0.004202719506119153
T196,1,1,0,0.0,0,58,1,1,1,1,3,43,8,-4.059252546,181,76,60,0,0,0.216415773,0,3,23,11,37,-0.788,0.302,-0.879,-0.302,1.046,1.64,1.048,1.708,14944.395,23435.887,24397.029,-1.659,7.454,9.53,-0.68,3.587597391,5.028907608,-1.441310217,-0.88,0.34,0.03,-0.03,0.07,-3.82,-2.31,-3.19,-3.942,1.989,-1.483,-2.627,-0.56,-1.133,0.858,0.656,-4.172,-7.366,-3.775,-2.282,-2.846,-0.746,7,0,1,1,0,1,1,1,0,0,0,1.9916516972980884,2.3108532677964315,1.568266826345144,1.2020975988299205,TP4,TP1,False,0.9532580603622082,0.00693098129759962,0.03699804827062497,0.0028129100695673047
T205,0,0,0,2.303,2,53,1,1,1,-1,3,15,3,-3.628473125,58,26,19,0,1,0.403673599,0,13,21,17,51,-0.662,-0.614,-0.813,-0.553,1.277,1.418,1.27,1.652,18247.675,20264.924,23596.227,4.332,4.792,9.439,2.474,2.608048068,4.396220439,-1.788172371,-1.05,-0.32,-0.02,-0.09,0.06,-2.62,-1.31,-1.71,0.202,4.587,1.449,1.1,-0.56,0.703,0.284,-0.015,-2.465,-4.813,-1.328,1.983,-0.163,-0.323,7,0,1,1,0,1,1,1,0,0,0,0.5940470649021781,0.8810856446220034,0.568195650280437,0.4794644592286937,TP4,TP1,False,0.9163152854456365,0.0005370763585836318,0.02439895788702204,0.05874868030875795
T207,1,1,0,0.0,0,61,1,-1,1,1,3,97,0,-3.82360593,204,92,15,0,0,0.432253389,1,16,26,14,56,-0.251,0.457,-0.287,0.219,1.336,1.544,1.374,1.636,19081.872,22054.448,23379.901,-1.269,1.25,10.747,2.077,3.712787663,4.179430223,-0.466642561,-0.69,0.32,0.0,0.05,0.0,-1.72,-0.72,-1.81,-1.365,6.021,1.122,0.141,-2.686,-0.095,0.174,2.772,-2.379,-6.96,-1.658,1.897,0.228,3.049,7,1,0,0,1,1,1,1,0,0,0,1.7393486844334642,1.5204145500397865,1.0542598644758836,1.6009334829644017,TP3,TP1,False,0.8555705758516492,0.017230541645193286,0.07721626203082912,0.049982620472328286
T213,1,1,0,0.0,0,50,1,-1,1,1,3,18,0,-2.79471863,87,47,7,1,1,0.296527441,1,6,20,13,39,-0.503,-0.396,-0.644,-0.501,1.384,1.541,1.394,1.672,19773.538,22018.09,23886.701,-1.261,0.264,9.827,1.591,3.246470374,3.103918841,0.142551533,0.04,-1.01,-0.01,-0.14,0.0,-2.15,-0.55,-2.17,-0.059,3.478,0.779,0.091,-1.009,0.235,0.888,0.037,-1.245,-4.459,-1.575,1.141,-0.151,1.723,7,1,0,0,1,1,1,1,0,0,0,0.8349835512249041,0.2833057617069431,0.3957039529840907,1.2303319173896266,TP2,TP1,False,0.9480318116903451,0.0014011024473382712,0.005911766148366064,0.0446553197139505
