Trial.ID,resp.pCR,resp.Chemosensitive,resp.Chemoresistant,RCB.score,RCB.category,Age.at.diagnosis,Histology,ER.status,HER2.status,LN.at.diagnosis,Grade.pre.chemotherapy,Size.at.diagnosis,ER.Allred,median_lymph_KDE_knn_50,All.TMB,Coding.TMB,Expressed.NAg,CodingMuts.PIK3CA,CodingMuts.TP53,CIN.Prop,HLA.LOH,HRD.LOH,HRD.TelomericAI,HRD.LST,HRD.sum,STAT1.gsva,GGI.gsva,GEP.gsva,ESC.gsva,STAT1.ssgsea.norm,GGI.ssgsea.norm,GEP.ssgsea.norm,ESC.ssgsea.norm,STAT1.ssgsea.notnorm,GGI.ssgsea.notnorm,ESC.ssgsea.notnorm,PGR.log2.tpm,ESR1.log2.tpm,ERBB2.log2.tpm,CytScore.log2,Swanton.MitosisScore,Swanton.CeramideScore,Swanton.PaclitaxelScore,TIDE.Dysfunction,TIDE.Exclusion,TIDE.MDSC,TIDE.CAF,TIDE.TAM.M2,TIDE.IFNG,TIDE.CD274,TIDE.CD8,Danaher.B.cells,Danaher.CD45,Danaher.CD8.T.cells,Danaher.Cytotoxic.cells,Danaher.DC,Danaher.Exhausted.CD8,Danaher.Macrophages,Danaher.Mast.cells,Danaher.Neutrophils,Danaher.NK.CD56dim.cells,Danaher.NK.cells,Danaher.T.cells,Danaher.Th1.cells,Danaher.Treg,Chemo.NumCycles,Chemo.first.Taxane,Chemo.first.Anthracycline,Chemo.second.Taxane,Chemo.second.Anthracycline,Chemo.any.Anthracycline,Chemo.any.antiHER2,TP1,TP2,TP3,TP4,TP1,TP2,TP3,TP4,REC_TP,CURRENT_TP,FOLLOW_REC,PROP_TP1,PROP_TP2,PROP_TP3,PROP_TP4,Run,Seed
T177,0,1,0,1.014,1,49,1,1,-1,-1,3,35,8,-3.842312436,146,89,26,0,0,0.319808818,0,9,30,19,58,-0.588,-0.291,-0.724,-0.555,1.255,1.551,1.235,1.645,17931.089,22165.373,23502.919,4.198,6.027,6.08,0.975,3.34557227,3.944710554,-0.599138283,-0.61,-0.24,-0.02,-0.01,0.02,-2.17,-0.78,-2.45,-5.092,3.339,0.035,-1.346,-0.443,-0.361,1.77,0.707,-2.512,-5.931,-3.464,-0.551,-1.288,0.268,7,1,0,0,1,1,0,0,1,0,0,-0.02121442525639572,2.1848081148351435,1.046101787725041,1.0678300836716748,TP1,TP2,False,0.021232575782677687,0.9743833133691613,0.0039039727951941075,0.0004801380529670189,1,42
T179,1,1,0,0.0,0,57,1,1,-1,1,3,12,6,-3.491669617,67,23,15,0,1,0.52915936,0,5,19,11,35,0.622,0.48,0.636,0.222,1.67,1.691,1.766,1.746,23865.905,24164.468,24943.247,-3.106,2.85,5.02,5.209,4.831343569,3.820626177,1.010717392,-0.57,-1.65,-0.06,-0.16,-0.04,0.86,0.82,0.12,1.779,6.099,3.633,3.574,1.987,2.64,2.984,-1.379,-0.533,-2.572,1.284,3.475,2.633,1.889,6,1,0,0,1,1,0,0,1,0,0,2.7466956043597364,-0.37339590214908913,2.0643467933224633,2.5583908799888015,TP2,TP2,True,0.032488473013476876,0.8597643392301858,0.006125071216097803,0.10162211654023938,1,42
T182,0,1,0,1.102,1,39,1,1,-1,-1,3,29,8,-3.451055872,49,20,56,0,0,0.195487734,0,7,10,7,24,-0.63,0.133,-0.652,-0.431,1.324,1.61,1.403,1.703,18915.927,23007.751,24335.642,1.658,6.325,6.024,1.64,3.220976545,3.721792269,-0.500815723,-0.66,-0.25,0.01,-0.08,0.04,-2.15,-1.15,-2.17,-2.064,3.372,0.773,0.01,-1.038,-0.423,0.247,-0.723,-3.789,-7.113,-1.512,0.109,-0.482,-1.056,6,1,0,0,1,1,0,0,1,0,0,0.6997205381895328,1.941489317433158,1.1222491019027325,2.5623873979302103,TP1,TP2,False,0.01228327711067576,0.9847006436069372,9.435668527701825e-05,0.0029217225971099434,1,42
T183,0,0,0,3.093,2,58,1,1,-1,1,3,59,8,-3.944314469,361,155,62,0,0,0.311916754,1,8,24,11,43,-0.686,0.065,-0.798,-0.486,1.144,1.62,1.066,1.689,16346.261,23149.843,24133.836,-1.417,7.011,6.592,-0.283,3.029618327,4.382125851,-1.352507523,-0.76,-0.53,0.02,-0.13,0.05,-3.55,-2.07,-3.21,-5.882,1.792,-1.697,-2.773,-1.488,-1.447,-0.037,-1.146,-3.648,-7.564,-5.692,-1.957,-3.832,-1.889,6,1,0,0,1,1,0,0,1,0,0,-0.2149135270812481,2.3089970143189813,2.5561224525608015,3.575734688000849,TP1,TP2,False,0.05450520113871494,0.9435319246944985,0.0005747938815394214,0.0013880802852470817,1,42
T184,0,0,0,1.41,2,53,1,-1,-1,1,3,43,0,-3.837849823,275,111,59,1,0,0.509950682,0,14,27,25,66,-0.579,0.446,-0.637,0.098,1.152,1.627,1.215,1.666,16457.168,23248.185,23801.602,-3.304,-0.406,6.643,0.55,4.597681093,3.731863168,0.865817925,-0.8,-0.44,0.06,-0.15,0.02,-3.53,-2.17,-2.4,-2.307,4.466,-0.389,-2.515,-2.602,-1.952,-1.697,-0.588,-3.644,-7.557,-2.287,1.571,-2.22,0.068,4,1,0,0,0,0,0,0,0,0,1,-1.0856040126960091,0.18610825759376382,0.7839986174965925,1.643948465360943,TP1,TP4,False,0.06145879366536031,0.04465100558252133,0.0016964558591691175,0.8921937448929492,1,42
T189,0,0,1,3.395,3,39,1,1,-1,1,3,52,8,-3.853311033,840,342,137,0,0,0.333798182,0,11,13,8,32,0.036,-0.555,0.228,-0.655,1.522,1.434,1.626,1.603,21741.694,20487.338,22906.097,0.138,0.588,4.384,3.2,2.873665562,4.541716136,-1.668050574,0.24,-0.51,-0.11,0.12,-0.06,0.27,0.65,-1.44,-2.124,5.444,1.82,1.456,3.174,1.581,2.639,1.025,-1.563,-3.97,-0.343,2.218,0.813,2.215,6,1,0,0,1,1,0,0,1,0,0,-0.7837582747139864,0.7972151152527263,2.589026700613217,3.281607811725415,TP1,TP2,False,0.003074014115615135,0.9484558986306323,0.025269903938713183,0.02320018331503942,1,42
T191,0,0,1,3.536,3,60,0,1,-1,1,2,58,8,-3.834474131,232,103,53,0,0,0.357497927,0,8,27,25,60,0.407,-0.457,0.652,-0.557,1.639,1.506,1.825,1.652,23413.105,21510.549,23607.102,3.383,5.232,5.69,5.582,2.892490145,4.846769618,-1.954279473,0.55,-3.33,-0.26,-0.13,-0.1,0.88,2.08,0.66,0.931,6.76,4.223,3.835,4.867,3.277,3.897,4.742,-0.374,-1.138,1.529,3.639,2.826,0.467,7,0,1,1,0,1,1,1,0,0,0,2.614311097960152,0.177857239918497,3.992422984652293,3.250082969895794,TP2,TP1,False,0.8111593657594194,0.13165072440057504,0.05621915096897369,0.0009707588710319841,1,42
T192,0,0,0,1.5,2,32,1,1,-1,1,3,27,8,-3.445286445,113,50,14,0,0,0.252283258,0,10,11,10,31,-0.642,0.194,-0.764,-0.403,1.301,1.598,1.291,1.682,18583.736,22832.593,24028.632,3.552,5.56,5.223,1.274,3.411623701,4.544771343,-1.133147642,-0.77,0.09,0.0,-0.02,0.05,-2.45,-1.49,-2.44,-1.741,3.457,0.277,0.123,-1.075,-0.103,-0.649,1.624,-4.221,-5.828,-0.645,0.487,-1.219,-0.051,6,0,1,1,0,1,0,0,1,0,0,0.6753774703625752,3.2698210371423233,1.7095858979146832,3.1859834775007547,TP1,TP2,False,0.07284283819101983,0.9158558910214883,9.209967179227392e-05,0.011209171115699487,1,42
T194,0,0,0,3.061,2,43,1,1,-1,1,3,50,8,-3.931041192,82,33,28,0,1,0.350404122,0,8,15,4,27,-0.193,0.075,-0.55,-0.3,1.391,1.587,1.305,1.683,19870.835,22676.92,24048.918,3.708,5.989,6.478,0.321,3.853877012,5.083187852,-1.22931084,-1.26,-1.09,0.01,-0.15,-0.02,-1.17,1.13,-3.03,-5.391,2.981,-1.028,-1.312,-2.736,-0.841,-0.725,-0.087,-3.823,-6.59,-2.104,-1.595,-2.591,-1.575,7,1,0,0,1,1,1,1,0,0,0,1.0836041536887158,3.802608418144948,2.3878593974454585,3.2998731016237666,TP1,TP1,True,0.8447981926660724,0.15468210024472095,0.00010904714244680799,0.0004106599467598218,1,42
T195,0,1,0,1.341,1,74,1,-1,-1,-1,3,40,0,-3.711672496,379,183,60,1,1,0.44612918,0,8,24,14,46,-0.416,0.627,-0.385,0.415,1.342,1.699,1.431,1.718,19178.35,24278.264,24550.719,-3.826,-0.787,5.562,2.152,4.726718604,4.114715864,0.61200274,-1.19,-0.43,0.03,-0.11,0.02,-1.48,-1.3,-2.04,-0.756,5.07,0.643,0.512,1.084,1.141,-1.19,0.153,-3.927,-0.872,0.344,1.927,-0.388,1.777,4,1,0,0,0,0,0,0,0,0,1,2.8345274103086253,1.183172435586109,1.233955976783409,1.7158789345351861,TP2,TP4,False,0.0011108688422553936,0.10709804068266704,0.015175119352446996,0.8766159711226306,1,42
T198,1,1,0,0.0,0,63,1,-1,-1,1,3,8,0,-3.412114954,174,80,76,0,1,0.690270867,0,8,20,8,36,0.409,0.185,0.343,-0.374,1.604,1.619,1.714,1.704,22917.31,23127.291,24341.382,-4.266,0.127,4.583,4.244,3.714560439,4.01301383,-0.298453391,-0.08,-1.42,-0.05,-0.14,-0.03,0.51,1.16,-0.78,1.083,5.587,2.61,2.925,3.486,2.441,2.717,-0.051,0.073,-2.753,0.38,2.684,1.783,1.261,4,1,0,0,0,0,0,0,0,0,1,1.7108558709492718,0.6973186354680718,2.2191148811265657,2.1321681833866144,TP2,TP4,False,0.022774207677857938,0.1121837809123205,0.00718661261245556,0.857855398797366,1,42
T200,0,0,0,3.08,2,73,1,1,-1,1,3,18,4,-3.378179938,109,48,12,0,1,0.414165569,0,12,16,6,34,-0.521,-0.513,-0.615,-0.653,1.391,1.578,1.443,1.672,19873.472,22543.163,23885.957,-4.192,-0.692,3.382,2.085,2.446839077,3.315522604,-0.868683527,0.7,-1.87,-0.05,-0.2,-0.03,-2.51,-0.69,-2.71,-1.082,2.302,-0.19,0.286,0.154,0.283,0.143,-3.54,0.862,-6.976,-4.203,-0.86,-0.907,1.111,3,1,0,0,0,0,0,0,0,0,1,4.841300857683608,3.2146396535505932,2.7794297375597954,2.510770567330658,TP4,TP4,True,0.005649278000089929,0.10124387773210096,0.0018975614142620785,0.8912092828535471,1,42
T201,1,1,0,0.0,0,55,1,-1,-1,-1,3,10,0,-4.262156726,219,84,43,0,1,0.705949115,1,9,28,23,60,-0.657,-0.332,-0.679,-0.574,1.268,1.575,1.354,1.672,18122.095,22500.731,23892.775,-2.348,-1.599,4.608,2.481,3.422970924,2.890560758,0.532410166,-0.38,-0.14,-0.01,0.0,0.0,-2.28,-1.15,-1.69,-4.6,3.283,1.463,0.955,-2.815,0.821,0.875,-1.232,-2.072,-7.095,-2.292,0.47,-0.955,0.019,3,1,0,0,0,0,0,0,0,0,1,-1.2975545349685347,0.5663189447602262,0.6682533169762666,-0.022972215298198373,TP1,TP4,False,0.002849457322772825,0.1462212263727554,0.007917497106756774,0.843011819197715,1,42
T203,0,0,0,3.151,2,48,0,1,-1,-1,3,35,8,-4.293275778,53,25,15,0,0,0.099216303,0,3,8,4,15,-0.711,-0.461,-0.887,-0.532,1.039,1.531,0.973,1.662,14847.423,21872.203,23748.589,2.915,7.069,5.841,-0.727,2.58363052,5.02211762,-2.4384871,-1.03,-0.75,0.02,-0.19,0.06,-4.11,-2.14,-3.42,-7.498,0.37,-3.051,-2.468,-4.809,-2.042,-1.627,0.003,-6.429,-7.947,-6.221,-2.895,-3.847,-3.098,6,1,0,0,1,1,0,0,1,0,0,1.1011861477699296,3.6856604907174875,2.0660634386068755,3.0492409708234387,TP1,TP2,False,0.10158802977932119,0.8908074351021453,1.5236149155526508e-05,0.007589298969377827,1,42
T208,1,1,0,0.0,0,53,1,1,-1,-1,3,45,4,-4.506024837,158,69,40,0,1,0.527670676,1,18,27,25,70,0.077,0.415,-0.181,0.131,1.503,1.664,1.533,1.742,21474.115,23769.645,24884.84,-2.607,1.929,5.998,3.142,4.898400311,4.71739267,0.181007641,-1.47,0.02,0.09,-0.03,-0.06,0.47,0.51,-1.56,-0.791,5.082,1.609,2.127,1.802,1.622,2.273,-0.775,-0.482,-3.697,0.454,1.877,1.049,1.747,7,0,1,1,0,1,0,0,1,0,0,3.11364254131954,0.1927839970851275,1.07710380928446,0.8931979878875644,TP2,TP2,True,0.011189502660708851,0.9806639297991843,0.006515272880627839,0.001631294659479175,1,42
T211,1,1,0,0.0,0,49,0,1,-1,-1,3,32,4,-3.263202088,87,37,15,0,1,0.166424472,0,5,15,9,29,0.418,-0.517,0.559,-0.635,1.725,1.456,1.861,1.602,24646.875,20807.214,22894.64,-0.068,2.818,5.355,6.836,3.512646818,4.900744087,-1.388097269,1.12,-2.41,-0.2,-0.09,-0.07,1.3,2.19,1.21,3.182,7.282,4.786,5.544,4.213,4.179,3.766,1.974,0.49,-0.681,3.395,4.703,4.068,3.763,6,1,0,0,1,1,0,0,1,0,0,3.8732934908953176,1.9053773975207453,2.960438764181937,1.8742365336947464,TP4,TP2,False,0.041972826582414025,0.8197897939780546,0.04045428265426632,0.09778309678526499,1,42
T212,0,0,0,1.482,2,74,1,-1,-1,-1,3,26,0,-4.04021842,140,65,28,1,0,0.221599854,0,9,20,6,35,-0.731,0.017,-0.855,-0.327,1.174,1.54,1.062,1.666,16776.111,21996.516,23801.182,0.158,1.274,7.88,1.188,4.208137362,4.943526725,-0.735389363,-1.43,0.18,0.04,-0.01,0.0,-2.38,-0.65,-2.27,-4.091,3.86,0.658,-0.333,-1.628,-0.225,1.389,0.256,-0.56,-7.358,-1.248,-0.129,-1.109,1.131,6,1,0,0,1,1,0,0,1,0,0,0.6171688775855586,1.2825352241060428,0.8391232723427713,0.4934648268448325,TP4,TP2,False,0.04987817030067989,0.802317516173239,0.028440233350722155,0.1193640801753591,1,42
T214,0,0,0,1.611,2,72,1,-1,-1,-1,3,50,0,-3.955823426,159,70,23,0,1,0.410079347,0,10,31,14,55,-0.719,-0.225,-0.812,-0.453,1.11,1.562,1.103,1.678,15853.496,22312.77,23972.056,-0.836,1.118,5.337,0.089,2.949051287,2.954778891,-0.005727604,-1.36,0.23,0.07,-0.07,0.04,-2.83,-1.54,-2.7,-3.842,1.915,-0.137,-1.365,0.328,0.008,-0.459,-2.917,-4.875,-7.222,-2.84,-1.292,-0.83,-0.428,6,1,0,0,1,1,0,0,1,0,0,2.2942116632845897,0.8646414005124436,1.0938710373626819,0.9841347713225594,TP2,TP2,True,0.015791589994683736,0.8319701505534759,0.004759871516085866,0.14747838793575455,1,42
T216,0,0,1,3.706,3,50,1,1,-1,1,3,108,8,-3.66600874,340,134,111,0,1,0.376794378,0,5,3,5,13,0.359,-0.68,-0.153,-0.682,1.57,1.395,1.572,1.609,22424.983,19930.444,22993.451,6.222,4.476,4.641,3.338,2.017332247,4.401735057,-2.38440281,0.16,-1.43,-0.11,-0.08,-0.02,-1.02,-0.24,-1.16,1.195,5.188,2.178,1.267,-0.064,1.312,0.808,1.392,-1.973,-5.25,-0.19,2.636,1.257,1.323,6,1,0,0,1,1,0,0,1,0,0,1.7546240493759062,2.5278011503114532,3.267341776099914,3.8260126751229464,TP1,TP2,False,0.04512596212753852,0.9321743092240296,0.006250554542305506,0.01644917410612655,1,42
A002,0,0,0,4.381,3,57,1,1,-1,1,3,70,8,-3.967478,262,134,60,0,0,0.261300406,1,3,9,4,16,0.588,0.624,0.637,0.314,2.055,2.194,2.221,2.284,22059.99,23555.511,24517.194,1.619,6.752,6.59,4.086,4.042607109,4.265593169,-0.22298606,0.06,-1.16,0.03,-0.19,-0.02,0.05,-0.41,-0.41,-0.484,4.019,3.131,2.863,1.85,1.91,2.937,3.127,0.469,-1.213,0.896,2.65,1.594,4.069,6,1,0,0,1,1,0,0,1,0,0,1.8115454322356987,1.244333938765016,3.130177749970891,4.0461029992781565,TP2,TP2,True,1.9034306838794178e-05,0.9999463597475374,2.4531297062595455e-05,1.0074648561142919e-05,1,42
A004,0,0,0,2.865,2,45,1,1,-1,1,2,44,8,-7.0739864,33,19,0,1,0,0.146476691,0,5,6,0,11,-0.077,-0.732,0.129,-0.603,1.894,1.572,2.048,2.109,20331.419,16870.777,22634.52,1.807,3.317,5.124,3.74,0.829679163,4.501917816,-3.672238653,0.17,1.96,-0.05,0.33,0.04,-1.61,-0.53,-0.3,-0.785,4.554,3.266,2.446,2.62,1.88,3.462,3.631,0.635,-5.597,-1.253,2.288,0.606,1.288,6,1,0,0,1,1,0,0,1,0,0,2.316701152269627,2.3079932898532975,3.106767850723467,2.8124180608387195,TP2,TP2,True,0.0005272917532570056,0.9463606023992065,0.0015811222823785942,0.05153098356515794,1,42
A005,1,0,0,0.0,0,27,1,1,-1,1,3,51,4,-3.5832833,269,138,68,0,1,0.507686998,1,21,35,30,86,0.672,0.582,0.664,0.499,2.233,2.252,2.367,2.346,23970.414,24177.888,25181.154,-2.354,-0.308,5.327,5.618,5.043276825,4.346703404,0.696573421,-0.59,-1.26,0.08,-0.19,-0.1,1.87,2.0,0.66,2.234,5.09,4.284,4.522,1.37,3.308,3.098,0.665,-0.468,-1.237,2.998,3.48,2.867,4.362,6,1,0,0,1,1,0,0,1,0,0,3.012333440587452,0.9117580649420123,1.656038187585959,2.2689565491538906,TP2,TP2,True,0.004558141264881507,0.9926745846836261,0.001277108660742237,0.0014901653907500871,1,42
A007,0,0,0,2.722,2,40,1,1,-1,1,2,21,7,-6.827391,49,29,12,1,0,0.123499002,0,4,6,2,12,-0.034,-0.656,0.229,-0.339,1.923,1.755,2.08,2.186,20639.638,18835.798,23461.553,4.063,3.608,5.134,4.029,1.474393935,3.850658318,-2.376264384,0.57,-0.05,-0.04,-0.03,0.08,-1.33,-1.33,-0.38,-1.654,3.819,3.175,2.329,3.512,1.42,2.79,4.783,-0.048,-2.732,0.083,2.4,0.577,2.162,6,1,0,0,1,1,0,0,1,0,0,0.21777994187321204,2.4460083412289184,3.2432133522903395,3.3187645861594266,TP1,TP2,False,0.0006538635768266298,0.9383514217877952,0.0008570707919268235,0.060137643843451376,1,42
A010,1,0,0,0.0,0,42,1,1,-1,-1,3,22,8,-4.2699236,136,64,38,1,1,0.291685107,0,8,14,8,30,0.225,0.171,0.481,-0.197,2.001,2.047,2.192,2.256,21483.666,21976.766,24218.342,4.223,5.166,5.367,3.912,3.913295771,4.082472133,-0.169176363,-0.45,-0.24,0.04,-0.06,0.0,0.55,-0.08,-0.59,-0.419,4.274,2.913,2.702,2.913,1.724,2.535,3.853,-1.428,-3.286,0.551,2.683,1.194,4.097,6,1,0,0,1,1,0,0,1,0,0,1.5806354033430539,3.181032972563721,1.6038244919341014,1.7518658411734314,TP1,TP2,False,0.00010790124714702157,0.9967967709324833,0.0007874860724551046,0.0023078417479145577,1,42
A012,0,0,0,1.185,1,48,1,1,-1,-1,3,56,8,-3.594931,132,69,19,0,0,0.352518589,0,13,29,12,54,0.638,0.562,0.712,0.444,2.207,2.222,2.414,2.34,23693.915,23851.88,25119.744,3.949,5.457,5.02,6.064,4.46376819,4.559770293,-0.096002103,-0.1,-2.02,0.03,-0.31,-0.02,1.65,1.16,1.18,2.174,4.939,4.838,4.828,3.694,3.472,2.594,0.941,-0.391,-1.044,2.836,4.216,3.131,4.411,6,1,0,0,1,1,0,0,1,0,0,2.9977309674139594,1.2141121098052865,1.6445143545161587,2.3458032453881583,TP2,TP2,True,3.720967677918759e-05,0.9999185255756716,3.889304119212245e-05,5.371706357106277e-06,1,42
A014,0,0,0,3.677,3,63,0,1,-1,1,2,47,8,-5.0733694,25,21,22,0,0,0.162486057,0,5,8,1,14,-0.116,-0.503,-0.497,-0.62,1.914,1.836,2.021,2.174,20549.555,19703.476,23333.628,-0.835,7.804,5.688,3.354,1.898142253,4.995984077,-3.097841824,-0.34,-1.3,-0.01,-0.2,0.03,-1.19,-0.78,-0.81,-1.346,3.22,2.688,1.759,0.429,1.122,0.97,3.7,-3.504,-5.122,0.193,1.599,-0.038,0.907,6,1,0,0,1,1,0,0,1,0,0,3.587251399235955,3.6426881548574275,4.416169020115326,4.953808928793135,TP1,TP2,False,0.010010404405884707,0.965395020197029,0.00012200727297266909,0.024472568124113667,1,42
A017,0,0,0,1.625,2,57,1,1,-1,-1,3,26,8,-4.859264,116,65,47,0,1,0.338163615,0,9,15,5,29,-0.415,0.187,-0.392,-0.117,1.821,2.035,1.957,2.23,19545.062,21842.44,23940.294,3.885,7.253,5.896,2.105,3.664123247,4.430635574,-0.766512327,-0.59,0.35,0.08,-0.03,0.0,-0.29,-0.65,-1.84,-1.639,3.381,1.361,1.106,1.443,1.05,2.024,4.886,-0.092,-4.456,-0.546,0.819,0.076,2.591,6,1,0,0,1,1,0,0,1,0,0,3.02286989279538,3.647475804577976,1.9011456762415806,1.7359838799202727,TP4,TP2,False,9.147248701905224e-05,0.998507501448306,0.000816519891142918,0.000584506173532005,1,42
A023,0,0,0,1.073,1,47,1,1,-1,-1,3,34,8,-3.4648956,92,58,27,0,0,0.431404706,0,14,28,21,63,0.126,0.259,0.372,0.021,1.988,2.064,2.136,2.268,21341.057,22157.625,24345.681,1.082,6.057,7.26,4.004,3.729377229,5.301504943,-1.572127714,-0.62,0.37,0.08,-0.03,0.01,0.13,-0.18,0.24,0.834,4.62,3.852,2.917,0.655,2.118,2.017,3.78,-0.268,-2.874,0.806,3.033,1.232,3.098,6,1,0,0,1,1,0,0,1,0,0,1.8928789831956867,1.548516227473063,0.39887164054345003,0.9318408166679397,TP3,TP2,False,0.0005200637723808516,0.9978933023391348,0.0009633239782079012,0.0006233099102764721,1,42
A042,0,0,0,0.946,1,50,0,-1,-1,-1,3,22,0,-4.407352,32,17,7,1,0,0.511694128,1,3,10,2,15,0.102,0.444,0.418,0.458,1.965,2.163,2.152,2.314,21088.277,23216.108,24841.633,-1.245,-0.583,3.392,4.05,4.559614381,4.477975082,0.081639299,-0.69,1.23,0.08,0.12,-0.01,-0.23,0.79,-1.02,-2.637,4.471,2.43,2.775,4.119,2.143,4.053,7.261,-2.101,-3.923,1.539,1.54,0.674,2.907,6,1,0,0,1,1,0,0,1,0,0,2.6768106610752103,0.6843521899995004,1.62462527463365,1.4470251978373807,TP2,TP2,True,5.568873929445225e-06,0.9979931213617698,5.915585236874488e-06,0.001995394179063917,1,42
A057,0,0,0,1.518,2,54,1,1,-1,1,2,32,8,-3.2928437,25,14,10,0,0,0.153638526,0,2,3,0,5,-0.312,-0.316,-0.623,0.201,1.858,1.959,1.942,2.251,19944.942,21025.657,24159.55,5.598,4.668,5.78,2.991,2.479851189,3.828840618,-1.348989429,-0.54,-0.89,-0.03,-0.19,0.09,-1.74,-1.63,-1.59,-0.26,3.726,1.733,1.848,1.77,0.548,3.563,1.728,-1.432,-4.827,-0.038,1.396,1.691,0.346,6,1,0,0,1,1,0,0,1,0,0,2.402307034974416,2.095204227845399,2.6303195142923372,4.1884941076130975,TP2,TP2,True,0.0026667325537049814,0.992785316458804,0.00010786447298409309,0.004440086514507037,1,42
A067,0,0,0,2.926,2,39,1,1,-1,1,3,33,7,-3.7422008,76,41,39,0,0,0.2613614,0,2,14,0,16,-0.37,-0.248,-0.502,-0.329,1.849,1.938,1.916,2.198,19843.0,20804.509,23598.013,3.612,6.037,7.389,2.778,2.870601405,6.16264448,-3.292043075,-0.74,-0.66,0.05,-0.16,0.02,-1.25,-0.62,-0.55,-0.548,3.503,2.981,1.797,1.006,0.925,1.421,3.558,-1.62,-6.283,0.126,1.781,0.338,2.341,6,1,0,0,1,1,0,0,1,0,0,1.0312950137449604,3.436137488471843,1.9900007261426222,3.0676188583853268,TP1,TP2,False,0.014925896982788482,0.9782873897035375,0.00023076639422041608,0.006555946919453714,1,42
A102,0,0,0,3.772,3,49,1,1,-1,1,3,39,7,-3.557008,110,59,23,1,1,0.389188076,0,11,13,8,32,0.408,0.515,0.494,0.465,2.032,2.16,2.171,2.314,21816.038,23185.861,24836.315,1.47,3.127,5.61,3.706,3.820032491,4.353574721,-0.53354223,-0.91,-0.6,0.05,-0.2,0.05,0.04,-0.22,-0.51,1.621,4.778,3.023,2.941,4.273,1.976,2.364,5.029,-2.124,-2.306,1.201,2.962,1.178,3.156,6,1,0,0,1,1,0,0,1,0,0,3.3863882048116447,1.904895550174536,1.9961223437267261,3.0332450586610777,TP2,TP2,True,0.001447207578477472,0.9748416374618153,0.0006748432294995337,0.023036311730207683,1,42
A149,0,0,0,3.128,2,50,1,1,-1,1,2,44,8,-3.658615,87,41,8,1,0,0.301982012,0,3,6,0,9,-0.36,-0.68,-0.343,-0.437,1.857,1.676,1.991,2.158,19934.927,17995.343,23163.217,3.459,6.832,6.902,2.941,1.21228227,4.427390079,-3.215107809,-0.32,0.82,-0.02,0.11,0.05,-1.31,-0.88,-0.79,-0.324,4.17,2.711,1.814,1.802,1.177,2.951,5.097,-1.109,-4.129,-0.338,2.071,0.737,1.16,6,1,0,0,1,1,0,0,1,0,0,0.9761470751624108,3.0999266311425098,2.387358174392846,3.0230825487780417,TP1,TP2,False,0.00978016831135895,0.9546091482758221,0.0015897406318232715,0.03402094278099572,1,42
A248,0,0,0,1.141,1,48,1,1,-1,-1,3,36,5,-3.77829,105,54,18,0,1,0.396386059,0,6,19,7,32,0.504,0.662,0.616,0.589,2.126,2.305,2.283,2.394,22823.283,24743.133,25694.975,-2.923,1.812,5.371,4.966,5.179385861,2.780366264,2.399019597,-0.81,-1.06,0.08,-0.24,-0.01,1.03,0.25,-0.37,1.313,4.466,3.175,3.344,3.149,2.487,2.58,-0.585,-0.541,-2.228,1.164,3.243,1.951,3.975,6,1,0,0,1,1,0,0,1,0,0,3.104127333958284,0.3563905549126807,1.0347868770020487,2.191097731322671,TP2,TP2,True,1.885008701377932e-05,0.9964911604761938,0.00019351818784212903,0.0032964712489503794,1,42
A253,0,0,0,1.788,2,49,1,1,-1,1,2,25,7,-3.929318,19,12,10,0,0,0.373339895,0,9,6,2,17,0.614,-0.446,0.783,-0.357,2.234,1.895,2.397,2.213,23976.471,20346.268,23755.721,1.319,2.981,5.147,6.286,3.048211354,4.567470736,-1.519259382,0.92,-1.53,-0.09,-0.13,0.0,1.42,0.48,1.92,3.459,6.291,5.598,4.777,3.301,3.636,3.339,4.343,0.2,-3.541,2.343,5.024,2.988,3.72,6,1,0,0,1,1,0,0,1,0,0,1.2819287573116265,1.5231433654976327,2.65240146490868,3.1575147718436014,TP1,TP2,False,0.0009628952671130233,0.9904213045958689,0.0006880878341114226,0.00792771230290667,1,42
A280,0,0,0,3.366,3,46,1,1,-1,1,2,56,8,-3.8205074,113,60,24,0,0,0.140250641,0,4,4,1,9,-0.629,-0.069,-0.671,-0.221,1.794,1.997,1.889,2.241,19255.948,21433.542,24054.313,6.312,6.82,6.869,2.746,2.985221288,5.090291771,-2.105070484,-1.08,0.89,0.09,-0.02,0.08,-1.87,-1.37,-0.9,-0.756,3.746,2.577,1.439,1.206,0.636,2.038,4.778,-3.53,-5.222,-1.159,1.622,-0.403,1.815,6,1,0,0,1,1,0,0,1,0,0,2.243855301585649,3.933185703345421,2.1779623630210656,3.8371750525847803,TP3,TP2,False,0.0007513066023033829,0.9987156244108566,8.141933585987213e-05,0.00045164965098009187,1,42
A292,0,0,0,1.696,2,49,1,1,-1,-1,2,58,8,-3.6879086,29,17,18,0,0,0.250253873,0,1,6,0,7,-0.727,-0.769,-0.83,-0.687,1.565,1.472,1.593,2.103,16795.469,15804.31,22570.398,4.795,5.526,5.782,0.398,0.014029768,4.129527116,-4.115497348,-0.8,-0.02,0.0,-0.05,0.07,-2.87,-1.57,-2.53,-2.01,2.02,0.299,-0.419,-2.193,-0.777,-0.676,3.055,-3.328,-7.068,-3.955,-0.248,-3.042,-0.71,6,1,0,0,1,1,0,0,1,0,0,0.7806533039814925,2.6774779704129656,1.6072575692141637,2.6274464613098765,TP1,TP2,False,0.02404368077120135,0.8997173005498574,0.00028219020918737736,0.07595682846975385,1,42
A304,0,0,0,1.859,2,48,1,1,-1,-1,3,48,3,-3.2654308,100,62,9,0,1,0.50035382,0,8,29,13,50,-0.151,0.468,-0.253,0.436,1.91,2.157,1.995,2.333,20500.733,23159.453,25040.717,-1.618,0.315,5.443,3.462,4.579334546,4.001047637,0.578286908,-1.72,0.81,0.12,0.02,-0.02,-0.13,-0.39,-0.61,0.183,4.588,2.854,1.988,3.791,1.052,3.488,2.618,1.142,-5.075,-0.397,1.351,-0.222,2.159,6,1,0,0,1,1,0,0,1,0,0,4.184803776501483,0.039629602160023314,-0.14475682639130882,0.5057468003373908,TP3,TP2,False,0.00014564061713359612,0.969342965809168,0.004666113083703833,0.025845280489994613,1,42
A332,0,0,0,3.233,2,46,0,1,-1,1,2,60,8,-4.262513,15,10,7,1,0,0.160713418,1,4,7,0,11,-0.49,-0.803,-0.508,-0.6,1.822,1.529,1.956,2.134,19559.944,16416.456,22910.788,1.307,4.439,6.743,3.396,0.658067247,4.829245437,-4.17117819,-0.2,0.17,0.01,0.02,0.01,-1.77,-0.77,0.04,-0.455,3.586,3.634,2.042,0.214,1.82,1.335,6.356,-1.348,-3.599,0.404,2.02,0.358,0.71,6,1,0,0,1,1,0,0,1,0,0,1.9708670064184641,3.327957520225305,3.576719049406435,3.6013638760059727,TP1,TP2,False,0.020371847921929243,0.808569928518403,0.00034146461306601753,0.17071675894660163,1,42
A354,0,0,0,3.298,3,48,1,1,-1,1,2,21,8,-3.767925,24,14,2,0,0,0.277264442,0,7,11,3,21,-0.709,-0.034,-0.797,-0.191,1.622,1.977,1.697,2.224,17411.053,21226.921,23874.241,4.09,5.86,6.236,1.419,3.324847782,5.420570177,-2.095722396,-0.86,0.73,0.07,0.01,0.05,-2.16,-1.4,-2.29,-4.635,2.87,0.645,0.184,-1.297,-0.326,1.731,4.694,-2.655,-7.279,-4.385,-0.117,-1.201,0.482,6,1,0,0,1,1,0,0,1,0,0,3.008384407788771,4.411985036259033,2.0600037482137847,3.1526682978782734,TP3,TP2,False,0.004250286559082795,0.994264524383192,0.00015122792769030138,0.0013339611300348985,1,42
A359,1,0,0,0.0,0,54,1,1,-1,1,3,23,3,-3.7284383,144,78,33,0,1,0.673810745,0,11,18,9,38,0.559,0.485,0.516,0.337,2.133,2.181,2.207,2.31,22893.275,23410.199,24795.498,-1.448,2.749,5.177,3.627,5.014147539,4.091313888,0.922833651,-0.95,-0.19,0.1,-0.03,-0.1,1.09,0.34,-0.45,0.814,4.613,3.091,2.517,1.389,2.324,2.516,1.129,0.51,-4.244,-0.005,2.692,1.187,2.902,6,1,0,0,1,1,0,0,1,0,0,3.509640148598865,1.4071465121887696,1.53842196331241,2.09691094043347,TP2,TP2,True,0.0006090259335435541,0.9837635444731277,0.0006239016780176633,0.015003527915311175,1,42
A398,0,0,0,3.467,3,50,0,1,-1,1,2,46,8,-4.3015813,20,15,2,1,0,0.13515221,0,2,6,0,8,-0.521,-0.782,-0.512,-0.492,1.809,1.553,1.957,2.135,19418.756,16673.453,22917.628,3.64,5.251,6.954,3.357,0.972370178,4.764021388,-3.791651209,-0.83,1.28,0.03,0.13,0.05,-1.22,-0.85,-0.5,0.002,3.785,3.034,2.1,0.867,1.262,1.177,5.13,-1.467,-6.674,-0.629,1.952,0.621,2.315,2,1,0,0,0,0,0,0,0,0,1,2.9185845799317764,3.9606387197344364,3.0837717584503546,3.277889029360556,TP1,TP4,False,0.0065117151023576835,0.44225349289362215,0.0004697635210784575,0.5507650284829417,1,42
A419,0,0,0,2.645,2,52,0,1,-1,1,2,30,8,-4.3875174,64,37,17,0,0,0.238990012,0,4,7,3,14,-0.117,-0.377,0.22,-0.572,1.951,1.97,2.108,2.208,20947.222,21147.059,23703.517,2.211,5.662,4.522,3.584,2.637564074,4.496545044,-1.85898097,0.18,0.5,0.03,0.03,0.04,-1.33,-1.09,-0.48,0.271,4.062,3.054,2.05,0.338,1.313,1.734,3.348,-2.175,-6.913,-0.022,2.789,0.445,2.166,6,1,0,0,1,1,0,0,1,0,0,2.4141250438849293,2.936014777308628,2.8925018976676604,3.4995884206113814,TP1,TP2,False,0.0002365508958116262,0.9799263889212001,4.614175959102918e-05,0.019790918423397145,1,42
A463,0,0,0,1.217,1,48,1,1,-1,-1,3,21,8,-4.074614,52,27,26,0,1,0.323486358,0,6,7,4,17,0.472,0.218,0.432,0.303,2.067,2.036,2.174,2.269,22182.684,21851.099,24361.506,5.155,4.759,6.097,3.992,3.674381673,4.50797251,-0.833590837,-0.57,-0.58,0.02,-0.09,-0.01,0.37,-0.18,0.16,0.386,5.079,3.757,3.137,2.394,2.286,2.835,4.302,-0.572,-1.68,1.896,3.3,1.696,3.867,6,1,0,0,1,1,0,0,1,0,0,2.229078819708522,1.552082164693362,1.7541917251951844,2.2063190341812127,TP2,TP2,True,0.0001075450229958737,0.9987365254712878,0.0002936859338247999,0.0008622435718915047,1,42
A476,0,0,0,2.126,2,36,1,1,-1,1,2,33,8,-4.5464367,37,18,42,0,0,0.315726418,1,4,15,3,22,0.133,0.131,-0.247,-0.321,1.98,2.01,2.019,2.217,21258.253,21577.621,23803.036,3.126,6.445,6.475,3.624,3.350323489,5.491409062,-2.141085573,-0.62,-0.48,0.05,-0.14,0.02,-0.27,-0.74,-1.0,1.177,4.481,2.438,2.419,1.805,1.571,1.77,4.134,-2.218,-2.189,0.592,2.724,0.851,2.846,5,1,0,0,1,1,0,0,1,0,0,0.7441158802738439,4.155911843448753,2.82759829179725,3.893083960659923,TP1,TP2,False,0.004441298051310366,0.9951814039966259,5.5213960730831635e-05,0.0003220839913329474,1,42
A524,0,0,0,3.233,2,49,1,1,-1,1,2,51,8,-4.3377627,84,45,19,1,0,0.191741168,1,4,6,0,10,0.213,-0.405,0.192,-0.257,1.983,1.887,2.058,2.211,21288.127,20257.141,23729.78,-0.761,4.883,6.145,3.361,2.322623341,5.247790404,-2.925167063,0.1,-0.42,-0.12,0.06,0.01,-1.08,-0.54,-0.84,-2.077,4.682,2.639,2.168,1.623,1.515,4.074,3.97,0.042,-4.97,-0.721,2.374,0.245,2.626,6,1,0,0,1,1,0,0,1,0,0,1.0464753356527126,2.2894914038494614,3.1786227859018625,3.6447200899061762,TP1,TP2,False,0.0021023220105479577,0.9956795365617916,0.000696054636259565,0.0015220867914008634,1,42
A530,0,0,0,2.025,2,45,1,1,-1,-1,3,28,7,-3.2068948,83,42,18,0,1,0.637201551,0,7,13,5,25,0.586,-0.719,0.564,-0.34,2.099,1.63,2.243,2.168,22532.717,17495.46,23277.079,1.651,6.144,5.983,4.053,0.59884803,3.542538614,-2.943690584,0.13,-1.43,-0.07,-0.14,0.0,0.03,-0.27,-0.09,0.888,4.305,3.495,2.632,1.54,1.871,2.554,6.286,-1.557,-5.915,0.833,2.792,1.293,3.845,6,1,0,0,1,1,0,0,1,0,0,0.09663039237290416,0.7009492500689252,1.4482168066176702,1.393363479975098,TP1,TP2,False,0.0044986249747826276,0.924761214861095,0.0015258447163033362,0.06921431544781906,1,42
A538,0,0,0,3.593,3,56,1,1,-1,1,2,36,8,-3.169434,33,16,26,0,0,0.307718769,0,9,10,5,24,0.382,0.003,-0.128,-0.059,1.988,1.952,2.0,2.192,21337.418,20949.634,23535.044,-2.063,6.857,5.365,3.563,3.175250914,5.43277705,-2.257526136,-0.34,-0.93,-0.01,-0.14,0.0,-0.81,-0.44,-0.49,-2.324,4.37,3.029,2.052,1.999,1.605,3.819,3.646,-0.938,-6.352,-0.257,2.18,0.588,1.446,6,1,0,0,1,1,0,0,1,0,0,2.4385996312419302,0.8565031193261168,2.0824100706919872,3.0788476977288006,TP2,TP2,True,0.002579509521586015,0.9963982674565669,0.00021060774631715556,0.0008116152755298333,1,42
A565,0,0,0,2.37,2,35,1,1,-1,-1,3,30,5,-4.0813316,26,14,0,0,1,0.0,0,0,0,0,0,0.342,-0.661,0.477,-0.486,2.049,1.718,2.199,2.182,21993.163,18444.321,23420.833,0.427,3.685,5.294,4.918,1.376476646,4.230769398,-2.854292752,-0.64,-1.65,-0.09,-0.18,0.03,-0.39,-0.51,0.51,1.495,5.002,4.132,3.717,2.706,2.182,2.867,3.418,0.954,-1.872,1.53,3.123,1.13,1.009,3,1,0,0,0,0,0,0,0,0,1,0.9224940163707189,1.039430848636081,1.8893036557588265,2.6385376914196437,TP1,TP4,False,0.0015040856461804965,0.2806894842465006,0.0008121390700258117,0.7169942910372932,1,42
A581,0,0,0,1.916,2,53,1,-1,-1,-1,2,34,0,-4.5693983,46,27,10,0,0,0.150315527,0,1,3,0,4,-0.218,-0.112,0.162,0.238,1.909,1.929,2.039,2.252,20488.409,20707.619,24176.202,0.597,0.316,5.21,3.49,3.517262332,4.713586168,-1.196323837,-1.24,0.86,0.04,0.06,0.03,-0.69,-0.45,-0.94,1.263,5.507,2.528,2.101,3.831,1.653,4.058,1.215,0.435,-4.894,-0.196,2.518,0.446,2.915,6,1,0,0,1,1,0,0,1,0,0,1.5001449365920403,0.5604047675702817,1.1252065739001507,1.974997014173593,TP2,TP2,True,0.00015170601815949345,0.9579831490659718,0.000429580072255333,0.0414355648436133,1,42
A637,0,0,0,0.947,1,65,1,-1,-1,1,3,38,0,-3.2755877,151,70,46,0,1,0.661300329,1,9,22,10,41,0.223,0.678,0.093,0.564,1.983,2.311,2.079,2.371,21288.331,24812.389,25447.508,-1.204,0.235,6.109,3.41,5.980248183,3.871326955,2.108921228,-1.35,0.6,0.13,-0.03,-0.02,0.81,0.99,-0.88,-0.489,4.753,2.613,2.184,3.845,1.664,2.942,3.205,0.109,-5.648,0.165,1.722,0.745,3.878,6,1,0,0,1,1,0,0,1,0,0,2.856602765829198,1.1536101090353,1.8943023175523843,2.135031389300188,TP2,TP2,True,0.00024314011932078376,0.9937444809019791,0.0009522062200802954,0.005060172758619807,1,42
A665,0,0,0,1.437,2,55,1,1,-1,-1,2,40,8,-4.2098955,60,37,10,0,0,0.244228168,0,6,6,0,12,0.351,0.55,-0.16,0.243,1.997,2.151,2.03,2.287,21439.745,23087.879,24551.66,4.138,8.511,6.32,3.55,4.146680517,5.744134728,-1.597454211,-1.24,-0.41,0.06,-0.14,0.01,-0.53,-0.18,-0.24,-0.739,4.58,3.317,1.983,1.381,1.623,1.672,3.301,-2.341,-4.952,-0.841,2.783,1.123,2.532,6,1,0,0,1,1,0,0,1,0,0,3.4228952697696364,2.1712458214157624,1.8878046091318388,3.2251074437834593,TP3,TP2,False,0.00012284945909605397,0.9998402274063002,2.270849276457161e-05,1.4214641839292548e-05,1,42
A734,0,0,0,1.537,2,46,1,1,-1,-1,2,33,8,-4.279512,75,29,9,1,0,0.083559309,0,3,3,4,10,0.273,0.297,-0.009,-0.081,1.969,1.997,2.0,2.201,21139.333,21438.502,23631.468,2.394,5.263,6.608,2.081,3.564338518,5.829256695,-2.264918178,-0.37,-1.25,-0.04,-0.15,0.0,-0.31,-0.59,-1.37,-2.625,4.857,2.015,1.069,0.42,0.764,3.133,0.632,-0.653,-3.454,-0.219,1.117,-0.555,2.944,6,1,0,0,1,1,0,0,1,0,0,-0.015045261260365761,2.2270404575591467,1.8259608740291782,2.7790217864941438,TP1,TP2,False,0.003308430824727159,0.9956506444468132,0.0004490849460730414,0.000591839782386708,1,42
A767,0,0,0,1.636,2,57,1,1,-1,-1,3,21,3,-4.639152,266,139,58,0,1,0.537662304,1,12,30,18,60,0.059,-0.198,0.26,-0.389,1.966,1.963,2.089,2.217,21104.636,21071.81,23793.893,1.046,2.281,6.199,3.266,3.735847915,3.321125508,0.414722407,-0.47,0.2,0.07,0.03,-0.06,0.56,-0.02,-0.97,-2.063,3.849,2.502,1.8,2.204,0.924,2.657,3.497,0.512,-7.213,-0.455,1.107,0.218,2.8,6,1,0,0,1,1,0,0,1,0,0,1.4380004927093781,1.0181718771265518,1.2779120817613512,0.4105329321122091,TP4,TP2,False,0.00020101246138862623,0.9831150902001313,0.011485428060828416,0.0051984692776516845,1,42
T185,1,1,0,0.0,0,35,1,1,1,-1,3,33,3,-3.312091596,162,71,34,0,1,0.310181997,0,13,13,8,34,-0.603,0.157,-0.529,-0.385,1.333,1.579,1.432,1.675,19047.742,22556.459,23927.819,0.721,0.755,11.27,2.058,3.415859864,4.831610042,-1.415750178,-0.65,0.24,0.03,0.01,0.0,-1.1,-0.81,-1.69,-0.767,3.891,1.502,0.752,-1.019,0.241,0.781,-1.523,-2.387,-6.996,-1.044,0.789,-0.203,0.276,7,1,0,0,1,1,1,1,0,0,0,1.6183773578418614,2.1210743578257514,-0.3070212726984465,0.6586767463186156,TP3,TP1,False,0.963620874138704,0.015066373004352651,0.014147163372204894,0.007165589484738499,1,42
T186,1,1,0,0.0,0,59,1,-1,1,1,2,31,0,-3.316680922,122,63,4,1,1,0.224818283,0,10,15,5,30,0.387,-0.114,0.446,-0.438,1.604,1.57,1.709,1.688,22922.301,22428.001,24110.094,-1.038,-0.049,9.939,4.459,3.179686802,4.301734332,-1.12204753,0.17,-1.74,-0.12,-0.14,-0.01,-0.11,0.35,-0.37,2.725,5.989,3.112,2.979,1.591,2.047,2.406,-1.364,-0.954,-5.528,0.854,3.225,1.953,1.422,7,1,0,0,1,1,1,1,0,0,0,0.6649940076117764,1.2126547320171586,1.4505546278720562,1.7510750183971577,TP1,TP1,True,0.9701348952005294,0.0005638920840106942,0.015218828047952028,0.014082384667507776,1,42
T187,0,1,0,1.271,1,59,1,-1,1,1,3,18,0,-3.717039868,159,69,29,0,0,0.399803081,0,11,30,12,53,0.429,-0.283,0.346,-0.471,1.584,1.539,1.682,1.664,22630.398,21980.86,23773.649,-2.962,1.482,11.512,4.771,3.107285154,4.113504298,-1.006219144,-0.11,-1.62,-0.06,-0.14,-0.04,0.17,0.26,-0.13,0.29,5.44,3.375,2.972,2.515,2.28,2.535,0.49,-2.092,-1.443,1.005,2.632,1.672,1.37,4,1,0,0,1,1,1,1,0,0,0,-1.225447168471544,0.27365903465823216,0.949352285816575,1.1338381520929302,TP1,TP1,True,0.9884059869162997,0.0013712128061769597,0.0084965802707081,0.0017262200068152813,1,42
T188,1,1,0,0.0,0,76,1,1,1,-1,2,60,4,-3.804741411,272,127,47,1,0,0.456585263,0,11,32,17,60,-0.572,-0.121,-0.519,-0.497,1.358,1.589,1.454,1.674,19406.281,22698.272,23909.996,-2.165,0.184,8.893,2.431,3.627961172,4.008441251,-0.380480079,-0.61,-1.12,-0.03,-0.13,-0.01,-1.05,-0.52,-1.85,-2.754,4.046,1.256,0.981,0.37,0.592,0.934,0.664,-1.553,-6.049,-0.559,1.148,0.289,1.213,4,1,0,0,0,0,1,0,0,1,0,3.6247757425418974,1.3411975397286622,1.5145847789421467,1.444165404410561,TP2,TP3,False,0.16365045581754759,0.018280254776420743,0.8139852632115226,0.0040840261945090505,1,42
T190,1,1,0,0.0,0,55,1,-1,1,-1,2,24,2,-3.103020701,553,226,160,0,1,0.254328117,0,8,15,7,30,0.425,-0.272,0.531,-0.517,1.638,1.558,1.757,1.674,23394.972,22256.71,23923.193,-0.209,1.305,10.191,5.215,3.1625986,4.797027108,-1.634428508,0.67,-2.76,-0.21,-0.17,-0.03,-0.14,0.25,1.04,2.264,6.559,4.619,3.332,3.256,3.061,3.556,1.365,-0.469,-2.0,1.645,4.115,2.795,1.226,4,1,0,0,0,0,1,0,0,1,0,-1.5977499766697831,-1.1085427898365663,0.7173632248725766,1.126209162478698,TP1,TP3,False,0.13802796323525493,0.001599215155553856,0.8525485756301832,0.007824245979008113,1,42
T193,0,0,0,2.062,2,48,1,1,1,-1,3,60,8,-3.696416533,118,41,20,0,1,0.210341122,0,12,22,18,52,-0.728,-0.472,-0.846,-0.472,1.154,1.471,1.114,1.668,16489.989,21012.215,23836.549,4.719,5.379,6.725,1.255,2.787236521,5.657549582,-2.870313061,-1.19,-0.14,0.03,-0.11,0.06,-3.18,-1.24,-2.18,-4.102,3.234,0.79,-0.584,0.0,-0.099,0.085,-1.063,-2.503,-7.403,-1.806,-0.296,-2.623,-1.681,7,0,1,1,0,1,1,1,0,0,0,1.9901845317401254,2.095313978504497,1.082754993718762,1.4623487482674575,TP3,TP1,False,0.9459897879556577,0.036845384382969006,0.015171976285903966,0.001992851375469327,1,42
T196,1,1,0,0.0,0,58,1,1,1,1,3,43,8,-4.059252546,181,76,60,0,0,0.216415773,0,3,23,11,37,-0.788,0.302,-0.879,-0.302,1.046,1.64,1.048,1.708,14944.395,23435.887,24397.029,-1.659,7.454,9.53,-0.68,3.587597391,5.028907608,-1.441310217,-0.88,0.34,0.03,-0.03,0.07,-3.82,-2.31,-3.19,-3.942,1.989,-1.483,-2.627,-0.56,-1.133,0.858,0.656,-4.172,-7.366,-3.775,-2.282,-2.846,-0.746,7,0,1,1,0,1,1,1,0,0,0,1.2455009461894047,1.1329470552648044,1.206686980929041,2.353324844030582,TP2,TP1,False,0.9227393518094242,0.06976703644876146,0.006882447969461121,0.0006111637723531327,1,42
T197,0,0,0,1.543,2,62,1,1,1,-1,3,21,8,-4.506213774,103,36,17,1,0,0.168124561,0,2,4,0,6,-0.618,-0.592,-0.693,-0.672,1.227,1.445,1.193,1.612,17528.606,20637.722,23023.688,2.255,5.755,10.175,0.122,2.010624551,3.720853853,-1.710229302,0.01,-0.91,-0.06,-0.1,0.03,-3.08,-1.45,-3.33,-3.407,2.745,-2.761,-2.068,-2.075,-1.291,0.601,-2.698,-2.79,-5.148,-3.365,-1.98,-2.299,-1.321,7,1,0,0,1,1,1,1,0,0,0,-1.7692771212586635,3.0318092408931077,1.3249555145729413,1.7741683836378168,TP1,TP1,True,0.9784077732348263,0.01709375113469085,0.0026312908028342952,0.0018671848276486263,1,42
T204,1,1,0,0.0,0,55,1,-1,1,-1,2,20,0,-3.924618631,559,228,130,0,0,0.511475517,0,5,17,2,24,-0.575,-0.025,-0.647,-0.282,1.293,1.568,1.387,1.682,18472.227,22401.564,24024.598,-2.2,4.629,10.484,1.847,2.963166789,4.910284202,-1.947117413,-0.84,-1.02,-0.04,-0.16,0.04,-2.27,-1.47,-2.24,-2.283,3.807,0.673,0.338,0.03,0.259,1.506,1.012,-3.613,-7.414,-1.234,0.951,-0.729,-0.038,7,1,0,0,1,1,1,1,0,0,0,-2.1873368157593163,0.27344140936046624,0.6502035217031374,1.8285432942354478,TP1,TP1,True,0.8819176411359556,0.016203063015760234,0.07444589653411766,0.027433399314166527,1,42
T205,0,0,0,2.303,2,53,1,1,1,-1,3,15,3,-3.628473125,58,26,19,0,1,0.403673599,0,13,21,17,51,-0.662,-0.614,-0.813,-0.553,1.277,1.418,1.27,1.652,18247.675,20264.924,23596.227,4.332,4.792,9.439,2.474,2.608048068,4.396220439,-1.788172371,-1.05,-0.32,-0.02,-0.09,0.06,-2.62,-1.31,-1.71,0.202,4.587,1.449,1.1,-0.56,0.703,0.284,-0.015,-2.465,-4.813,-1.328,1.983,-0.163,-0.323,7,0,1,1,0,1,1,1,0,0,0,1.2302608834901094,2.249214211328896,0.22230281254755369,0.29403757923478757,TP3,TP1,False,0.960318857519834,0.0030421800588988903,0.018319424873739835,0.018319537547527274,1,42
T206,0,1,0,1.331,1,55,1,1,1,-1,3,36,8,-4.640040532,125,50,9,0,1,0.276452734,0,4,23,15,42,-0.556,-0.388,-0.594,-0.566,1.332,1.501,1.34,1.63,19027.834,21447.797,23283.873,4.136,5.235,9.221,2.154,4.174804083,5.018694901,-0.843890818,-0.54,0.06,-0.06,0.09,0.0,-1.74,-0.37,-1.91,-2.553,5.178,1.168,0.69,1.001,1.017,3.066,4.663,-1.07,-5.223,-2.724,1.193,-0.807,2.359,4,1,0,0,0,0,1,0,0,1,0,1.7999714096639172,3.021799274243152,1.3070109581639775,0.5289946873163911,TP4,TP3,False,0.17626967165465499,0.03924841702243992,0.7839311883309236,0.0005507229919815923,1,42
T207,1,1,0,0.0,0,61,1,-1,1,1,3,97,0,-3.82360593,204,92,15,0,0,0.432253389,1,16,26,14,56,-0.251,0.457,-0.287,0.219,1.336,1.544,1.374,1.636,19081.872,22054.448,23379.901,-1.269,1.25,10.747,2.077,3.712787663,4.179430223,-0.466642561,-0.69,0.32,0.0,0.05,0.0,-1.72,-0.72,-1.81,-1.365,6.021,1.122,0.141,-2.686,-0.095,0.174,2.772,-2.379,-6.96,-1.658,1.897,0.228,3.049,7,1,0,0,1,1,1,1,0,0,0,1.4918879244561347,0.33861968524477826,0.9742304014555576,1.1807334493808193,TP2,TP1,False,0.9389004557030818,0.043456367186989794,0.016827832086525288,0.0008153450234032287,1,42
T209,1,1,0,0.0,0,55,1,1,1,-1,3,60,5,-5.043132153,130,45,19,0,0,0.273259908,0,5,15,15,35,-0.76,-0.6,-0.887,-0.693,1.099,1.406,1.073,1.592,15705.013,20084.148,22747.69,1.89,1.915,10.439,1.061,2.575944427,4.372911687,-1.79696726,-0.41,-0.56,-0.02,-0.1,0.05,-3.54,-1.78,-2.2,-1.317,3.08,0.744,-0.269,-0.606,-0.115,0.699,-0.378,-3.93,-7.468,-1.616,-0.069,-2.423,0.282,7,1,0,0,1,1,1,1,0,0,0,-0.11965094495469653,0.7754998135860169,1.1371134376671435,1.3983627375937009,TP1,TP1,True,0.9367716661010607,0.033007344976889896,0.027000996316985753,0.003219992605063775,1,42
T210,1,1,0,0.0,0,48,1,1,1,-1,2,23,3,-4.298068302,83,39,32,1,0,0.065527027,0,1,5,0,6,-0.807,-0.458,-0.872,-0.517,0.954,1.449,0.912,1.621,13624.828,20705.247,23153.23,1.484,2.966,11.224,-0.648,3.411614752,4.3587682,-0.947153448,-1.32,0.85,0.03,0.06,0.05,-3.65,-2.04,-3.19,-3.982,2.626,-1.455,-1.739,-1.935,-0.597,0.752,0.954,-3.924,-6.889,-5.785,-2.009,-2.326,0.379,7,1,0,0,1,1,1,1,0,0,0,-0.03176319048424303,2.499751770299455,0.3353565430560034,1.110659448848367,TP1,TP1,True,0.9450775527692238,0.030725986437575643,0.01693939879963946,0.007257061993561145,1,42
T213,1,1,0,0.0,0,50,1,-1,1,1,3,18,0,-2.79471863,87,47,7,1,1,0.296527441,1,6,20,13,39,-0.503,-0.396,-0.644,-0.501,1.384,1.541,1.394,1.672,19773.538,22018.09,23886.701,-1.261,0.264,9.827,1.591,3.246470374,3.103918841,0.142551533,0.04,-1.01,-0.01,-0.14,0.0,-2.15,-0.55,-2.17,-0.059,3.478,0.779,0.091,-1.009,0.235,0.888,0.037,-1.245,-4.459,-1.575,1.141,-0.151,1.723,7,1,0,0,1,1,1,1,0,0,0,-1.8394849865833125,2.437671295229444,0.8097850808063313,0.6921146963915422,TP1,TP1,True,0.9181550188166345,0.0012360205325732583,0.007259406096414255,0.07334955455437803,1,42
T215,1,1,0,0.0,0,33,1,-1,1,-1,3,29,0,-3.501901475,196,86,87,0,0,0.581378073,0,22,37,23,82,0.009,0.161,-0.11,-0.462,1.517,1.641,1.577,1.691,21675.333,23451.147,24159.382,0.424,1.154,8.789,3.132,4.180658851,3.634218203,0.546440648,-0.62,-0.9,0.0,-0.08,-0.04,-0.16,0.55,-0.93,0.068,4.619,2.441,2.071,0.271,1.45,1.748,-1.402,-1.679,-2.223,0.424,2.102,1.492,1.648,7,1,0,0,1,1,1,1,0,0,0,-1.4668350891330166,0.9036020395029154,-0.6971020099727493,-0.39729805057331047,TP1,TP1,True,0.9718339137567756,0.015335682689260655,0.011775762833728722,0.0010546407202349888,1,42
T217,0,1,0,1.004,1,61,1,1,1,-1,2,25,7,-3.651364875,177,74,67,1,0,0.292553961,0,9,17,6,32,0.277,-0.249,-0.098,-0.576,1.558,1.545,1.568,1.643,22261.026,22077.442,23472.801,3.884,6.85,9.492,3.377,3.483856926,4.852187651,-1.368330725,0.09,-1.97,-0.14,-0.12,-0.03,-0.91,-0.17,-1.29,1.893,5.626,2.007,1.88,1.232,1.417,3.399,1.643,-1.941,-3.86,0.218,2.812,1.383,2.589,7,1,0,0,1,1,1,1,0,0,0,0.23530759839878757,2.0903846499755776,1.419715170925698,1.5031157806815418,TP1,TP1,True,0.9065936348614103,0.028739200852163218,0.06458337692948257,8.378735694402957e-05,1,42
T218,0,0,0,3.072,2,40,1,1,1,1,3,34,8,-3.607653008,67,33,11,1,1,0.252727084,0,9,13,6,28,-0.613,-0.409,-0.698,-0.492,1.312,1.51,1.328,1.665,18738.522,21566.504,23793.166,3.272,6.405,5.784,1.321,3.205838073,4.825693524,-1.619855451,-0.89,-0.25,-0.02,-0.03,0.01,-1.44,-1.06,-2.18,-2.634,4.083,0.702,0.332,-0.919,0.15,1.591,1.377,-2.838,-5.677,-0.463,0.54,-0.604,0.146,7,1,0,0,1,1,1,1,0,0,0,1.4946226150749635,4.346463530878594,2.468367052762101,2.879804297895155,TP1,TP1,True,0.959642442257325,0.030756596601999187,0.003648361379957896,0.005952599760717935,1,42
T177,0,1,0,1.014,1,49,1,1,-1,-1,3,35,8,-3.842312436,146,89,26,0,0,0.319808818,0,9,30,19,58,-0.588,-0.291,-0.724,-0.555,1.255,1.551,1.235,1.645,17931.089,22165.373,23502.919,4.198,6.027,6.08,0.975,3.34557227,3.944710554,-0.599138283,-0.61,-0.24,-0.02,-0.01,0.02,-2.17,-0.78,-2.45,-5.092,3.339,0.035,-1.346,-0.443,-0.361,1.77,0.707,-2.512,-5.931,-3.464,-0.551,-1.288,0.268,7,1,0,0,1,1,0,0,1,0,0,0.0445267834782519,2.2645437108916795,1.109074428240389,1.1222837907600867,TP1,TP2,False,0.021232575782677687,0.9743833133691613,0.0039039727951941075,0.0004801380529670189,2,43
T179,1,1,0,0.0,0,57,1,1,-1,1,3,12,6,-3.491669617,67,23,15,0,1,0.52915936,0,5,19,11,35,0.622,0.48,0.636,0.222,1.67,1.691,1.766,1.746,23865.905,24164.468,24943.247,-3.106,2.85,5.02,5.209,4.831343569,3.820626177,1.010717392,-0.57,-1.65,-0.06,-0.16,-0.04,0.86,0.82,0.12,1.779,6.099,3.633,3.574,1.987,2.64,2.984,-1.379,-0.533,-2.572,1.284,3.475,2.633,1.889,6,1,0,0,1,1,0,0,1,0,0,2.720441944034158,-0.31410491078454594,2.1698817994242896,2.6234936358705463,TP2,TP2,True,0.032488473013476876,0.8597643392301858,0.006125071216097803,0.10162211654023938,2,43
T182,0,1,0,1.102,1,39,1,1,-1,-1,3,29,8,-3.451055872,49,20,56,0,0,0.195487734,0,7,10,7,24,-0.63,0.133,-0.652,-0.431,1.324,1.61,1.403,1.703,18915.927,23007.751,24335.642,1.658,6.325,6.024,1.64,3.220976545,3.721792269,-0.500815723,-0.66,-0.25,0.01,-0.08,0.04,-2.15,-1.15,-2.17,-2.064,3.372,0.773,0.01,-1.038,-0.423,0.247,-0.723,-3.789,-7.113,-1.512,0.109,-0.482,-1.056,6,1,0,0,1,1,0,0,1,0,0,0.7353685643682271,1.9315513453812767,1.2655774974980205,2.698603859805612,TP1,TP2,False,0.01228327711067576,0.9847006436069372,9.435668527701825e-05,0.0029217225971099434,2,43
T183,0,0,0,3.093,2,58,1,1,-1,1,3,59,8,-3.944314469,361,155,62,0,0,0.311916754,1,8,24,11,43,-0.686,0.065,-0.798,-0.486,1.144,1.62,1.066,1.689,16346.261,23149.843,24133.836,-1.417,7.011,6.592,-0.283,3.029618327,4.382125851,-1.352507523,-0.76,-0.53,0.02,-0.13,0.05,-3.55,-2.07,-3.21,-5.882,1.792,-1.697,-2.773,-1.488,-1.447,-0.037,-1.146,-3.648,-7.564,-5.692,-1.957,-3.832,-1.889,6,1,0,0,1,1,0,0,1,0,0,-0.09530813723136777,2.4420192123651727,2.661531091983628,3.6761404294979636,TP1,TP2,False,0.05450520113871494,0.9435319246944985,0.0005747938815394214,0.0013880802852470817,2,43
T184,0,0,0,1.41,2,53,1,-1,-1,1,3,43,0,-3.837849823,275,111,59,1,0,0.509950682,0,14,27,25,66,-0.579,0.446,-0.637,0.098,1.152,1.627,1.215,1.666,16457.168,23248.185,23801.602,-3.304,-0.406,6.643,0.55,4.597681093,3.731863168,0.865817925,-0.8,-0.44,0.06,-0.15,0.02,-3.53,-2.17,-2.4,-2.307,4.466,-0.389,-2.515,-2.602,-1.952,-1.697,-0.588,-3.644,-7.557,-2.287,1.571,-2.22,0.068,4,1,0,0,0,0,0,0,0,0,1,-1.1430393409523152,-0.07684883436590884,0.8869346096967468,1.6505848269947854,TP1,TP4,False,0.06145879366536031,0.04465100558252133,0.0016964558591691175,0.8921937448929492,2,43
T189,0,0,1,3.395,3,39,1,1,-1,1,3,52,8,-3.853311033,840,342,137,0,0,0.333798182,0,11,13,8,32,0.036,-0.555,0.228,-0.655,1.522,1.434,1.626,1.603,21741.694,20487.338,22906.097,0.138,0.588,4.384,3.2,2.873665562,4.541716136,-1.668050574,0.24,-0.51,-0.11,0.12,-0.06,0.27,0.65,-1.44,-2.124,5.444,1.82,1.456,3.174,1.581,2.639,1.025,-1.563,-3.97,-0.343,2.218,0.813,2.215,6,1,0,0,1,1,0,0,1,0,0,-0.7977707014821314,0.9180167218735409,2.740137031465964,3.281227673094322,TP1,TP2,False,0.003074014115615135,0.9484558986306323,0.025269903938713183,0.02320018331503942,2,43
T191,0,0,1,3.536,3,60,0,1,-1,1,2,58,8,-3.834474131,232,103,53,0,0,0.357497927,0,8,27,25,60,0.407,-0.457,0.652,-0.557,1.639,1.506,1.825,1.652,23413.105,21510.549,23607.102,3.383,5.232,5.69,5.582,2.892490145,4.846769618,-1.954279473,0.55,-3.33,-0.26,-0.13,-0.1,0.88,2.08,0.66,0.931,6.76,4.223,3.835,4.867,3.277,3.897,4.742,-0.374,-1.138,1.529,3.639,2.826,0.467,7,0,1,1,0,1,1,1,0,0,0,2.7723380934570594,0.38447222976942097,4.107950053867172,3.327083474920234,TP2,TP1,False,0.8111593657594194,0.13165072440057504,0.05621915096897369,0.0009707588710319841,2,43
T192,0,0,0,1.5,2,32,1,1,-1,1,3,27,8,-3.445286445,113,50,14,0,0,0.252283258,0,10,11,10,31,-0.642,0.194,-0.764,-0.403,1.301,1.598,1.291,1.682,18583.736,22832.593,24028.632,3.552,5.56,5.223,1.274,3.411623701,4.544771343,-1.133147642,-0.77,0.09,0.0,-0.02,0.05,-2.45,-1.49,-2.44,-1.741,3.457,0.277,0.123,-1.075,-0.103,-0.649,1.624,-4.221,-5.828,-0.645,0.487,-1.219,-0.051,6,0,1,1,0,1,0,0,1,0,0,0.6279892279624399,3.175804590852846,1.7872406381099357,3.2714147520031815,TP1,TP2,False,0.07284283819101983,0.9158558910214883,9.209967179227392e-05,0.011209171115699487,2,43
T194,0,0,0,3.061,2,43,1,1,-1,1,3,50,8,-3.931041192,82,33,28,0,1,0.350404122,0,8,15,4,27,-0.193,0.075,-0.55,-0.3,1.391,1.587,1.305,1.683,19870.835,22676.92,24048.918,3.708,5.989,6.478,0.321,3.853877012,5.083187852,-1.22931084,-1.26,-1.09,0.01,-0.15,-0.02,-1.17,1.13,-3.03,-5.391,2.981,-1.028,-1.312,-2.736,-0.841,-0.725,-0.087,-3.823,-6.59,-2.104,-1.595,-2.591,-1.575,7,1,0,0,1,1,1,1,0,0,0,1.1540489103771288,3.831245320233794,2.45032412133874,3.3842545066932015,TP1,TP1,True,0.8447981926660724,0.15468210024472095,0.00010904714244680799,0.0004106599467598218,2,43
T195,0,1,0,1.341,1,74,1,-1,-1,-1,3,40,0,-3.711672496,379,183,60,1,1,0.44612918,0,8,24,14,46,-0.416,0.627,-0.385,0.415,1.342,1.699,1.431,1.718,19178.35,24278.264,24550.719,-3.826,-0.787,5.562,2.152,4.726718604,4.114715864,0.61200274,-1.19,-0.43,0.03,-0.11,0.02,-1.48,-1.3,-2.04,-0.756,5.07,0.643,0.512,1.084,1.141,-1.19,0.153,-3.927,-0.872,0.344,1.927,-0.388,1.777,4,1,0,0,0,0,0,0,0,0,1,2.9008750801511525,1.1152384861480038,1.3650257216426347,1.7488967611634596,TP2,TP4,False,0.0011108688422553936,0.10709804068266704,0.015175119352446996,0.8766159711226306,2,43
T198,1,1,0,0.0,0,63,1,-1,-1,1,3,8,0,-3.412114954,174,80,76,0,1,0.690270867,0,8,20,8,36,0.409,0.185,0.343,-0.374,1.604,1.619,1.714,1.704,22917.31,23127.291,24341.382,-4.266,0.127,4.583,4.244,3.714560439,4.01301383,-0.298453391,-0.08,-1.42,-0.05,-0.14,-0.03,0.51,1.16,-0.78,1.083,5.587,2.61,2.925,3.486,2.441,2.717,-0.051,0.073,-2.753,0.38,2.684,1.783,1.261,4,1,0,0,0,0,0,0,0,0,1,1.76254749989582,0.6518878567592774,2.305324477679887,2.099444218643024,TP2,TP4,False,0.022774207677857938,0.1121837809123205,0.00718661261245556,0.857855398797366,2,43
T200,0,0,0,3.08,2,73,1,1,-1,1,3,18,4,-3.378179938,109,48,12,0,1,0.414165569,0,12,16,6,34,-0.521,-0.513,-0.615,-0.653,1.391,1.578,1.443,1.672,19873.472,22543.163,23885.957,-4.192,-0.692,3.382,2.085,2.446839077,3.315522604,-0.868683527,0.7,-1.87,-0.05,-0.2,-0.03,-2.51,-0.69,-2.71,-1.082,2.302,-0.19,0.286,0.154,0.283,0.143,-3.54,0.862,-6.976,-4.203,-0.86,-0.907,1.111,3,1,0,0,0,0,0,0,0,0,1,4.660092148625383,3.2411163196564567,2.738721425597388,2.411356742929378,TP4,TP4,True,0.005649278000089929,0.10124387773210096,0.0018975614142620785,0.8912092828535471,2,43
T201,1,1,0,0.0,0,55,1,-1,-1,-1,3,10,0,-4.262156726,219,84,43,0,1,0.705949115,1,9,28,23,60,-0.657,-0.332,-0.679,-0.574,1.268,1.575,1.354,1.672,18122.095,22500.731,23892.775,-2.348,-1.599,4.608,2.481,3.422970924,2.890560758,0.532410166,-0.38,-0.14,-0.01,0.0,0.0,-2.28,-1.15,-1.69,-4.6,3.283,1.463,0.955,-2.815,0.821,0.875,-1.232,-2.072,-7.095,-2.292,0.47,-0.955,0.019,3,1,0,0,0,0,0,0,0,0,1,-1.302411483177765,0.5609369318110806,0.7592836988628779,-0.03575113800062213,TP1,TP4,False,0.002849457322772825,0.1462212263727554,0.007917497106756774,0.843011819197715,2,43
T203,0,0,0,3.151,2,48,0,1,-1,-1,3,35,8,-4.293275778,53,25,15,0,0,0.099216303,0,3,8,4,15,-0.711,-0.461,-0.887,-0.532,1.039,1.531,0.973,1.662,14847.423,21872.203,23748.589,2.915,7.069,5.841,-0.727,2.58363052,5.02211762,-2.4384871,-1.03,-0.75,0.02,-0.19,0.06,-4.11,-2.14,-3.42,-7.498,0.37,-3.051,-2.468,-4.809,-2.042,-1.627,0.003,-6.429,-7.947,-6.221,-2.895,-3.847,-3.098,6,1,0,0,1,1,0,0,1,0,0,1.2038246588937789,3.6827819158734822,2.1353737566968074,3.189245618951079,TP1,TP2,False,0.10158802977932119,0.8908074351021453,1.5236149155526508e-05,0.007589298969377827,2,43
T208,1,1,0,0.0,0,53,1,1,-1,-1,3,45,4,-4.506024837,158,69,40,0,1,0.527670676,1,18,27,25,70,0.077,0.415,-0.181,0.131,1.503,1.664,1.533,1.742,21474.115,23769.645,24884.84,-2.607,1.929,5.998,3.142,4.898400311,4.71739267,0.181007641,-1.47,0.02,0.09,-0.03,-0.06,0.47,0.51,-1.56,-0.791,5.082,1.609,2.127,1.802,1.622,2.273,-0.775,-0.482,-3.697,0.454,1.877,1.049,1.747,7,0,1,1,0,1,0,0,1,0,0,3.022888557698411,0.14441093284884854,1.1184697794159977,0.8593014398969214,TP2,TP2,True,0.011189502660708851,0.9806639297991843,0.006515272880627839,0.001631294659479175,2,43
T211,1,1,0,0.0,0,49,0,1,-1,-1,3,32,4,-3.263202088,87,37,15,0,1,0.166424472,0,5,15,9,29,0.418,-0.517,0.559,-0.635,1.725,1.456,1.861,1.602,24646.875,20807.214,22894.64,-0.068,2.818,5.355,6.836,3.512646818,4.900744087,-1.388097269,1.12,-2.41,-0.2,-0.09,-0.07,1.3,2.19,1.21,3.182,7.282,4.786,5.544,4.213,4.179,3.766,1.974,0.49,-0.681,3.395,4.703,4.068,3.763,6,1,0,0,1,1,0,0,1,0,0,3.9280835510487746,1.8841995602488824,3.0108807091727012,1.8846707042471997,TP2,TP2,True,0.041972826582414025,0.8197897939780546,0.04045428265426632,0.09778309678526499,2,43
T212,0,0,0,1.482,2,74,1,-1,-1,-1,3,26,0,-4.04021842,140,65,28,1,0,0.221599854,0,9,20,6,35,-0.731,0.017,-0.855,-0.327,1.174,1.54,1.062,1.666,16776.111,21996.516,23801.182,0.158,1.274,7.88,1.188,4.208137362,4.943526725,-0.735389363,-1.43,0.18,0.04,-0.01,0.0,-2.38,-0.65,-2.27,-4.091,3.86,0.658,-0.333,-1.628,-0.225,1.389,0.256,-0.56,-7.358,-1.248,-0.129,-1.109,1.131,6,1,0,0,1,1,0,0,1,0,0,0.5806205658095922,1.1450984587883004,0.8007228251906572,0.43657758508113265,TP4,TP2,False,0.04987817030067989,0.802317516173239,0.028440233350722155,0.1193640801753591,2,43
T214,0,0,0,1.611,2,72,1,-1,-1,-1,3,50,0,-3.955823426,159,70,23,0,1,0.410079347,0,10,31,14,55,-0.719,-0.225,-0.812,-0.453,1.11,1.562,1.103,1.678,15853.496,22312.77,23972.056,-0.836,1.118,5.337,0.089,2.949051287,2.954778891,-0.005727604,-1.36,0.23,0.07,-0.07,0.04,-2.83,-1.54,-2.7,-3.842,1.915,-0.137,-1.365,0.328,0.008,-0.459,-2.917,-4.875,-7.222,-2.84,-1.292,-0.83,-0.428,6,1,0,0,1,1,0,0,1,0,0,2.343712522489142,0.9410600839995973,1.164173563533355,0.988450156228591,TP2,TP2,True,0.015791589994683736,0.8319701505534759,0.004759871516085866,0.14747838793575455,2,43
T216,0,0,1,3.706,3,50,1,1,-1,1,3,108,8,-3.66600874,340,134,111,0,1,0.376794378,0,5,3,5,13,0.359,-0.68,-0.153,-0.682,1.57,1.395,1.572,1.609,22424.983,19930.444,22993.451,6.222,4.476,4.641,3.338,2.017332247,4.401735057,-2.38440281,0.16,-1.43,-0.11,-0.08,-0.02,-1.02,-0.24,-1.16,1.195,5.188,2.178,1.267,-0.064,1.312,0.808,1.392,-1.973,-5.25,-0.19,2.636,1.257,1.323,6,1,0,0,1,1,0,0,1,0,0,1.9250074151729857,2.722274805939352,3.4352304626586316,3.946701738058602,TP1,TP2,False,0.04512596212753852,0.9321743092240296,0.006250554542305506,0.01644917410612655,2,43
A002,0,0,0,4.381,3,57,1,1,-1,1,3,70,8,-3.967478,262,134,60,0,0,0.261300406,1,3,9,4,16,0.588,0.624,0.637,0.314,2.055,2.194,2.221,2.284,22059.99,23555.511,24517.194,1.619,6.752,6.59,4.086,4.042607109,4.265593169,-0.22298606,0.06,-1.16,0.03,-0.19,-0.02,0.05,-0.41,-0.41,-0.484,4.019,3.131,2.863,1.85,1.91,2.937,3.127,0.469,-1.213,0.896,2.65,1.594,4.069,6,1,0,0,1,1,0,0,1,0,0,1.828090293960552,1.2443434185570634,3.119637942926873,4.038903213237936,TP2,TP2,True,1.9034306838794178e-05,0.9999463597475374,2.4531297062595455e-05,1.0074648561142919e-05,2,43
A004,0,0,0,2.865,2,45,1,1,-1,1,2,44,8,-7.0739864,33,19,0,1,0,0.146476691,0,5,6,0,11,-0.077,-0.732,0.129,-0.603,1.894,1.572,2.048,2.109,20331.419,16870.777,22634.52,1.807,3.317,5.124,3.74,0.829679163,4.501917816,-3.672238653,0.17,1.96,-0.05,0.33,0.04,-1.61,-0.53,-0.3,-0.785,4.554,3.266,2.446,2.62,1.88,3.462,3.631,0.635,-5.597,-1.253,2.288,0.606,1.288,6,1,0,0,1,1,0,0,1,0,0,2.4365825939549053,2.551411620159776,3.248551400780646,2.8649048506248063,TP1,TP2,False,0.0005272917532570056,0.9463606023992065,0.0015811222823785942,0.05153098356515794,2,43
A005,1,0,0,0.0,0,27,1,1,-1,1,3,51,4,-3.5832833,269,138,68,0,1,0.507686998,1,21,35,30,86,0.672,0.582,0.664,0.499,2.233,2.252,2.367,2.346,23970.414,24177.888,25181.154,-2.354,-0.308,5.327,5.618,5.043276825,4.346703404,0.696573421,-0.59,-1.26,0.08,-0.19,-0.1,1.87,2.0,0.66,2.234,5.09,4.284,4.522,1.37,3.308,3.098,0.665,-0.468,-1.237,2.998,3.48,2.867,4.362,6,1,0,0,1,1,0,0,1,0,0,2.7710726038160383,0.7891127656862886,1.6855049608266788,2.157785256824461,TP2,TP2,True,0.004558141264881507,0.9926745846836261,0.001277108660742237,0.0014901653907500871,2,43
A007,0,0,0,2.722,2,40,1,1,-1,1,2,21,7,-6.827391,49,29,12,1,0,0.123499002,0,4,6,2,12,-0.034,-0.656,0.229,-0.339,1.923,1.755,2.08,2.186,20639.638,18835.798,23461.553,4.063,3.608,5.134,4.029,1.474393935,3.850658318,-2.376264384,0.57,-0.05,-0.04,-0.03,0.08,-1.33,-1.33,-0.38,-1.654,3.819,3.175,2.329,3.512,1.42,2.79,4.783,-0.048,-2.732,0.083,2.4,0.577,2.162,6,1,0,0,1,1,0,0,1,0,0,0.38594931393805787,2.530842778477199,3.3629765573283676,3.3642922511385525,TP1,TP2,False,0.0006538635768266298,0.9383514217877952,0.0008570707919268235,0.060137643843451376,2,43
A010,1,0,0,0.0,0,42,1,1,-1,-1,3,22,8,-4.2699236,136,64,38,1,1,0.291685107,0,8,14,8,30,0.225,0.171,0.481,-0.197,2.001,2.047,2.192,2.256,21483.666,21976.766,24218.342,4.223,5.166,5.367,3.912,3.913295771,4.082472133,-0.169176363,-0.45,-0.24,0.04,-0.06,0.0,0.55,-0.08,-0.59,-0.419,4.274,2.913,2.702,2.913,1.724,2.535,3.853,-1.428,-3.286,0.551,2.683,1.194,4.097,6,1,0,0,1,1,0,0,1,0,0,1.5600225361008433,3.085461283135137,1.6779712289449844,1.7797636761686728,TP1,TP2,False,0.00010790124714702157,0.9967967709324833,0.0007874860724551046,0.0023078417479145577,2,43
A012,0,0,0,1.185,1,48,1,1,-1,-1,3,56,8,-3.594931,132,69,19,0,0,0.352518589,0,13,29,12,54,0.638,0.562,0.712,0.444,2.207,2.222,2.414,2.34,23693.915,23851.88,25119.744,3.949,5.457,5.02,6.064,4.46376819,4.559770293,-0.096002103,-0.1,-2.02,0.03,-0.31,-0.02,1.65,1.16,1.18,2.174,4.939,4.838,4.828,3.694,3.472,2.594,0.941,-0.391,-1.044,2.836,4.216,3.131,4.411,6,1,0,0,1,1,0,0,1,0,0,3.0087442190521156,1.2568324443399077,1.7575847106811087,2.4329182372642038,TP2,TP2,True,3.720967677918759e-05,0.9999185255756716,3.889304119212245e-05,5.371706357106277e-06,2,43
A014,0,0,0,3.677,3,63,0,1,-1,1,2,47,8,-5.0733694,25,21,22,0,0,0.162486057,0,5,8,1,14,-0.116,-0.503,-0.497,-0.62,1.914,1.836,2.021,2.174,20549.555,19703.476,23333.628,-0.835,7.804,5.688,3.354,1.898142253,4.995984077,-3.097841824,-0.34,-1.3,-0.01,-0.2,0.03,-1.19,-0.78,-0.81,-1.346,3.22,2.688,1.759,0.429,1.122,0.97,3.7,-3.504,-5.122,0.193,1.599,-0.038,0.907,6,1,0,0,1,1,0,0,1,0,0,3.6621041209709997,3.659669437258191,4.412189198080109,4.9689101800647455,TP2,TP2,True,0.010010404405884707,0.965395020197029,0.00012200727297266909,0.024472568124113667,2,43
A017,0,0,0,1.625,2,57,1,1,-1,-1,3,26,8,-4.859264,116,65,47,0,1,0.338163615,0,9,15,5,29,-0.415,0.187,-0.392,-0.117,1.821,2.035,1.957,2.23,19545.062,21842.44,23940.294,3.885,7.253,5.896,2.105,3.664123247,4.430635574,-0.766512327,-0.59,0.35,0.08,-0.03,0.0,-0.29,-0.65,-1.84,-1.639,3.381,1.361,1.106,1.443,1.05,2.024,4.886,-0.092,-4.456,-0.546,0.819,0.076,2.591,6,1,0,0,1,1,0,0,1,0,0,3.040221400350175,3.587195742016893,1.8991305412240733,1.744498052014366,TP4,TP2,False,9.147248701905224e-05,0.998507501448306,0.000816519891142918,0.000584506173532005,2,43
A023,0,0,0,1.073,1,47,1,1,-1,-1,3,34,8,-3.4648956,92,58,27,0,0,0.431404706,0,14,28,21,63,0.126,0.259,0.372,0.021,1.988,2.064,2.136,2.268,21341.057,22157.625,24345.681,1.082,6.057,7.26,4.004,3.729377229,5.301504943,-1.572127714,-0.62,0.37,0.08,-0.03,0.01,0.13,-0.18,0.24,0.834,4.62,3.852,2.917,0.655,2.118,2.017,3.78,-0.268,-2.874,0.806,3.033,1.232,3.098,6,1,0,0,1,1,0,0,1,0,0,1.8690656084286728,1.5440944165060158,0.451891694901672,0.9616606693028713,TP3,TP2,False,0.0005200637723808516,0.9978933023391348,0.0009633239782079012,0.0006233099102764721,2,43
A042,0,0,0,0.946,1,50,0,-1,-1,-1,3,22,0,-4.407352,32,17,7,1,0,0.511694128,1,3,10,2,15,0.102,0.444,0.418,0.458,1.965,2.163,2.152,2.314,21088.277,23216.108,24841.633,-1.245,-0.583,3.392,4.05,4.559614381,4.477975082,0.081639299,-0.69,1.23,0.08,0.12,-0.01,-0.23,0.79,-1.02,-2.637,4.471,2.43,2.775,4.119,2.143,4.053,7.261,-2.101,-3.923,1.539,1.54,0.674,2.907,6,1,0,0,1,1,0,0,1,0,0,2.7511750337961103,0.6370960704912554,1.846029578100344,1.6062113771496096,TP2,TP2,True,5.568873929445225e-06,0.9979931213617698,5.915585236874488e-06,0.001995394179063917,2,43
A057,0,0,0,1.518,2,54,1,1,-1,1,2,32,8,-3.2928437,25,14,10,0,0,0.153638526,0,2,3,0,5,-0.312,-0.316,-0.623,0.201,1.858,1.959,1.942,2.251,19944.942,21025.657,24159.55,5.598,4.668,5.78,2.991,2.479851189,3.828840618,-1.348989429,-0.54,-0.89,-0.03,-0.19,0.09,-1.74,-1.63,-1.59,-0.26,3.726,1.733,1.848,1.77,0.548,3.563,1.728,-1.432,-4.827,-0.038,1.396,1.691,0.346,6,1,0,0,1,1,0,0,1,0,0,2.348566235845637,2.165378720983697,2.613770708319409,4.183059317156591,TP2,TP2,True,0.0026667325537049814,0.992785316458804,0.00010786447298409309,0.004440086514507037,2,43
A067,0,0,0,2.926,2,39,1,1,-1,1,3,33,7,-3.7422008,76,41,39,0,0,0.2613614,0,2,14,0,16,-0.37,-0.248,-0.502,-0.329,1.849,1.938,1.916,2.198,19843.0,20804.509,23598.013,3.612,6.037,7.389,2.778,2.870601405,6.16264448,-3.292043075,-0.74,-0.66,0.05,-0.16,0.02,-1.25,-0.62,-0.55,-0.548,3.503,2.981,1.797,1.006,0.925,1.421,3.558,-1.62,-6.283,0.126,1.781,0.338,2.341,6,1,0,0,1,1,0,0,1,0,0,1.0326164650623264,3.3214899855679976,1.993168994972994,3.10239498558151,TP1,TP2,False,0.014925896982788482,0.9782873897035375,0.00023076639422041608,0.006555946919453714,2,43
A102,0,0,0,3.772,3,49,1,1,-1,1,3,39,7,-3.557008,110,59,23,1,1,0.389188076,0,11,13,8,32,0.408,0.515,0.494,0.465,2.032,2.16,2.171,2.314,21816.038,23185.861,24836.315,1.47,3.127,5.61,3.706,3.820032491,4.353574721,-0.53354223,-0.91,-0.6,0.05,-0.2,0.05,0.04,-0.22,-0.51,1.621,4.778,3.023,2.941,4.273,1.976,2.364,5.029,-2.124,-2.306,1.201,2.962,1.178,3.156,6,1,0,0,1,1,0,0,1,0,0,3.3185396579842203,1.8859274661188214,2.0740033386081715,3.0658482827110682,TP2,TP2,True,0.001447207578477472,0.9748416374618153,0.0006748432294995337,0.023036311730207683,2,43
A149,0,0,0,3.128,2,50,1,1,-1,1,2,44,8,-3.658615,87,41,8,1,0,0.301982012,0,3,6,0,9,-0.36,-0.68,-0.343,-0.437,1.857,1.676,1.991,2.158,19934.927,17995.343,23163.217,3.459,6.832,6.902,2.941,1.21228227,4.427390079,-3.215107809,-0.32,0.82,-0.02,0.11,0.05,-1.31,-0.88,-0.79,-0.324,4.17,2.711,1.814,1.802,1.177,2.951,5.097,-1.109,-4.129,-0.338,2.071,0.737,1.16,6,1,0,0,1,1,0,0,1,0,0,1.1355602315736544,3.278143038764014,2.498066340938576,3.1051752068645486,TP1,TP2,False,0.00978016831135895,0.9546091482758221,0.0015897406318232715,0.03402094278099572,2,43
A248,0,0,0,1.141,1,48,1,1,-1,-1,3,36,5,-3.77829,105,54,18,0,1,0.396386059,0,6,19,7,32,0.504,0.662,0.616,0.589,2.126,2.305,2.283,2.394,22823.283,24743.133,25694.975,-2.923,1.812,5.371,4.966,5.179385861,2.780366264,2.399019597,-0.81,-1.06,0.08,-0.24,-0.01,1.03,0.25,-0.37,1.313,4.466,3.175,3.344,3.149,2.487,2.58,-0.585,-0.541,-2.228,1.164,3.243,1.951,3.975,6,1,0,0,1,1,0,0,1,0,0,3.042507195699377,0.3588833054921452,1.1379659422958803,2.216147094773403,TP2,TP2,True,1.885008701377932e-05,0.9964911604761938,0.00019351818784212903,0.0032964712489503794,2,43
A253,0,0,0,1.788,2,49,1,1,-1,1,2,25,7,-3.929318,19,12,10,0,0,0.373339895,0,9,6,2,17,0.614,-0.446,0.783,-0.357,2.234,1.895,2.397,2.213,23976.471,20346.268,23755.721,1.319,2.981,5.147,6.286,3.048211354,4.567470736,-1.519259382,0.92,-1.53,-0.09,-0.13,0.0,1.42,0.48,1.92,3.459,6.291,5.598,4.777,3.301,3.636,3.339,4.343,0.2,-3.541,2.343,5.024,2.988,3.72,6,1,0,0,1,1,0,0,1,0,0,1.3157879643104098,1.5779989755940909,2.751533824249322,3.2102723261201573,TP1,TP2,False,0.0009628952671130233,0.9904213045958689,0.0006880878341114226,0.00792771230290667,2,43
A280,0,0,0,3.366,3,46,1,1,-1,1,2,56,8,-3.8205074,113,60,24,0,0,0.140250641,0,4,4,1,9,-0.629,-0.069,-0.671,-0.221,1.794,1.997,1.889,2.241,19255.948,21433.542,24054.313,6.312,6.82,6.869,2.746,2.985221288,5.090291771,-2.105070484,-1.08,0.89,0.09,-0.02,0.08,-1.87,-1.37,-0.9,-0.756,3.746,2.577,1.439,1.206,0.636,2.038,4.778,-3.53,-5.222,-1.159,1.622,-0.403,1.815,6,1,0,0,1,1,0,0,1,0,0,2.1963945187293055,3.887903970481889,2.1561778228924906,3.8474542765980915,TP3,TP2,False,0.0007513066023033829,0.9987156244108566,8.141933585987213e-05,0.00045164965098009187,2,43
A292,0,0,0,1.696,2,49,1,1,-1,-1,2,58,8,-3.6879086,29,17,18,0,0,0.250253873,0,1,6,0,7,-0.727,-0.769,-0.83,-0.687,1.565,1.472,1.593,2.103,16795.469,15804.31,22570.398,4.795,5.526,5.782,0.398,0.014029768,4.129527116,-4.115497348,-0.8,-0.02,0.0,-0.05,0.07,-2.87,-1.57,-2.53,-2.01,2.02,0.299,-0.419,-2.193,-0.777,-0.676,3.055,-3.328,-7.068,-3.955,-0.248,-3.042,-0.71,6,1,0,0,1,1,0,0,1,0,0,0.9155832446309218,2.7383220858608053,1.674714398687254,2.694189992913743,TP1,TP2,False,0.02404368077120135,0.8997173005498574,0.00028219020918737736,0.07595682846975385,2,43
A304,0,0,0,1.859,2,48,1,1,-1,-1,3,48,3,-3.2654308,100,62,9,0,1,0.50035382,0,8,29,13,50,-0.151,0.468,-0.253,0.436,1.91,2.157,1.995,2.333,20500.733,23159.453,25040.717,-1.618,0.315,5.443,3.462,4.579334546,4.001047637,0.578286908,-1.72,0.81,0.12,0.02,-0.02,-0.13,-0.39,-0.61,0.183,4.588,2.854,1.988,3.791,1.052,3.488,2.618,1.142,-5.075,-0.397,1.351,-0.222,2.159,6,1,0,0,1,1,0,0,1,0,0,4.219522573399589,0.224993097105046,0.11290413892755824,0.6932536196982002,TP3,TP2,False,0.00014564061713359612,0.969342965809168,0.004666113083703833,0.025845280489994613,2,43
A332,0,0,0,3.233,2,46,0,1,-1,1,2,60,8,-4.262513,15,10,7,1,0,0.160713418,1,4,7,0,11,-0.49,-0.803,-0.508,-0.6,1.822,1.529,1.956,2.134,19559.944,16416.456,22910.788,1.307,4.439,6.743,3.396,0.658067247,4.829245437,-4.17117819,-0.2,0.17,0.01,0.02,0.01,-1.77,-0.77,0.04,-0.455,3.586,3.634,2.042,0.214,1.82,1.335,6.356,-1.348,-3.599,0.404,2.02,0.358,0.71,6,1,0,0,1,1,0,0,1,0,0,2.0680835116353364,3.4356573744836347,3.6261246781502616,3.642827171299417,TP1,TP2,False,0.020371847921929243,0.808569928518403,0.00034146461306601753,0.17071675894660163,2,43
A354,0,0,0,3.298,3,48,1,1,-1,1,2,21,8,-3.767925,24,14,2,0,0,0.277264442,0,7,11,3,21,-0.709,-0.034,-0.797,-0.191,1.622,1.977,1.697,2.224,17411.053,21226.921,23874.241,4.09,5.86,6.236,1.419,3.324847782,5.420570177,-2.095722396,-0.86,0.73,0.07,0.01,0.05,-2.16,-1.4,-2.29,-4.635,2.87,0.645,0.184,-1.297,-0.326,1.731,4.694,-2.655,-7.279,-4.385,-0.117,-1.201,0.482,6,1,0,0,1,1,0,0,1,0,0,3.048987767421463,4.448755715652538,2.1193994172472426,3.260592727748024,TP3,TP2,False,0.004250286559082795,0.994264524383192,0.00015122792769030138,0.0013339611300348985,2,43
A359,1,0,0,0.0,0,54,1,1,-1,1,3,23,3,-3.7284383,144,78,33,0,1,0.673810745,0,11,18,9,38,0.559,0.485,0.516,0.337,2.133,2.181,2.207,2.31,22893.275,23410.199,24795.498,-1.448,2.749,5.177,3.627,5.014147539,4.091313888,0.922833651,-0.95,-0.19,0.1,-0.03,-0.1,1.09,0.34,-0.45,0.814,4.613,3.091,2.517,1.389,2.324,2.516,1.129,0.51,-4.244,-0.005,2.692,1.187,2.902,6,1,0,0,1,1,0,0,1,0,0,3.4647343066059757,1.4120212324481929,1.6538192638415867,2.1496524196007334,TP2,TP2,True,0.0006090259335435541,0.9837635444731277,0.0006239016780176633,0.015003527915311175,2,43
A398,0,0,0,3.467,3,50,0,1,-1,1,2,46,8,-4.3015813,20,15,2,1,0,0.13515221,0,2,6,0,8,-0.521,-0.782,-0.512,-0.492,1.809,1.553,1.957,2.135,19418.756,16673.453,22917.628,3.64,5.251,6.954,3.357,0.972370178,4.764021388,-3.791651209,-0.83,1.28,0.03,0.13,0.05,-1.22,-0.85,-0.5,0.002,3.785,3.034,2.1,0.867,1.262,1.177,5.13,-1.467,-6.674,-0.629,1.952,0.621,2.315,2,1,0,0,0,0,0,0,0,0,1,2.8761547319594687,3.9717472050668885,3.0765977947512027,3.2761068561062903,TP1,TP4,False,0.0065117151023576835,0.44225349289362215,0.0004697635210784575,0.5507650284829417,2,43
A419,0,0,0,2.645,2,52,0,1,-1,1,2,30,8,-4.3875174,64,37,17,0,0,0.238990012,0,4,7,3,14,-0.117,-0.377,0.22,-0.572,1.951,1.97,2.108,2.208,20947.222,21147.059,23703.517,2.211,5.662,4.522,3.584,2.637564074,4.496545044,-1.85898097,0.18,0.5,0.03,0.03,0.04,-1.33,-1.09,-0.48,0.271,4.062,3.054,2.05,0.338,1.313,1.734,3.348,-2.175,-6.913,-0.022,2.789,0.445,2.166,6,1,0,0,1,1,0,0,1,0,0,2.4105295796571466,2.924500334761449,2.977547261013865,3.584933190897381,TP1,TP2,False,0.0002365508958116262,0.9799263889212001,4.614175959102918e-05,0.019790918423397145,2,43
A463,0,0,0,1.217,1,48,1,1,-1,-1,3,21,8,-4.074614,52,27,26,0,1,0.323486358,0,6,7,4,17,0.472,0.218,0.432,0.303,2.067,2.036,2.174,2.269,22182.684,21851.099,24361.506,5.155,4.759,6.097,3.992,3.674381673,4.50797251,-0.833590837,-0.57,-0.58,0.02,-0.09,-0.01,0.37,-0.18,0.16,0.386,5.079,3.757,3.137,2.394,2.286,2.835,4.302,-0.572,-1.68,1.896,3.3,1.696,3.867,6,1,0,0,1,1,0,0,1,0,0,2.229786922505761,1.5274550618041003,1.8030220811615671,2.255454181205645,TP2,TP2,True,0.0001075450229958737,0.9987365254712878,0.0002936859338247999,0.0008622435718915047,2,43
A476,0,0,0,2.126,2,36,1,1,-1,1,2,33,8,-4.5464367,37,18,42,0,0,0.315726418,1,4,15,3,22,0.133,0.131,-0.247,-0.321,1.98,2.01,2.019,2.217,21258.253,21577.621,23803.036,3.126,6.445,6.475,3.624,3.350323489,5.491409062,-2.141085573,-0.62,-0.48,0.05,-0.14,0.02,-0.27,-0.74,-1.0,1.177,4.481,2.438,2.419,1.805,1.571,1.77,4.134,-2.218,-2.189,0.592,2.724,0.851,2.846,5,1,0,0,1,1,0,0,1,0,0,0.7228985871737081,3.9613171063660966,2.747422936033059,3.804358685587486,TP1,TP2,False,0.004441298051310366,0.9951814039966259,5.5213960730831635e-05,0.0003220839913329474,2,43
A524,0,0,0,3.233,2,49,1,1,-1,1,2,51,8,-4.3377627,84,45,19,1,0,0.191741168,1,4,6,0,10,0.213,-0.405,0.192,-0.257,1.983,1.887,2.058,2.211,21288.127,20257.141,23729.78,-0.761,4.883,6.145,3.361,2.322623341,5.247790404,-2.925167063,0.1,-0.42,-0.12,0.06,0.01,-1.08,-0.54,-0.84,-2.077,4.682,2.639,2.168,1.623,1.515,4.074,3.97,0.042,-4.97,-0.721,2.374,0.245,2.626,6,1,0,0,1,1,0,0,1,0,0,1.088395713051384,2.355875360467991,3.2123562722252106,3.6312495450619027,TP1,TP2,False,0.0021023220105479577,0.9956795365617916,0.000696054636259565,0.0015220867914008634,2,43
A530,0,0,0,2.025,2,45,1,1,-1,-1,3,28,7,-3.2068948,83,42,18,0,1,0.637201551,0,7,13,5,25,0.586,-0.719,0.564,-0.34,2.099,1.63,2.243,2.168,22532.717,17495.46,23277.079,1.651,6.144,5.983,4.053,0.59884803,3.542538614,-2.943690584,0.13,-1.43,-0.07,-0.14,0.0,0.03,-0.27,-0.09,0.888,4.305,3.495,2.632,1.54,1.871,2.554,6.286,-1.557,-5.915,0.833,2.792,1.293,3.845,6,1,0,0,1,1,0,0,1,0,0,0.22758831859747963,0.7374455712772721,1.5396224009081494,1.4306398182983924,TP1,TP2,False,0.0044986249747826276,0.924761214861095,0.0015258447163033362,0.06921431544781906,2,43
A538,0,0,0,3.593,3,56,1,1,-1,1,2,36,8,-3.169434,33,16,26,0,0,0.307718769,0,9,10,5,24,0.382,0.003,-0.128,-0.059,1.988,1.952,2.0,2.192,21337.418,20949.634,23535.044,-2.063,6.857,5.365,3.563,3.175250914,5.43277705,-2.257526136,-0.34,-0.93,-0.01,-0.14,0.0,-0.81,-0.44,-0.49,-2.324,4.37,3.029,2.052,1.999,1.605,3.819,3.646,-0.938,-6.352,-0.257,2.18,0.588,1.446,6,1,0,0,1,1,0,0,1,0,0,2.408374071289127,0.7966509742956167,2.082172683408574,3.0810967902304243,TP2,TP2,True,0.002579509521586015,0.9963982674565669,0.00021060774631715556,0.0008116152755298333,2,43
A565,0,0,0,2.37,2,35,1,1,-1,-1,3,30,5,-4.0813316,26,14,0,0,1,0.0,0,0,0,0,0,0.342,-0.661,0.477,-0.486,2.049,1.718,2.199,2.182,21993.163,18444.321,23420.833,0.427,3.685,5.294,4.918,1.376476646,4.230769398,-2.854292752,-0.64,-1.65,-0.09,-0.18,0.03,-0.39,-0.51,0.51,1.495,5.002,4.132,3.717,2.706,2.182,2.867,3.418,0.954,-1.872,1.53,3.123,1.13,1.009,3,1,0,0,0,0,0,0,0,0,1,1.0376065602163986,1.0810626370135932,1.985082802026412,2.6790544613296325,TP1,TP4,False,0.0015040856461804965,0.2806894842465006,0.0008121390700258117,0.7169942910372932,2,43
A581,0,0,0,1.916,2,53,1,-1,-1,-1,2,34,0,-4.5693983,46,27,10,0,0,0.150315527,0,1,3,0,4,-0.218,-0.112,0.162,0.238,1.909,1.929,2.039,2.252,20488.409,20707.619,24176.202,0.597,0.316,5.21,3.49,3.517262332,4.713586168,-1.196323837,-1.24,0.86,0.04,0.06,0.03,-0.69,-0.45,-0.94,1.263,5.507,2.528,2.101,3.831,1.653,4.058,1.215,0.435,-4.894,-0.196,2.518,0.446,2.915,6,1,0,0,1,1,0,0,1,0,0,1.4951697093521232,0.4581624480848827,1.2053153949923567,1.9760936950570809,TP2,TP2,True,0.00015170601815949345,0.9579831490659718,0.000429580072255333,0.0414355648436133,2,43
A637,0,0,0,0.947,1,65,1,-1,-1,1,3,38,0,-3.2755877,151,70,46,0,1,0.661300329,1,9,22,10,41,0.223,0.678,0.093,0.564,1.983,2.311,2.079,2.371,21288.331,24812.389,25447.508,-1.204,0.235,6.109,3.41,5.980248183,3.871326955,2.108921228,-1.35,0.6,0.13,-0.03,-0.02,0.81,0.99,-0.88,-0.489,4.753,2.613,2.184,3.845,1.664,2.942,3.205,0.109,-5.648,0.165,1.722,0.745,3.878,6,1,0,0,1,1,0,0,1,0,0,2.769165187463359,1.1128709040609674,1.9666455875825937,2.1511199770507266,TP2,TP2,True,0.00024314011932078376,0.9937444809019791,0.0009522062200802954,0.005060172758619807,2,43
A665,0,0,0,1.437,2,55,1,1,-1,-1,2,40,8,-4.2098955,60,37,10,0,0,0.244228168,0,6,6,0,12,0.351,0.55,-0.16,0.243,1.997,2.151,2.03,2.287,21439.745,23087.879,24551.66,4.138,8.511,6.32,3.55,4.146680517,5.744134728,-1.597454211,-1.24,-0.41,0.06,-0.14,0.01,-0.53,-0.18,-0.24,-0.739,4.58,3.317,1.983,1.381,1.623,1.672,3.301,-2.341,-4.952,-0.841,2.783,1.123,2.532,6,1,0,0,1,1,0,0,1,0,0,3.3866760788984234,2.070544173559407,1.8487612767311328,3.2355301465788253,TP3,TP2,False,0.00012284945909605397,0.9998402274063002,2.270849276457161e-05,1.4214641839292548e-05,2,43
A734,0,0,0,1.537,2,46,1,1,-1,-1,2,33,8,-4.279512,75,29,9,1,0,0.083559309,0,3,3,4,10,0.273,0.297,-0.009,-0.081,1.969,1.997,2.0,2.201,21139.333,21438.502,23631.468,2.394,5.263,6.608,2.081,3.564338518,5.829256695,-2.264918178,-0.37,-1.25,-0.04,-0.15,0.0,-0.31,-0.59,-1.37,-2.625,4.857,2.015,1.069,0.42,0.764,3.133,0.632,-0.653,-3.454,-0.219,1.117,-0.555,2.944,6,1,0,0,1,1,0,0,1,0,0,0.05544461883706564,2.1826634015817414,1.8793035320763263,2.817905134404703,TP1,TP2,False,0.003308430824727159,0.9956506444468132,0.0004490849460730414,0.000591839782386708,2,43
A767,0,0,0,1.636,2,57,1,1,-1,-1,3,21,3,-4.639152,266,139,58,0,1,0.537662304,1,12,30,18,60,0.059,-0.198,0.26,-0.389,1.966,1.963,2.089,2.217,21104.636,21071.81,23793.893,1.046,2.281,6.199,3.266,3.735847915,3.321125508,0.414722407,-0.47,0.2,0.07,0.03,-0.06,0.56,-0.02,-0.97,-2.063,3.849,2.502,1.8,2.204,0.924,2.657,3.497,0.512,-7.213,-0.455,1.107,0.218,2.8,6,1,0,0,1,1,0,0,1,0,0,1.3396706661546065,0.9309904350300922,1.2647082138626338,0.3129079013378555,TP4,TP2,False,0.00020101246138862623,0.9831150902001313,0.011485428060828416,0.0051984692776516845,2,43
T185,1,1,0,0.0,0,35,1,1,1,-1,3,33,3,-3.312091596,162,71,34,0,1,0.310181997,0,13,13,8,34,-0.603,0.157,-0.529,-0.385,1.333,1.579,1.432,1.675,19047.742,22556.459,23927.819,0.721,0.755,11.27,2.058,3.415859864,4.831610042,-1.415750178,-0.65,0.24,0.03,0.01,0.0,-1.1,-0.81,-1.69,-0.767,3.891,1.502,0.752,-1.019,0.241,0.781,-1.523,-2.387,-6.996,-1.044,0.789,-0.203,0.276,7,1,0,0,1,1,1,1,0,0,0,1.62939190409005,2.2081759133893453,-0.15436051407965512,0.7544523812131416,TP3,TP1,False,0.963620874138704,0.015066373004352651,0.014147163372204894,0.007165589484738499,2,43
T186,1,1,0,0.0,0,59,1,-1,1,1,2,31,0,-3.316680922,122,63,4,1,1,0.224818283,0,10,15,5,30,0.387,-0.114,0.446,-0.438,1.604,1.57,1.709,1.688,22922.301,22428.001,24110.094,-1.038,-0.049,9.939,4.459,3.179686802,4.301734332,-1.12204753,0.17,-1.74,-0.12,-0.14,-0.01,-0.11,0.35,-0.37,2.725,5.989,3.112,2.979,1.591,2.047,2.406,-1.364,-0.954,-5.528,0.854,3.225,1.953,1.422,7,1,0,0,1,1,1,1,0,0,0,0.7091260793136634,1.2831298671416156,1.544630464703212,1.733173567688735,TP1,TP1,True,0.9701348952005294,0.0005638920840106942,0.015218828047952028,0.014082384667507776,2,43
T187,0,1,0,1.271,1,59,1,-1,1,1,3,18,0,-3.717039868,159,69,29,0,0,0.399803081,0,11,30,12,53,0.429,-0.283,0.346,-0.471,1.584,1.539,1.682,1.664,22630.398,21980.86,23773.649,-2.962,1.482,11.512,4.771,3.107285154,4.113504298,-1.006219144,-0.11,-1.62,-0.06,-0.14,-0.04,0.17,0.26,-0.13,0.29,5.44,3.375,2.972,2.515,2.28,2.535,0.49,-2.092,-1.443,1.005,2.632,1.672,1.37,4,1,0,0,1,1,1,1,0,0,0,-1.106091702155384,0.39460079298519224,1.0038481299095903,1.0833174989165684,TP1,TP1,True,0.9884059869162997,0.0013712128061769597,0.0084965802707081,0.0017262200068152813,2,43
T188,1,1,0,0.0,0,76,1,1,1,-1,2,60,4,-3.804741411,272,127,47,1,0,0.456585263,0,11,32,17,60,-0.572,-0.121,-0.519,-0.497,1.358,1.589,1.454,1.674,19406.281,22698.272,23909.996,-2.165,0.184,8.893,2.431,3.627961172,4.008441251,-0.380480079,-0.61,-1.12,-0.03,-0.13,-0.01,-1.05,-0.52,-1.85,-2.754,4.046,1.256,0.981,0.37,0.592,0.934,0.664,-1.553,-6.049,-0.559,1.148,0.289,1.213,4,1,0,0,0,0,1,0,0,1,0,3.642020668951064,1.480544651300955,1.556713631073166,1.409719229889289,TP4,TP3,False,0.16365045581754759,0.018280254776420743,0.8139852632115226,0.0040840261945090505,2,43
T190,1,1,0,0.0,0,55,1,-1,1,-1,2,24,2,-3.103020701,553,226,160,0,1,0.254328117,0,8,15,7,30,0.425,-0.272,0.531,-0.517,1.638,1.558,1.757,1.674,23394.972,22256.71,23923.193,-0.209,1.305,10.191,5.215,3.1625986,4.797027108,-1.634428508,0.67,-2.76,-0.21,-0.17,-0.03,-0.14,0.25,1.04,2.264,6.559,4.619,3.332,3.256,3.061,3.556,1.365,-0.469,-2.0,1.645,4.115,2.795,1.226,4,1,0,0,0,0,1,0,0,1,0,-1.637039566742203,-1.2061332048359787,0.633077353775646,0.8945892390948199,TP1,TP3,False,0.13802796323525493,0.001599215155553856,0.8525485756301832,0.007824245979008113,2,43
T193,0,0,0,2.062,2,48,1,1,1,-1,3,60,8,-3.696416533,118,41,20,0,1,0.210341122,0,12,22,18,52,-0.728,-0.472,-0.846,-0.472,1.154,1.471,1.114,1.668,16489.989,21012.215,23836.549,4.719,5.379,6.725,1.255,2.787236521,5.657549582,-2.870313061,-1.19,-0.14,0.03,-0.11,0.06,-3.18,-1.24,-2.18,-4.102,3.234,0.79,-0.584,0.0,-0.099,0.085,-1.063,-2.503,-7.403,-1.806,-0.296,-2.623,-1.681,7,0,1,1,0,1,1,1,0,0,0,1.9948074346507043,2.111091034719068,1.169328776280797,1.56625802910655,TP3,TP1,False,0.9459897879556577,0.036845384382969006,0.015171976285903966,0.001992851375469327,2,43
T196,1,1,0,0.0,0,58,1,1,1,1,3,43,8,-4.059252546,181,76,60,0,0,0.216415773,0,3,23,11,37,-0.788,0.302,-0.879,-0.302,1.046,1.64,1.048,1.708,14944.395,23435.887,24397.029,-1.659,7.454,9.53,-0.68,3.587597391,5.028907608,-1.441310217,-0.88,0.34,0.03,-0.03,0.07,-3.82,-2.31,-3.19,-3.942,1.989,-1.483,-2.627,-0.56,-1.133,0.858,0.656,-4.172,-7.366,-3.775,-2.282,-2.846,-0.746,7,0,1,1,0,1,1,1,0,0,0,1.308809049773209,1.1821133517641451,1.2554808568773161,2.427433867698468,TP2,TP1,False,0.9227393518094242,0.06976703644876146,0.006882447969461121,0.0006111637723531327,2,43
T197,0,0,0,1.543,2,62,1,1,1,-1,3,21,8,-4.506213774,103,36,17,1,0,0.168124561,0,2,4,0,6,-0.618,-0.592,-0.693,-0.672,1.227,1.445,1.193,1.612,17528.606,20637.722,23023.688,2.255,5.755,10.175,0.122,2.010624551,3.720853853,-1.710229302,0.01,-0.91,-0.06,-0.1,0.03,-3.08,-1.45,-3.33,-3.407,2.745,-2.761,-2.068,-2.075,-1.291,0.601,-2.698,-2.79,-5.148,-3.365,-1.98,-2.299,-1.321,7,1,0,0,1,1,1,1,0,0,0,-1.5646733536780397,3.2623465051580505,1.4485272015110453,1.8847696223317996,TP1,TP1,True,0.9784077732348263,0.01709375113469085,0.0026312908028342952,0.0018671848276486263,2,43
T204,1,1,0,0.0,0,55,1,-1,1,-1,2,20,0,-3.924618631,559,228,130,0,0,0.511475517,0,5,17,2,24,-0.575,-0.025,-0.647,-0.282,1.293,1.568,1.387,1.682,18472.227,22401.564,24024.598,-2.2,4.629,10.484,1.847,2.963166789,4.910284202,-1.947117413,-0.84,-1.02,-0.04,-0.16,0.04,-2.27,-1.47,-2.24,-2.283,3.807,0.673,0.338,0.03,0.259,1.506,1.012,-3.613,-7.414,-1.234,0.951,-0.729,-0.038,7,1,0,0,1,1,1,1,0,0,0,-2.1480200446183755,0.057415557163298825,0.5875410941194699,1.66707718833537,TP1,TP1,True,0.8819176411359556,0.016203063015760234,0.07444589653411766,0.027433399314166527,2,43
T205,0,0,0,2.303,2,53,1,1,1,-1,3,15,3,-3.628473125,58,26,19,0,1,0.403673599,0,13,21,17,51,-0.662,-0.614,-0.813,-0.553,1.277,1.418,1.27,1.652,18247.675,20264.924,23596.227,4.332,4.792,9.439,2.474,2.608048068,4.396220439,-1.788172371,-1.05,-0.32,-0.02,-0.09,0.06,-2.62,-1.31,-1.71,0.202,4.587,1.449,1.1,-0.56,0.703,0.284,-0.015,-2.465,-4.813,-1.328,1.983,-0.163,-0.323,7,0,1,1,0,1,1,1,0,0,0,1.2855938032347196,2.264649207010292,0.25421735422001335,0.30756267356177847,TP3,TP1,False,0.960318857519834,0.0030421800588988903,0.018319424873739835,0.018319537547527274,2,43
T206,0,1,0,1.331,1,55,1,1,1,-1,3,36,8,-4.640040532,125,50,9,0,1,0.276452734,0,4,23,15,42,-0.556,-0.388,-0.594,-0.566,1.332,1.501,1.34,1.63,19027.834,21447.797,23283.873,4.136,5.235,9.221,2.154,4.174804083,5.018694901,-0.843890818,-0.54,0.06,-0.06,0.09,0.0,-1.74,-0.37,-1.91,-2.553,5.178,1.168,0.69,1.001,1.017,3.066,4.663,-1.07,-5.223,-2.724,1.193,-0.807,2.359,4,1,0,0,0,0,1,0,0,1,0,1.8779364255373268,3.1328956619330848,1.3215221361285139,0.5629562773566799,TP4,TP3,False,0.17626967165465499,0.03924841702243992,0.7839311883309236,0.0005507229919815923,2,43
T207,1,1,0,0.0,0,61,1,-1,1,1,3,97,0,-3.82360593,204,92,15,0,0,0.432253389,1,16,26,14,56,-0.251,0.457,-0.287,0.219,1.336,1.544,1.374,1.636,19081.872,22054.448,23379.901,-1.269,1.25,10.747,2.077,3.712787663,4.179430223,-0.466642561,-0.69,0.32,0.0,0.05,0.0,-1.72,-0.72,-1.81,-1.365,6.021,1.122,0.141,-2.686,-0.095,0.174,2.772,-2.379,-6.96,-1.658,1.897,0.228,3.049,7,1,0,0,1,1,1,1,0,0,0,1.5482253642003936,0.4323287949568406,1.0348016612023367,1.198420210532009,TP2,TP1,False,0.9389004557030818,0.043456367186989794,0.016827832086525288,0.0008153450234032287,2,43
T209,1,1,0,0.0,0,55,1,1,1,-1,3,60,5,-5.043132153,130,45,19,0,0,0.273259908,0,5,15,15,35,-0.76,-0.6,-0.887,-0.693,1.099,1.406,1.073,1.592,15705.013,20084.148,22747.69,1.89,1.915,10.439,1.061,2.575944427,4.372911687,-1.79696726,-0.41,-0.56,-0.02,-0.1,0.05,-3.54,-1.78,-2.2,-1.317,3.08,0.744,-0.269,-0.606,-0.115,0.699,-0.378,-3.93,-7.468,-1.616,-0.069,-2.423,0.282,7,1,0,0,1,1,1,1,0,0,0,-0.15309344208205,0.7759567320290517,1.1066661088140644,1.3501479215147174,TP1,TP1,True,0.9367716661010607,0.033007344976889896,0.027000996316985753,0.003219992605063775,2,43
T210,1,1,0,0.0,0,48,1,1,1,-1,2,23,3,-4.298068302,83,39,32,1,0,0.065527027,0,1,5,0,6,-0.807,-0.458,-0.872,-0.517,0.954,1.449,0.912,1.621,13624.828,20705.247,23153.23,1.484,2.966,11.224,-0.648,3.411614752,4.3587682,-0.947153448,-1.32,0.85,0.03,0.06,0.05,-3.65,-2.04,-3.19,-3.982,2.626,-1.455,-1.739,-1.935,-0.597,0.752,0.954,-3.924,-6.889,-5.785,-2.009,-2.326,0.379,7,1,0,0,1,1,1,1,0,0,0,0.16642645983054383,2.623781123843715,0.4688193593112898,1.2333453400613998,TP1,TP1,True,0.9450775527692238,0.030725986437575643,0.01693939879963946,0.007257061993561145,2,43
T213,1,1,0,0.0,0,50,1,-1,1,1,3,18,0,-2.79471863,87,47,7,1,1,0.296527441,1,6,20,13,39,-0.503,-0.396,-0.644,-0.501,1.384,1.541,1.394,1.672,19773.538,22018.09,23886.701,-1.261,0.264,9.827,1.591,3.246470374,3.103918841,0.142551533,0.04,-1.01,-0.01,-0.14,0.0,-2.15,-0.55,-2.17,-0.059,3.478,0.779,0.091,-1.009,0.235,0.888,0.037,-1.245,-4.459,-1.575,1.141,-0.151,1.723,7,1,0,0,1,1,1,1,0,0,0,-1.690194814594252,2.552166395171311,0.9742431126923612,0.775122045468599,TP1,TP1,True,0.9181550188166345,0.0012360205325732583,0.007259406096414255,0.07334955455437803,2,43
T215,1,1,0,0.0,0,33,1,-1,1,-1,3,29,0,-3.501901475,196,86,87,0,0,0.581378073,0,22,37,23,82,0.009,0.161,-0.11,-0.462,1.517,1.641,1.577,1.691,21675.333,23451.147,24159.382,0.424,1.154,8.789,3.132,4.180658851,3.634218203,0.546440648,-0.62,-0.9,0.0,-0.08,-0.04,-0.16,0.55,-0.93,0.068,4.619,2.441,2.071,0.271,1.45,1.748,-1.402,-1.679,-2.223,0.424,2.102,1.492,1.648,7,1,0,0,1,1,1,1,0,0,0,-1.4535912128874027,0.9132017897238556,-0.6046530218802629,-0.46483881980249653,TP1,TP1,True,0.9718339137567756,0.015335682689260655,0.011775762833728722,0.0010546407202349888,2,43
T217,0,1,0,1.004,1,61,1,1,1,-1,2,25,7,-3.651364875,177,74,67,1,0,0.292553961,0,9,17,6,32,0.277,-0.249,-0.098,-0.576,1.558,1.545,1.568,1.643,22261.026,22077.442,23472.801,3.884,6.85,9.492,3.377,3.483856926,4.852187651,-1.368330725,0.09,-1.97,-0.14,-0.12,-0.03,-0.91,-0.17,-1.29,1.893,5.626,2.007,1.88,1.232,1.417,3.399,1.643,-1.941,-3.86,0.218,2.812,1.383,2.589,7,1,0,0,1,1,1,1,0,0,0,0.2552018198233519,2.049061081552117,1.3730385778562637,1.4129825643181224,TP1,TP1,True,0.9065936348614103,0.028739200852163218,0.06458337692948257,8.378735694402957e-05,2,43
T218,0,0,0,3.072,2,40,1,1,1,1,3,34,8,-3.607653008,67,33,11,1,1,0.252727084,0,9,13,6,28,-0.613,-0.409,-0.698,-0.492,1.312,1.51,1.328,1.665,18738.522,21566.504,23793.166,3.272,6.405,5.784,1.321,3.205838073,4.825693524,-1.619855451,-0.89,-0.25,-0.02,-0.03,0.01,-1.44,-1.06,-2.18,-2.634,4.083,0.702,0.332,-0.919,0.15,1.591,1.377,-2.838,-5.677,-0.463,0.54,-0.604,0.146,7,1,0,0,1,1,1,1,0,0,0,1.4133423867335981,4.239469429713955,2.472928505250953,2.8818219146272948,TP1,TP1,True,0.959642442257325,0.030756596601999187,0.003648361379957896,0.005952599760717935,2,43
T177,0,1,0,1.014,1,49,1,1,-1,-1,3,35,8,-3.842312436,146,89,26,0,0,0.319808818,0,9,30,19,58,-0.588,-0.291,-0.724,-0.555,1.255,1.551,1.235,1.645,17931.089,22165.373,23502.919,4.198,6.027,6.08,0.975,3.34557227,3.944710554,-0.599138283,-0.61,-0.24,-0.02,-0.01,0.02,-2.17,-0.78,-2.45,-5.092,3.339,0.035,-1.346,-0.443,-0.361,1.77,0.707,-2.512,-5.931,-3.464,-0.551,-1.288,0.268,7,1,0,0,1,1,0,0,1,0,0,0.1263895764778511,2.266019199170209,1.0502267827679508,1.1861522194558631,TP1,TP2,False,0.021232575782677687,0.9743833133691613,0.0039039727951941075,0.0004801380529670189,3,44
T179,1,1,0,0.0,0,57,1,1,-1,1,3,12,6,-3.491669617,67,23,15,0,1,0.52915936,0,5,19,11,35,0.622,0.48,0.636,0.222,1.67,1.691,1.766,1.746,23865.905,24164.468,24943.247,-3.106,2.85,5.02,5.209,4.831343569,3.820626177,1.010717392,-0.57,-1.65,-0.06,-0.16,-0.04,0.86,0.82,0.12,1.779,6.099,3.633,3.574,1.987,2.64,2.984,-1.379,-0.533,-2.572,1.284,3.475,2.633,1.889,6,1,0,0,1,1,0,0,1,0,0,2.7663634833598447,-0.34542278438091056,2.108471617683388,2.668357939791624,TP2,TP2,True,0.032488473013476876,0.8597643392301858,0.006125071216097803,0.10162211654023938,3,44
T182,0,1,0,1.102,1,39,1,1,-1,-1,3,29,8,-3.451055872,49,20,56,0,0,0.195487734,0,7,10,7,24,-0.63,0.133,-0.652,-0.431,1.324,1.61,1.403,1.703,18915.927,23007.751,24335.642,1.658,6.325,6.024,1.64,3.220976545,3.721792269,-0.500815723,-0.66,-0.25,0.01,-0.08,0.04,-2.15,-1.15,-2.17,-2.064,3.372,0.773,0.01,-1.038,-0.423,0.247,-0.723,-3.789,-7.113,-1.512,0.109,-0.482,-1.056,6,1,0,0,1,1,0,0,1,0,0,0.7433160939040058,1.802033626309945,0.9375581591697761,2.4681091537647077,TP1,TP2,False,0.01228327711067576,0.9847006436069372,9.435668527701825e-05,0.0029217225971099434,3,44
T183,0,0,0,3.093,2,58,1,1,-1,1,3,59,8,-3.944314469,361,155,62,0,0,0.311916754,1,8,24,11,43,-0.686,0.065,-0.798,-0.486,1.144,1.62,1.066,1.689,16346.261,23149.843,24133.836,-1.417,7.011,6.592,-0.283,3.029618327,4.382125851,-1.352507523,-0.76,-0.53,0.02,-0.13,0.05,-3.55,-2.07,-3.21,-5.882,1.792,-1.697,-2.773,-1.488,-1.447,-0.037,-1.146,-3.648,-7.564,-5.692,-1.957,-3.832,-1.889,6,1,0,0,1,1,0,0,1,0,0,-0.06713780235967848,2.133777274869889,2.4102422098474636,3.4954147106124482,TP1,TP2,False,0.05450520113871494,0.9435319246944985,0.0005747938815394214,0.0013880802852470817,3,44
T184,0,0,0,1.41,2,53,1,-1,-1,1,3,43,0,-3.837849823,275,111,59,1,0,0.509950682,0,14,27,25,66,-0.579,0.446,-0.637,0.098,1.152,1.627,1.215,1.666,16457.168,23248.185,23801.602,-3.304,-0.406,6.643,0.55,4.597681093,3.731863168,0.865817925,-0.8,-0.44,0.06,-0.15,0.02,-3.53,-2.17,-2.4,-2.307,4.466,-0.389,-2.515,-2.602,-1.952,-1.697,-0.588,-3.644,-7.557,-2.287,1.571,-2.22,0.068,4,1,0,0,0,0,0,0,0,0,1,-1.2184097861020837,-0.0575688979627802,0.46663850890061354,1.495566531918046,TP1,TP4,False,0.06145879366536031,0.04465100558252133,0.0016964558591691175,0.8921937448929492,3,44
T189,0,0,1,3.395,3,39,1,1,-1,1,3,52,8,-3.853311033,840,342,137,0,0,0.333798182,0,11,13,8,32,0.036,-0.555,0.228,-0.655,1.522,1.434,1.626,1.603,21741.694,20487.338,22906.097,0.138,0.588,4.384,3.2,2.873665562,4.541716136,-1.668050574,0.24,-0.51,-0.11,0.12,-0.06,0.27,0.65,-1.44,-2.124,5.444,1.82,1.456,3.174,1.581,2.639,1.025,-1.563,-3.97,-0.343,2.218,0.813,2.215,6,1,0,0,1,1,0,0,1,0,0,-0.5246668390011706,0.8365073925416173,2.574400293546138,3.3932996074528994,TP1,TP2,False,0.003074014115615135,0.9484558986306323,0.025269903938713183,0.02320018331503942,3,44
T191,0,0,1,3.536,3,60,0,1,-1,1,2,58,8,-3.834474131,232,103,53,0,0,0.357497927,0,8,27,25,60,0.407,-0.457,0.652,-0.557,1.639,1.506,1.825,1.652,23413.105,21510.549,23607.102,3.383,5.232,5.69,5.582,2.892490145,4.846769618,-1.954279473,0.55,-3.33,-0.26,-0.13,-0.1,0.88,2.08,0.66,0.931,6.76,4.223,3.835,4.867,3.277,3.897,4.742,-0.374,-1.138,1.529,3.639,2.826,0.467,7,0,1,1,0,1,1,1,0,0,0,2.652318329419055,0.3179249534711679,4.041385129970057,3.2472432185563465,TP2,TP1,False,0.8111593657594194,0.13165072440057504,0.05621915096897369,0.0009707588710319841,3,44
T192,0,0,0,1.5,2,32,1,1,-1,1,3,27,8,-3.445286445,113,50,14,0,0,0.252283258,0,10,11,10,31,-0.642,0.194,-0.764,-0.403,1.301,1.598,1.291,1.682,18583.736,22832.593,24028.632,3.552,5.56,5.223,1.274,3.411623701,4.544771343,-1.133147642,-0.77,0.09,0.0,-0.02,0.05,-2.45,-1.49,-2.44,-1.741,3.457,0.277,0.123,-1.075,-0.103,-0.649,1.624,-4.221,-5.828,-0.645,0.487,-1.219,-0.051,6,0,1,1,0,1,0,0,1,0,0,0.6961057552220093,3.1747142041070076,1.6086022620593257,3.170314480044558,TP1,TP2,False,0.07284283819101983,0.9158558910214883,9.209967179227392e-05,0.011209171115699487,3,44
T194,0,0,0,3.061,2,43,1,1,-1,1,3,50,8,-3.931041192,82,33,28,0,1,0.350404122,0,8,15,4,27,-0.193,0.075,-0.55,-0.3,1.391,1.587,1.305,1.683,19870.835,22676.92,24048.918,3.708,5.989,6.478,0.321,3.853877012,5.083187852,-1.22931084,-1.26,-1.09,0.01,-0.15,-0.02,-1.17,1.13,-3.03,-5.391,2.981,-1.028,-1.312,-2.736,-0.841,-0.725,-0.087,-3.823,-6.59,-2.104,-1.595,-2.591,-1.575,7,1,0,0,1,1,1,1,0,0,0,1.2050992564775025,3.647293567168092,2.2463255510515854,3.2302341182147853,TP1,TP1,True,0.8447981926660724,0.15468210024472095,0.00010904714244680799,0.0004106599467598218,3,44
T195,0,1,0,1.341,1,74,1,-1,-1,-1,3,40,0,-3.711672496,379,183,60,1,1,0.44612918,0,8,24,14,46,-0.416,0.627,-0.385,0.415,1.342,1.699,1.431,1.718,19178.35,24278.264,24550.719,-3.826,-0.787,5.562,2.152,4.726718604,4.114715864,0.61200274,-1.19,-0.43,0.03,-0.11,0.02,-1.48,-1.3,-2.04,-0.756,5.07,0.643,0.512,1.084,1.141,-1.19,0.153,-3.927,-0.872,0.344,1.927,-0.388,1.777,4,1,0,0,0,0,0,0,0,0,1,2.914482262470393,1.3103317159448589,1.2229346056088597,1.820287006280876,TP3,TP4,False,0.0011108688422553936,0.10709804068266704,0.015175119352446996,0.8766159711226306,3,44
T198,1,1,0,0.0,0,63,1,-1,-1,1,3,8,0,-3.412114954,174,80,76,0,1,0.690270867,0,8,20,8,36,0.409,0.185,0.343,-0.374,1.604,1.619,1.714,1.704,22917.31,23127.291,24341.382,-4.266,0.127,4.583,4.244,3.714560439,4.01301383,-0.298453391,-0.08,-1.42,-0.05,-0.14,-0.03,0.51,1.16,-0.78,1.083,5.587,2.61,2.925,3.486,2.441,2.717,-0.051,0.073,-2.753,0.38,2.684,1.783,1.261,4,1,0,0,0,0,0,0,0,0,1,1.9635069982332363,0.7666668003435477,2.2757149525919815,2.2717512738410646,TP2,TP4,False,0.022774207677857938,0.1121837809123205,0.00718661261245556,0.857855398797366,3,44
T200,0,0,0,3.08,2,73,1,1,-1,1,3,18,4,-3.378179938,109,48,12,0,1,0.414165569,0,12,16,6,34,-0.521,-0.513,-0.615,-0.653,1.391,1.578,1.443,1.672,19873.472,22543.163,23885.957,-4.192,-0.692,3.382,2.085,2.446839077,3.315522604,-0.868683527,0.7,-1.87,-0.05,-0.2,-0.03,-2.51,-0.69,-2.71,-1.082,2.302,-0.19,0.286,0.154,0.283,0.143,-3.54,0.862,-6.976,-4.203,-0.86,-0.907,1.111,3,1,0,0,0,0,0,0,0,0,1,4.8497268164558704,3.226783775599597,2.759596558027703,2.5470346014424368,TP4,TP4,True,0.005649278000089929,0.10124387773210096,0.0018975614142620785,0.8912092828535471,3,44
T201,1,1,0,0.0,0,55,1,-1,-1,-1,3,10,0,-4.262156726,219,84,43,0,1,0.705949115,1,9,28,23,60,-0.657,-0.332,-0.679,-0.574,1.268,1.575,1.354,1.672,18122.095,22500.731,23892.775,-2.348,-1.599,4.608,2.481,3.422970924,2.890560758,0.532410166,-0.38,-0.14,-0.01,0.0,0.0,-2.28,-1.15,-1.69,-4.6,3.283,1.463,0.955,-2.815,0.821,0.875,-1.232,-2.072,-7.095,-2.292,0.47,-0.955,0.019,3,1,0,0,0,0,0,0,0,0,1,-1.1087599206860617,0.8193215934452145,0.7561505365278225,0.15715153109389135,TP1,TP4,False,0.002849457322772825,0.1462212263727554,0.007917497106756774,0.843011819197715,3,44
T203,0,0,0,3.151,2,48,0,1,-1,-1,3,35,8,-4.293275778,53,25,15,0,0,0.099216303,0,3,8,4,15,-0.711,-0.461,-0.887,-0.532,1.039,1.531,0.973,1.662,14847.423,21872.203,23748.589,2.915,7.069,5.841,-0.727,2.58363052,5.02211762,-2.4384871,-1.03,-0.75,0.02,-0.19,0.06,-4.11,-2.14,-3.42,-7.498,0.37,-3.051,-2.468,-4.809,-2.042,-1.627,0.003,-6.429,-7.947,-6.221,-2.895,-3.847,-3.098,6,1,0,0,1,1,0,0,1,0,0,1.2141783300301199,3.590928330125574,1.9463718415866995,2.906250689683066,TP1,TP2,False,0.10158802977932119,0.8908074351021453,1.5236149155526508e-05,0.007589298969377827,3,44
T208,1,1,0,0.0,0,53,1,1,-1,-1,3,45,4,-4.506024837,158,69,40,0,1,0.527670676,1,18,27,25,70,0.077,0.415,-0.181,0.131,1.503,1.664,1.533,1.742,21474.115,23769.645,24884.84,-2.607,1.929,5.998,3.142,4.898400311,4.71739267,0.181007641,-1.47,0.02,0.09,-0.03,-0.06,0.47,0.51,-1.56,-0.791,5.082,1.609,2.127,1.802,1.622,2.273,-0.775,-0.482,-3.697,0.454,1.877,1.049,1.747,7,0,1,1,0,1,0,0,1,0,0,3.0895892650380024,0.22809118549083696,0.974816074765759,0.9182323824316992,TP2,TP2,True,0.011189502660708851,0.9806639297991843,0.006515272880627839,0.001631294659479175,3,44
T211,1,1,0,0.0,0,49,0,1,-1,-1,3,32,4,-3.263202088,87,37,15,0,1,0.166424472,0,5,15,9,29,0.418,-0.517,0.559,-0.635,1.725,1.456,1.861,1.602,24646.875,20807.214,22894.64,-0.068,2.818,5.355,6.836,3.512646818,4.900744087,-1.388097269,1.12,-2.41,-0.2,-0.09,-0.07,1.3,2.19,1.21,3.182,7.282,4.786,5.544,4.213,4.179,3.766,1.974,0.49,-0.681,3.395,4.703,4.068,3.763,6,1,0,0,1,1,0,0,1,0,0,3.715507775286439,1.9730497516377505,2.9177662325461933,1.764022685891364,TP4,TP2,False,0.041972826582414025,0.8197897939780546,0.04045428265426632,0.09778309678526499,3,44
T212,0,0,0,1.482,2,74,1,-1,-1,-1,3,26,0,-4.04021842,140,65,28,1,0,0.221599854,0,9,20,6,35,-0.731,0.017,-0.855,-0.327,1.174,1.54,1.062,1.666,16776.111,21996.516,23801.182,0.158,1.274,7.88,1.188,4.208137362,4.943526725,-0.735389363,-1.43,0.18,0.04,-0.01,0.0,-2.38,-0.65,-2.27,-4.091,3.86,0.658,-0.333,-1.628,-0.225,1.389,0.256,-0.56,-7.358,-1.248,-0.129,-1.109,1.131,6,1,0,0,1,1,0,0,1,0,0,0.7795186354020003,1.4732960404801843,0.868169833349683,0.5505992146311729,TP4,TP2,False,0.04987817030067989,0.802317516173239,0.028440233350722155,0.1193640801753591,3,44
T214,0,0,0,1.611,2,72,1,-1,-1,-1,3,50,0,-3.955823426,159,70,23,0,1,0.410079347,0,10,31,14,55,-0.719,-0.225,-0.812,-0.453,1.11,1.562,1.103,1.678,15853.496,22312.77,23972.056,-0.836,1.118,5.337,0.089,2.949051287,2.954778891,-0.005727604,-1.36,0.23,0.07,-0.07,0.04,-2.83,-1.54,-2.7,-3.842,1.915,-0.137,-1.365,0.328,0.008,-0.459,-2.917,-4.875,-7.222,-2.84,-1.292,-0.83,-0.428,6,1,0,0,1,1,0,0,1,0,0,2.43733788987611,0.9094576763620392,1.137545457444003,1.1199349673087213,TP2,TP2,True,0.015791589994683736,0.8319701505534759,0.004759871516085866,0.14747838793575455,3,44
T216,0,0,1,3.706,3,50,1,1,-1,1,3,108,8,-3.66600874,340,134,111,0,1,0.376794378,0,5,3,5,13,0.359,-0.68,-0.153,-0.682,1.57,1.395,1.572,1.609,22424.983,19930.444,22993.451,6.222,4.476,4.641,3.338,2.017332247,4.401735057,-2.38440281,0.16,-1.43,-0.11,-0.08,-0.02,-1.02,-0.24,-1.16,1.195,5.188,2.178,1.267,-0.064,1.312,0.808,1.392,-1.973,-5.25,-0.19,2.636,1.257,1.323,6,1,0,0,1,1,0,0,1,0,0,2.1280317807704057,2.64556771284103,3.351342403375323,3.8945338793685647,TP1,TP2,False,0.04512596212753852,0.9321743092240296,0.006250554542305506,0.01644917410612655,3,44
A002,0,0,0,4.381,3,57,1,1,-1,1,3,70,8,-3.967478,262,134,60,0,0,0.261300406,1,3,9,4,16,0.588,0.624,0.637,0.314,2.055,2.194,2.221,2.284,22059.99,23555.511,24517.194,1.619,6.752,6.59,4.086,4.042607109,4.265593169,-0.22298606,0.06,-1.16,0.03,-0.19,-0.02,0.05,-0.41,-0.41,-0.484,4.019,3.131,2.863,1.85,1.91,2.937,3.127,0.469,-1.213,0.896,2.65,1.594,4.069,6,1,0,0,1,1,0,0,1,0,0,1.889108458388825,1.111604214545504,3.069784355806316,3.972100432720808,TP2,TP2,True,1.9034306838794178e-05,0.9999463597475374,2.4531297062595455e-05,1.0074648561142919e-05,3,44
A004,0,0,0,2.865,2,45,1,1,-1,1,2,44,8,-7.0739864,33,19,0,1,0,0.146476691,0,5,6,0,11,-0.077,-0.732,0.129,-0.603,1.894,1.572,2.048,2.109,20331.419,16870.777,22634.52,1.807,3.317,5.124,3.74,0.829679163,4.501917816,-3.672238653,0.17,1.96,-0.05,0.33,0.04,-1.61,-0.53,-0.3,-0.785,4.554,3.266,2.446,2.62,1.88,3.462,3.631,0.635,-5.597,-1.253,2.288,0.606,1.288,6,1,0,0,1,1,0,0,1,0,0,2.362039686319991,2.4096478310798806,3.1778952041668793,2.8476692796995953,TP1,TP2,False,0.0005272917532570056,0.9463606023992065,0.0015811222823785942,0.05153098356515794,3,44
A005,1,0,0,0.0,0,27,1,1,-1,1,3,51,4,-3.5832833,269,138,68,0,1,0.507686998,1,21,35,30,86,0.672,0.582,0.664,0.499,2.233,2.252,2.367,2.346,23970.414,24177.888,25181.154,-2.354,-0.308,5.327,5.618,5.043276825,4.346703404,0.696573421,-0.59,-1.26,0.08,-0.19,-0.1,1.87,2.0,0.66,2.234,5.09,4.284,4.522,1.37,3.308,3.098,0.665,-0.468,-1.237,2.998,3.48,2.867,4.362,6,1,0,0,1,1,0,0,1,0,0,2.808533434005773,0.8404991832372726,1.5074413565296985,2.336576462676222,TP2,TP2,True,0.004558141264881507,0.9926745846836261,0.001277108660742237,0.0014901653907500871,3,44
A007,0,0,0,2.722,2,40,1,1,-1,1,2,21,7,-6.827391,49,29,12,1,0,0.123499002,0,4,6,2,12,-0.034,-0.656,0.229,-0.339,1.923,1.755,2.08,2.186,20639.638,18835.798,23461.553,4.063,3.608,5.134,4.029,1.474393935,3.850658318,-2.376264384,0.57,-0.05,-0.04,-0.03,0.08,-1.33,-1.33,-0.38,-1.654,3.819,3.175,2.329,3.512,1.42,2.79,4.783,-0.048,-2.732,0.083,2.4,0.577,2.162,6,1,0,0,1,1,0,0,1,0,0,0.36825809791047126,2.5568349609724317,3.35274770981899,3.4222054234876644,TP1,TP2,False,0.0006538635768266298,0.9383514217877952,0.0008570707919268235,0.060137643843451376,3,44
A010,1,0,0,0.0,0,42,1,1,-1,-1,3,22,8,-4.2699236,136,64,38,1,1,0.291685107,0,8,14,8,30,0.225,0.171,0.481,-0.197,2.001,2.047,2.192,2.256,21483.666,21976.766,24218.342,4.223,5.166,5.367,3.912,3.913295771,4.082472133,-0.169176363,-0.45,-0.24,0.04,-0.06,0.0,0.55,-0.08,-0.59,-0.419,4.274,2.913,2.702,2.913,1.724,2.535,3.853,-1.428,-3.286,0.551,2.683,1.194,4.097,6,1,0,0,1,1,0,0,1,0,0,1.5977912488186776,3.2188980397563967,1.6458446155683832,1.890823388638234,TP1,TP2,False,0.00010790124714702157,0.9967967709324833,0.0007874860724551046,0.0023078417479145577,3,44
A012,0,0,0,1.185,1,48,1,1,-1,-1,3,56,8,-3.594931,132,69,19,0,0,0.352518589,0,13,29,12,54,0.638,0.562,0.712,0.444,2.207,2.222,2.414,2.34,23693.915,23851.88,25119.744,3.949,5.457,5.02,6.064,4.46376819,4.559770293,-0.096002103,-0.1,-2.02,0.03,-0.31,-0.02,1.65,1.16,1.18,2.174,4.939,4.838,4.828,3.694,3.472,2.594,0.941,-0.391,-1.044,2.836,4.216,3.131,4.411,6,1,0,0,1,1,0,0,1,0,0,2.973745552573318,1.2688113193044863,1.6907205525666698,2.507050058753232,TP2,TP2,True,3.720967677918759e-05,0.9999185255756716,3.889304119212245e-05,5.371706357106277e-06,3,44
A014,0,0,0,3.677,3,63,0,1,-1,1,2,47,8,-5.0733694,25,21,22,0,0,0.162486057,0,5,8,1,14,-0.116,-0.503,-0.497,-0.62,1.914,1.836,2.021,2.174,20549.555,19703.476,23333.628,-0.835,7.804,5.688,3.354,1.898142253,4.995984077,-3.097841824,-0.34,-1.3,-0.01,-0.2,0.03,-1.19,-0.78,-0.81,-1.346,3.22,2.688,1.759,0.429,1.122,0.97,3.7,-3.504,-5.122,0.193,1.599,-0.038,0.907,6,1,0,0,1,1,0,0,1,0,0,3.70055730067901,3.645505789412808,4.558131353691932,4.995047121980469,TP2,TP2,True,0.010010404405884707,0.965395020197029,0.00012200727297266909,0.024472568124113667,3,44
A017,0,0,0,1.625,2,57,1,1,-1,-1,3,26,8,-4.859264,116,65,47,0,1,0.338163615,0,9,15,5,29,-0.415,0.187,-0.392,-0.117,1.821,2.035,1.957,2.23,19545.062,21842.44,23940.294,3.885,7.253,5.896,2.105,3.664123247,4.430635574,-0.766512327,-0.59,0.35,0.08,-0.03,0.0,-0.29,-0.65,-1.84,-1.639,3.381,1.361,1.106,1.443,1.05,2.024,4.886,-0.092,-4.456,-0.546,0.819,0.076,2.591,6,1,0,0,1,1,0,0,1,0,0,2.8463873458607587,3.4267155586452898,1.6495256921833674,1.5400190515956584,TP4,TP2,False,9.147248701905224e-05,0.998507501448306,0.000816519891142918,0.000584506173532005,3,44
A023,0,0,0,1.073,1,47,1,1,-1,-1,3,34,8,-3.4648956,92,58,27,0,0,0.431404706,0,14,28,21,63,0.126,0.259,0.372,0.021,1.988,2.064,2.136,2.268,21341.057,22157.625,24345.681,1.082,6.057,7.26,4.004,3.729377229,5.301504943,-1.572127714,-0.62,0.37,0.08,-0.03,0.01,0.13,-0.18,0.24,0.834,4.62,3.852,2.917,0.655,2.118,2.017,3.78,-0.268,-2.874,0.806,3.033,1.232,3.098,6,1,0,0,1,1,0,0,1,0,0,1.827864690315546,1.5480336045455774,0.37568407429813755,1.0516885388223631,TP3,TP2,False,0.0005200637723808516,0.9978933023391348,0.0009633239782079012,0.0006233099102764721,3,44
A042,0,0,0,0.946,1,50,0,-1,-1,-1,3,22,0,-4.407352,32,17,7,1,0,0.511694128,1,3,10,2,15,0.102,0.444,0.418,0.458,1.965,2.163,2.152,2.314,21088.277,23216.108,24841.633,-1.245,-0.583,3.392,4.05,4.559614381,4.477975082,0.081639299,-0.69,1.23,0.08,0.12,-0.01,-0.23,0.79,-1.02,-2.637,4.471,2.43,2.775,4.119,2.143,4.053,7.261,-2.101,-3.923,1.539,1.54,0.674,2.907,6,1,0,0,1,1,0,0,1,0,0,2.702833140957769,0.7638986980986957,1.646673932020694,1.42044120809336,TP2,TP2,True,5.568873929445225e-06,0.9979931213617698,5.915585236874488e-06,0.001995394179063917,3,44
A057,0,0,0,1.518,2,54,1,1,-1,1,2,32,8,-3.2928437,25,14,10,0,0,0.153638526,0,2,3,0,5,-0.312,-0.316,-0.623,0.201,1.858,1.959,1.942,2.251,19944.942,21025.657,24159.55,5.598,4.668,5.78,2.991,2.479851189,3.828840618,-1.348989429,-0.54,-0.89,-0.03,-0.19,0.09,-1.74,-1.63,-1.59,-0.26,3.726,1.733,1.848,1.77,0.548,3.563,1.728,-1.432,-4.827,-0.038,1.396,1.691,0.346,6,1,0,0,1,1,0,0,1,0,0,2.52623458453019,2.0439501630413757,2.623334992642549,4.142984023901157,TP2,TP2,True,0.0026667325537049814,0.992785316458804,0.00010786447298409309,0.004440086514507037,3,44
A067,0,0,0,2.926,2,39,1,1,-1,1,3,33,7,-3.7422008,76,41,39,0,0,0.2613614,0,2,14,0,16,-0.37,-0.248,-0.502,-0.329,1.849,1.938,1.916,2.198,19843.0,20804.509,23598.013,3.612,6.037,7.389,2.778,2.870601405,6.16264448,-3.292043075,-0.74,-0.66,0.05,-0.16,0.02,-1.25,-0.62,-0.55,-0.548,3.503,2.981,1.797,1.006,0.925,1.421,3.558,-1.62,-6.283,0.126,1.781,0.338,2.341,6,1,0,0,1,1,0,0,1,0,0,1.200198336793702,3.406163555602212,2.0203210595029697,3.115770161105546,TP1,TP2,False,0.014925896982788482,0.9782873897035375,0.00023076639422041608,0.006555946919453714,3,44
A102,0,0,0,3.772,3,49,1,1,-1,1,3,39,7,-3.557008,110,59,23,1,1,0.389188076,0,11,13,8,32,0.408,0.515,0.494,0.465,2.032,2.16,2.171,2.314,21816.038,23185.861,24836.315,1.47,3.127,5.61,3.706,3.820032491,4.353574721,-0.53354223,-0.91,-0.6,0.05,-0.2,0.05,0.04,-0.22,-0.51,1.621,4.778,3.023,2.941,4.273,1.976,2.364,5.029,-2.124,-2.306,1.201,2.962,1.178,3.156,6,1,0,0,1,1,0,0,1,0,0,3.3551726035029086,1.8066466961669252,1.9563539529979226,3.0798615988493876,TP2,TP2,True,0.001447207578477472,0.9748416374618153,0.0006748432294995337,0.023036311730207683,3,44
A149,0,0,0,3.128,2,50,1,1,-1,1,2,44,8,-3.658615,87,41,8,1,0,0.301982012,0,3,6,0,9,-0.36,-0.68,-0.343,-0.437,1.857,1.676,1.991,2.158,19934.927,17995.343,23163.217,3.459,6.832,6.902,2.941,1.21228227,4.427390079,-3.215107809,-0.32,0.82,-0.02,0.11,0.05,-1.31,-0.88,-0.79,-0.324,4.17,2.711,1.814,1.802,1.177,2.951,5.097,-1.109,-4.129,-0.338,2.071,0.737,1.16,6,1,0,0,1,1,0,0,1,0,0,1.2570912736475848,3.2317764424955344,2.5473912579099385,3.1423626027071463,TP1,TP2,False,0.00978016831135895,0.9546091482758221,0.0015897406318232715,0.03402094278099572,3,44
A248,0,0,0,1.141,1,48,1,1,-1,-1,3,36,5,-3.77829,105,54,18,0,1,0.396386059,0,6,19,7,32,0.504,0.662,0.616,0.589,2.126,2.305,2.283,2.394,22823.283,24743.133,25694.975,-2.923,1.812,5.371,4.966,5.179385861,2.780366264,2.399019597,-0.81,-1.06,0.08,-0.24,-0.01,1.03,0.25,-0.37,1.313,4.466,3.175,3.344,3.149,2.487,2.58,-0.585,-0.541,-2.228,1.164,3.243,1.951,3.975,6,1,0,0,1,1,0,0,1,0,0,3.024015631583365,0.3083667683640079,0.9705974686105728,2.26539762501816,TP2,TP2,True,1.885008701377932e-05,0.9964911604761938,0.00019351818784212903,0.0032964712489503794,3,44
A253,0,0,0,1.788,2,49,1,1,-1,1,2,25,7,-3.929318,19,12,10,0,0,0.373339895,0,9,6,2,17,0.614,-0.446,0.783,-0.357,2.234,1.895,2.397,2.213,23976.471,20346.268,23755.721,1.319,2.981,5.147,6.286,3.048211354,4.567470736,-1.519259382,0.92,-1.53,-0.09,-0.13,0.0,1.42,0.48,1.92,3.459,6.291,5.598,4.777,3.301,3.636,3.339,4.343,0.2,-3.541,2.343,5.024,2.988,3.72,6,1,0,0,1,1,0,0,1,0,0,1.304279556589902,1.5448449686355654,2.716115210550535,3.2072480564058563,TP1,TP2,False,0.0009628952671130233,0.9904213045958689,0.0006880878341114226,0.00792771230290667,3,44
A280,0,0,0,3.366,3,46,1,1,-1,1,2,56,8,-3.8205074,113,60,24,0,0,0.140250641,0,4,4,1,9,-0.629,-0.069,-0.671,-0.221,1.794,1.997,1.889,2.241,19255.948,21433.542,24054.313,6.312,6.82,6.869,2.746,2.985221288,5.090291771,-2.105070484,-1.08,0.89,0.09,-0.02,0.08,-1.87,-1.37,-0.9,-0.756,3.746,2.577,1.439,1.206,0.636,2.038,4.778,-3.53,-5.222,-1.159,1.622,-0.403,1.815,6,1,0,0,1,1,0,0,1,0,0,2.3284068164231817,3.9095685636065873,2.1898389646993546,3.8257549517442575,TP3,TP2,False,0.0007513066023033829,0.9987156244108566,8.141933585987213e-05,0.00045164965098009187,3,44
A292,0,0,0,1.696,2,49,1,1,-1,-1,2,58,8,-3.6879086,29,17,18,0,0,0.250253873,0,1,6,0,7,-0.727,-0.769,-0.83,-0.687,1.565,1.472,1.593,2.103,16795.469,15804.31,22570.398,4.795,5.526,5.782,0.398,0.014029768,4.129527116,-4.115497348,-0.8,-0.02,0.0,-0.05,0.07,-2.87,-1.57,-2.53,-2.01,2.02,0.299,-0.419,-2.193,-0.777,-0.676,3.055,-3.328,-7.068,-3.955,-0.248,-3.042,-0.71,6,1,0,0,1,1,0,0,1,0,0,0.9912915652475763,2.6746913783422057,1.5343227488333153,2.5313128895573582,TP1,TP2,False,0.02404368077120135,0.8997173005498574,0.00028219020918737736,0.07595682846975385,3,44
A304,0,0,0,1.859,2,48,1,1,-1,-1,3,48,3,-3.2654308,100,62,9,0,1,0.50035382,0,8,29,13,50,-0.151,0.468,-0.253,0.436,1.91,2.157,1.995,2.333,20500.733,23159.453,25040.717,-1.618,0.315,5.443,3.462,4.579334546,4.001047637,0.578286908,-1.72,0.81,0.12,0.02,-0.02,-0.13,-0.39,-0.61,0.183,4.588,2.854,1.988,3.791,1.052,3.488,2.618,1.142,-5.075,-0.397,1.351,-0.222,2.159,6,1,0,0,1,1,0,0,1,0,0,4.234975771416576,0.21321016937362858,-0.11986681251271758,0.6665083145346579,TP3,TP2,False,0.00014564061713359612,0.969342965809168,0.004666113083703833,0.025845280489994613,3,44
A332,0,0,0,3.233,2,46,0,1,-1,1,2,60,8,-4.262513,15,10,7,1,0,0.160713418,1,4,7,0,11,-0.49,-0.803,-0.508,-0.6,1.822,1.529,1.956,2.134,19559.944,16416.456,22910.788,1.307,4.439,6.743,3.396,0.658067247,4.829245437,-4.17117819,-0.2,0.17,0.01,0.02,0.01,-1.77,-0.77,0.04,-0.455,3.586,3.634,2.042,0.214,1.82,1.335,6.356,-1.348,-3.599,0.404,2.02,0.358,0.71,6,1,0,0,1,1,0,0,1,0,0,2.139430691698324,3.441544893018416,3.6488198409569383,3.5037358430975734,TP1,TP2,False,0.020371847921929243,0.808569928518403,0.00034146461306601753,0.17071675894660163,3,44
A354,0,0,0,3.298,3,48,1,1,-1,1,2,21,8,-3.767925,24,14,2,0,0,0.277264442,0,7,11,3,21,-0.709,-0.034,-0.797,-0.191,1.622,1.977,1.697,2.224,17411.053,21226.921,23874.241,4.09,5.86,6.236,1.419,3.324847782,5.420570177,-2.095722396,-0.86,0.73,0.07,0.01,0.05,-2.16,-1.4,-2.29,-4.635,2.87,0.645,0.184,-1.297,-0.326,1.731,4.694,-2.655,-7.279,-4.385,-0.117,-1.201,0.482,6,1,0,0,1,1,0,0,1,0,0,3.0505210067086903,4.380435999871571,1.9961435341527776,3.0974175294254573,TP3,TP2,False,0.004250286559082795,0.994264524383192,0.00015122792769030138,0.0013339611300348985,3,44
A359,1,0,0,0.0,0,54,1,1,-1,1,3,23,3,-3.7284383,144,78,33,0,1,0.673810745,0,11,18,9,38,0.559,0.485,0.516,0.337,2.133,2.181,2.207,2.31,22893.275,23410.199,24795.498,-1.448,2.749,5.177,3.627,5.014147539,4.091313888,0.922833651,-0.95,-0.19,0.1,-0.03,-0.1,1.09,0.34,-0.45,0.814,4.613,3.091,2.517,1.389,2.324,2.516,1.129,0.51,-4.244,-0.005,2.692,1.187,2.902,6,1,0,0,1,1,0,0,1,0,0,3.5709481756239887,1.3642536955257982,1.530555889464189,2.2041325514746593,TP2,TP2,True,0.0006090259335435541,0.9837635444731277,0.0006239016780176633,0.015003527915311175,3,44
A398,0,0,0,3.467,3,50,0,1,-1,1,2,46,8,-4.3015813,20,15,2,1,0,0.13515221,0,2,6,0,8,-0.521,-0.782,-0.512,-0.492,1.809,1.553,1.957,2.135,19418.756,16673.453,22917.628,3.64,5.251,6.954,3.357,0.972370178,4.764021388,-3.791651209,-0.83,1.28,0.03,0.13,0.05,-1.22,-0.85,-0.5,0.002,3.785,3.034,2.1,0.867,1.262,1.177,5.13,-1.467,-6.674,-0.629,1.952,0.621,2.315,2,1,0,0,0,0,0,0,0,0,1,2.8954504584996874,3.9988931607358866,3.1518710409354105,3.2128902818140634,TP1,TP4,False,0.0065117151023576835,0.44225349289362215,0.0004697635210784575,0.5507650284829417,3,44
A419,0,0,0,2.645,2,52,0,1,-1,1,2,30,8,-4.3875174,64,37,17,0,0,0.238990012,0,4,7,3,14,-0.117,-0.377,0.22,-0.572,1.951,1.97,2.108,2.208,20947.222,21147.059,23703.517,2.211,5.662,4.522,3.584,2.637564074,4.496545044,-1.85898097,0.18,0.5,0.03,0.03,0.04,-1.33,-1.09,-0.48,0.271,4.062,3.054,2.05,0.338,1.313,1.734,3.348,-2.175,-6.913,-0.022,2.789,0.445,2.166,6,1,0,0,1,1,0,0,1,0,0,2.350360491780318,2.8682597655620183,2.9916725722755277,3.5280369078874534,TP1,TP2,False,0.0002365508958116262,0.9799263889212001,4.614175959102918e-05,0.019790918423397145,3,44
A463,0,0,0,1.217,1,48,1,1,-1,-1,3,21,8,-4.074614,52,27,26,0,1,0.323486358,0,6,7,4,17,0.472,0.218,0.432,0.303,2.067,2.036,2.174,2.269,22182.684,21851.099,24361.506,5.155,4.759,6.097,3.992,3.674381673,4.50797251,-0.833590837,-0.57,-0.58,0.02,-0.09,-0.01,0.37,-0.18,0.16,0.386,5.079,3.757,3.137,2.394,2.286,2.835,4.302,-0.572,-1.68,1.896,3.3,1.696,3.867,6,1,0,0,1,1,0,0,1,0,0,2.2396743252802556,1.522846231511851,1.710060509700372,2.2026790798056752,TP2,TP2,True,0.0001075450229958737,0.9987365254712878,0.0002936859338247999,0.0008622435718915047,3,44
A476,0,0,0,2.126,2,36,1,1,-1,1,2,33,8,-4.5464367,37,18,42,0,0,0.315726418,1,4,15,3,22,0.133,0.131,-0.247,-0.321,1.98,2.01,2.019,2.217,21258.253,21577.621,23803.036,3.126,6.445,6.475,3.624,3.350323489,5.491409062,-2.141085573,-0.62,-0.48,0.05,-0.14,0.02,-0.27,-0.74,-1.0,1.177,4.481,2.438,2.419,1.805,1.571,1.77,4.134,-2.218,-2.189,0.592,2.724,0.851,2.846,5,1,0,0,1,1,0,0,1,0,0,0.9269156289973992,4.144570454931966,2.8534937907740945,3.9232682424818908,TP1,TP2,False,0.004441298051310366,0.9951814039966259,5.5213960730831635e-05,0.0003220839913329474,3,44
A524,0,0,0,3.233,2,49,1,1,-1,1,2,51,8,-4.3377627,84,45,19,1,0,0.191741168,1,4,6,0,10,0.213,-0.405,0.192,-0.257,1.983,1.887,2.058,2.211,21288.127,20257.141,23729.78,-0.761,4.883,6.145,3.361,2.322623341,5.247790404,-2.925167063,0.1,-0.42,-0.12,0.06,0.01,-1.08,-0.54,-0.84,-2.077,4.682,2.639,2.168,1.623,1.515,4.074,3.97,0.042,-4.97,-0.721,2.374,0.245,2.626,6,1,0,0,1,1,0,0,1,0,0,1.1054839786384385,2.2991565275024746,3.1778438579125607,3.5970806149500962,TP1,TP2,False,0.0021023220105479577,0.9956795365617916,0.000696054636259565,0.0015220867914008634,3,44
A530,0,0,0,2.025,2,45,1,1,-1,-1,3,28,7,-3.2068948,83,42,18,0,1,0.637201551,0,7,13,5,25,0.586,-0.719,0.564,-0.34,2.099,1.63,2.243,2.168,22532.717,17495.46,23277.079,1.651,6.144,5.983,4.053,0.59884803,3.542538614,-2.943690584,0.13,-1.43,-0.07,-0.14,0.0,0.03,-0.27,-0.09,0.888,4.305,3.495,2.632,1.54,1.871,2.554,6.286,-1.557,-5.915,0.833,2.792,1.293,3.845,6,1,0,0,1,1,0,0,1,0,0,0.22104034300101283,0.6100889663131546,1.4513654227124946,1.4504629532860136,TP1,TP2,False,0.0044986249747826276,0.924761214861095,0.0015258447163033362,0.06921431544781906,3,44
A538,0,0,0,3.593,3,56,1,1,-1,1,2,36,8,-3.169434,33,16,26,0,0,0.307718769,0,9,10,5,24,0.382,0.003,-0.128,-0.059,1.988,1.952,2.0,2.192,21337.418,20949.634,23535.044,-2.063,6.857,5.365,3.563,3.175250914,5.43277705,-2.257526136,-0.34,-0.93,-0.01,-0.14,0.0,-0.81,-0.44,-0.49,-2.324,4.37,3.029,2.052,1.999,1.605,3.819,3.646,-0.938,-6.352,-0.257,2.18,0.588,1.446,6,1,0,0,1,1,0,0,1,0,0,2.563689767113475,0.7624194528608261,2.0938123643351827,3.099418205676339,TP2,TP2,True,0.002579509521586015,0.9963982674565669,0.00021060774631715556,0.0008116152755298333,3,44
A565,0,0,0,2.37,2,35,1,1,-1,-1,3,30,5,-4.0813316,26,14,0,0,1,0.0,0,0,0,0,0,0.342,-0.661,0.477,-0.486,2.049,1.718,2.199,2.182,21993.163,18444.321,23420.833,0.427,3.685,5.294,4.918,1.376476646,4.230769398,-2.854292752,-0.64,-1.65,-0.09,-0.18,0.03,-0.39,-0.51,0.51,1.495,5.002,4.132,3.717,2.706,2.182,2.867,3.418,0.954,-1.872,1.53,3.123,1.13,1.009,3,1,0,0,0,0,0,0,0,0,1,1.1425251312542195,1.078388832829936,1.9030985693295062,2.6489453940827294,TP2,TP4,False,0.0015040856461804965,0.2806894842465006,0.0008121390700258117,0.7169942910372932,3,44
A581,0,0,0,1.916,2,53,1,-1,-1,-1,2,34,0,-4.5693983,46,27,10,0,0,0.150315527,0,1,3,0,4,-0.218,-0.112,0.162,0.238,1.909,1.929,2.039,2.252,20488.409,20707.619,24176.202,0.597,0.316,5.21,3.49,3.517262332,4.713586168,-1.196323837,-1.24,0.86,0.04,0.06,0.03,-0.69,-0.45,-0.94,1.263,5.507,2.528,2.101,3.831,1.653,4.058,1.215,0.435,-4.894,-0.196,2.518,0.446,2.915,6,1,0,0,1,1,0,0,1,0,0,1.4872195087327185,0.5170860306200384,1.0347263457884546,1.881246881272788,TP2,TP2,True,0.00015170601815949345,0.9579831490659718,0.000429580072255333,0.0414355648436133,3,44
A637,0,0,0,0.947,1,65,1,-1,-1,1,3,38,0,-3.2755877,151,70,46,0,1,0.661300329,1,9,22,10,41,0.223,0.678,0.093,0.564,1.983,2.311,2.079,2.371,21288.331,24812.389,25447.508,-1.204,0.235,6.109,3.41,5.980248183,3.871326955,2.108921228,-1.35,0.6,0.13,-0.03,-0.02,0.81,0.99,-0.88,-0.489,4.753,2.613,2.184,3.845,1.664,2.942,3.205,0.109,-5.648,0.165,1.722,0.745,3.878,6,1,0,0,1,1,0,0,1,0,0,2.902289670414825,1.1622606398911701,1.9201563187765054,2.217166924727853,TP2,TP2,True,0.00024314011932078376,0.9937444809019791,0.0009522062200802954,0.005060172758619807,3,44
A665,0,0,0,1.437,2,55,1,1,-1,-1,2,40,8,-4.2098955,60,37,10,0,0,0.244228168,0,6,6,0,12,0.351,0.55,-0.16,0.243,1.997,2.151,2.03,2.287,21439.745,23087.879,24551.66,4.138,8.511,6.32,3.55,4.146680517,5.744134728,-1.597454211,-1.24,-0.41,0.06,-0.14,0.01,-0.53,-0.18,-0.24,-0.739,4.58,3.317,1.983,1.381,1.623,1.672,3.301,-2.341,-4.952,-0.841,2.783,1.123,2.532,6,1,0,0,1,1,0,0,1,0,0,3.392036606825754,2.0239719671091185,1.7702935056637568,3.1115131922567714,TP3,TP2,False,0.00012284945909605397,0.9998402274063002,2.270849276457161e-05,1.4214641839292548e-05,3,44
A734,0,0,0,1.537,2,46,1,1,-1,-1,2,33,8,-4.279512,75,29,9,1,0,0.083559309,0,3,3,4,10,0.273,0.297,-0.009,-0.081,1.969,1.997,2.0,2.201,21139.333,21438.502,23631.468,2.394,5.263,6.608,2.081,3.564338518,5.829256695,-2.264918178,-0.37,-1.25,-0.04,-0.15,0.0,-0.31,-0.59,-1.37,-2.625,4.857,2.015,1.069,0.42,0.764,3.133,0.632,-0.653,-3.454,-0.219,1.117,-0.555,2.944,6,1,0,0,1,1,0,0,1,0,0,0.006046665927964989,2.175586759543182,1.7623569176898064,2.7492758527383048,TP1,TP2,False,0.003308430824727159,0.9956506444468132,0.0004490849460730414,0.000591839782386708,3,44
A767,0,0,0,1.636,2,57,1,1,-1,-1,3,21,3,-4.639152,266,139,58,0,1,0.537662304,1,12,30,18,60,0.059,-0.198,0.26,-0.389,1.966,1.963,2.089,2.217,21104.636,21071.81,23793.893,1.046,2.281,6.199,3.266,3.735847915,3.321125508,0.414722407,-0.47,0.2,0.07,0.03,-0.06,0.56,-0.02,-0.97,-2.063,3.849,2.502,1.8,2.204,0.924,2.657,3.497,0.512,-7.213,-0.455,1.107,0.218,2.8,6,1,0,0,1,1,0,0,1,0,0,1.4365529030936135,0.9855687854262636,1.232307066375495,0.46930160836743773,TP4,TP2,False,0.00020101246138862623,0.9831150902001313,0.011485428060828416,0.0051984692776516845,3,44
T185,1,1,0,0.0,0,35,1,1,1,-1,3,33,3,-3.312091596,162,71,34,0,1,0.310181997,0,13,13,8,34,-0.603,0.157,-0.529,-0.385,1.333,1.579,1.432,1.675,19047.742,22556.459,23927.819,0.721,0.755,11.27,2.058,3.415859864,4.831610042,-1.415750178,-0.65,0.24,0.03,0.01,0.0,-1.1,-0.81,-1.69,-0.767,3.891,1.502,0.752,-1.019,0.241,0.781,-1.523,-2.387,-6.996,-1.044,0.789,-0.203,0.276,7,1,0,0,1,1,1,1,0,0,0,1.6203354061393012,2.214380973967622,-0.3824462969085971,0.7056649982068481,TP3,TP1,False,0.963620874138704,0.015066373004352651,0.014147163372204894,0.007165589484738499,3,44
T186,1,1,0,0.0,0,59,1,-1,1,1,2,31,0,-3.316680922,122,63,4,1,1,0.224818283,0,10,15,5,30,0.387,-0.114,0.446,-0.438,1.604,1.57,1.709,1.688,22922.301,22428.001,24110.094,-1.038,-0.049,9.939,4.459,3.179686802,4.301734332,-1.12204753,0.17,-1.74,-0.12,-0.14,-0.01,-0.11,0.35,-0.37,2.725,5.989,3.112,2.979,1.591,2.047,2.406,-1.364,-0.954,-5.528,0.854,3.225,1.953,1.422,7,1,0,0,1,1,1,1,0,0,0,0.5852864233741999,1.2274439045352885,1.4685355390011903,1.7957687907656763,TP1,TP1,True,0.9701348952005294,0.0005638920840106942,0.015218828047952028,0.014082384667507776,3,44
T187,0,1,0,1.271,1,59,1,-1,1,1,3,18,0,-3.717039868,159,69,29,0,0,0.399803081,0,11,30,12,53,0.429,-0.283,0.346,-0.471,1.584,1.539,1.682,1.664,22630.398,21980.86,23773.649,-2.962,1.482,11.512,4.771,3.107285154,4.113504298,-1.006219144,-0.11,-1.62,-0.06,-0.14,-0.04,0.17,0.26,-0.13,0.29,5.44,3.375,2.972,2.515,2.28,2.535,0.49,-2.092,-1.443,1.005,2.632,1.672,1.37,4,1,0,0,1,1,1,1,0,0,0,-1.0809268929205809,0.33002147268069426,1.011258565289143,1.2926852629521106,TP1,TP1,True,0.9884059869162997,0.0013712128061769597,0.0084965802707081,0.0017262200068152813,3,44
T188,1,1,0,0.0,0,76,1,1,1,-1,2,60,4,-3.804741411,272,127,47,1,0,0.456585263,0,11,32,17,60,-0.572,-0.121,-0.519,-0.497,1.358,1.589,1.454,1.674,19406.281,22698.272,23909.996,-2.165,0.184,8.893,2.431,3.627961172,4.008441251,-0.380480079,-0.61,-1.12,-0.03,-0.13,-0.01,-1.05,-0.52,-1.85,-2.754,4.046,1.256,0.981,0.37,0.592,0.934,0.664,-1.553,-6.049,-0.559,1.148,0.289,1.213,4,1,0,0,0,0,1,0,0,1,0,3.7361779037232026,1.681713985275813,1.6702517315616285,1.68364192754615,TP3,TP3,True,0.16365045581754759,0.018280254776420743,0.8139852632115226,0.0040840261945090505,3,44
T190,1,1,0,0.0,0,55,1,-1,1,-1,2,24,2,-3.103020701,553,226,160,0,1,0.254328117,0,8,15,7,30,0.425,-0.272,0.531,-0.517,1.638,1.558,1.757,1.674,23394.972,22256.71,23923.193,-0.209,1.305,10.191,5.215,3.1625986,4.797027108,-1.634428508,0.67,-2.76,-0.21,-0.17,-0.03,-0.14,0.25,1.04,2.264,6.559,4.619,3.332,3.256,3.061,3.556,1.365,-0.469,-2.0,1.645,4.115,2.795,1.226,4,1,0,0,0,0,1,0,0,1,0,-1.5206810822175827,-1.0769952494859074,0.5949369631304117,1.079492793916764,TP1,TP3,False,0.13802796323525493,0.001599215155553856,0.8525485756301832,0.007824245979008113,3,44
T193,0,0,0,2.062,2,48,1,1,1,-1,3,60,8,-3.696416533,118,41,20,0,1,0.210341122,0,12,22,18,52,-0.728,-0.472,-0.846,-0.472,1.154,1.471,1.114,1.668,16489.989,21012.215,23836.549,4.719,5.379,6.725,1.255,2.787236521,5.657549582,-2.870313061,-1.19,-0.14,0.03,-0.11,0.06,-3.18,-1.24,-2.18,-4.102,3.234,0.79,-0.584,0.0,-0.099,0.085,-1.063,-2.503,-7.403,-1.806,-0.296,-2.623,-1.681,7,0,1,1,0,1,1,1,0,0,0,2.0274294604328023,2.187279538657731,1.1070292462286149,1.5589859957675969,TP3,TP1,False,0.9459897879556577,0.036845384382969006,0.015171976285903966,0.001992851375469327,3,44
T196,1,1,0,0.0,0,58,1,1,1,1,3,43,8,-4.059252546,181,76,60,0,0,0.216415773,0,3,23,11,37,-0.788,0.302,-0.879,-0.302,1.046,1.64,1.048,1.708,14944.395,23435.887,24397.029,-1.659,7.454,9.53,-0.68,3.587597391,5.028907608,-1.441310217,-0.88,0.34,0.03,-0.03,0.07,-3.82,-2.31,-3.19,-3.942,1.989,-1.483,-2.627,-0.56,-1.133,0.858,0.656,-4.172,-7.366,-3.775,-2.282,-2.846,-0.746,7,0,1,1,0,1,1,1,0,0,0,1.187268534424675,1.019904769454604,1.1157056085621944,2.345124234454219,TP2,TP1,False,0.9227393518094242,0.06976703644876146,0.006882447969461121,0.0006111637723531327,3,44
T197,0,0,0,1.543,2,62,1,1,1,-1,3,21,8,-4.506213774,103,36,17,1,0,0.168124561,0,2,4,0,6,-0.618,-0.592,-0.693,-0.672,1.227,1.445,1.193,1.612,17528.606,20637.722,23023.688,2.255,5.755,10.175,0.122,2.010624551,3.720853853,-1.710229302,0.01,-0.91,-0.06,-0.1,0.03,-3.08,-1.45,-3.33,-3.407,2.745,-2.761,-2.068,-2.075,-1.291,0.601,-2.698,-2.79,-5.148,-3.365,-1.98,-2.299,-1.321,7,1,0,0,1,1,1,1,0,0,0,-1.475472871813548,3.156215477258027,1.4252393966194672,1.9009310913557933,TP1,TP1,True,0.9784077732348263,0.01709375113469085,0.0026312908028342952,0.0018671848276486263,3,44
T204,1,1,0,0.0,0,55,1,-1,1,-1,2,20,0,-3.924618631,559,228,130,0,0,0.511475517,0,5,17,2,24,-0.575,-0.025,-0.647,-0.282,1.293,1.568,1.387,1.682,18472.227,22401.564,24024.598,-2.2,4.629,10.484,1.847,2.963166789,4.910284202,-1.947117413,-0.84,-1.02,-0.04,-0.16,0.04,-2.27,-1.47,-2.24,-2.283,3.807,0.673,0.338,0.03,0.259,1.506,1.012,-3.613,-7.414,-1.234,0.951,-0.729,-0.038,7,1,0,0,1,1,1,1,0,0,0,-1.9735777517689308,0.25141348674604447,0.5552879531455398,1.8288151714153094,TP1,TP1,True,0.8819176411359556,0.016203063015760234,0.07444589653411766,0.027433399314166527,3,44
T205,0,0,0,2.303,2,53,1,1,1,-1,3,15,3,-3.628473125,58,26,19,0,1,0.403673599,0,13,21,17,51,-0.662,-0.614,-0.813,-0.553,1.277,1.418,1.27,1.652,18247.675,20264.924,23596.227,4.332,4.792,9.439,2.474,2.608048068,4.396220439,-1.788172371,-1.05,-0.32,-0.02,-0.09,0.06,-2.62,-1.31,-1.71,0.202,4.587,1.449,1.1,-0.56,0.703,0.284,-0.015,-2.465,-4.813,-1.328,1.983,-0.163,-0.323,7,0,1,1,0,1,1,1,0,0,0,1.3683639704784658,2.460990869647942,0.30283148919739034,0.45134808839570195,TP3,TP1,False,0.960318857519834,0.0030421800588988903,0.018319424873739835,0.018319537547527274,3,44
T206,0,1,0,1.331,1,55,1,1,1,-1,3,36,8,-4.640040532,125,50,9,0,1,0.276452734,0,4,23,15,42,-0.556,-0.388,-0.594,-0.566,1.332,1.501,1.34,1.63,19027.834,21447.797,23283.873,4.136,5.235,9.221,2.154,4.174804083,5.018694901,-0.843890818,-0.54,0.06,-0.06,0.09,0.0,-1.74,-0.37,-1.91,-2.553,5.178,1.168,0.69,1.001,1.017,3.066,4.663,-1.07,-5.223,-2.724,1.193,-0.807,2.359,4,1,0,0,0,0,1,0,0,1,0,1.76369635543981,3.2258781859571672,1.3545829175729196,0.6073518639226019,TP4,TP3,False,0.17626967165465499,0.03924841702243992,0.7839311883309236,0.0005507229919815923,3,44
T207,1,1,0,0.0,0,61,1,-1,1,1,3,97,0,-3.82360593,204,92,15,0,0,0.432253389,1,16,26,14,56,-0.251,0.457,-0.287,0.219,1.336,1.544,1.374,1.636,19081.872,22054.448,23379.901,-1.269,1.25,10.747,2.077,3.712787663,4.179430223,-0.466642561,-0.69,0.32,0.0,0.05,0.0,-1.72,-0.72,-1.81,-1.365,6.021,1.122,0.141,-2.686,-0.095,0.174,2.772,-2.379,-6.96,-1.658,1.897,0.228,3.049,7,1,0,0,1,1,1,1,0,0,0,1.4782435780449106,0.41898455218896324,0.9325746885748403,1.1644196054887122,TP2,TP1,False,0.9389004557030818,0.043456367186989794,0.016827832086525288,0.0008153450234032287,3,44
T209,1,1,0,0.0,0,55,1,1,1,-1,3,60,5,-5.043132153,130,45,19,0,0,0.273259908,0,5,15,15,35,-0.76,-0.6,-0.887,-0.693,1.099,1.406,1.073,1.592,15705.013,20084.148,22747.69,1.89,1.915,10.439,1.061,2.575944427,4.372911687,-1.79696726,-0.41,-0.56,-0.02,-0.1,0.05,-3.54,-1.78,-2.2,-1.317,3.08,0.744,-0.269,-0.606,-0.115,0.699,-0.378,-3.93,-7.468,-1.616,-0.069,-2.423,0.282,7,1,0,0,1,1,1,1,0,0,0,-0.17344392085916893,0.8123499042947142,1.056739058768372,1.35705109014996,TP1,TP1,True,0.9367716661010607,0.033007344976889896,0.027000996316985753,0.003219992605063775,3,44
T210,1,1,0,0.0,0,48,1,1,1,-1,2,23,3,-4.298068302,83,39,32,1,0,0.065527027,0,1,5,0,6,-0.807,-0.458,-0.872,-0.517,0.954,1.449,0.912,1.621,13624.828,20705.247,23153.23,1.484,2.966,11.224,-0.648,3.411614752,4.3587682,-0.947153448,-1.32,0.85,0.03,0.06,0.05,-3.65,-2.04,-3.19,-3.982,2.626,-1.455,-1.739,-1.935,-0.597,0.752,0.954,-3.924,-6.889,-5.785,-2.009,-2.326,0.379,7,1,0,0,1,1,1,1,0,0,0,0.20461504602316394,2.7298028256419116,0.37061924827181925,1.1596778148296158,TP1,TP1,True,0.9450775527692238,0.030725986437575643,0.01693939879963946,0.007257061993561145,3,44
T213,1,1,0,0.0,0,50,1,-1,1,1,3,18,0,-2.79471863,87,47,7,1,1,0.296527441,1,6,20,13,39,-0.503,-0.396,-0.644,-0.501,1.384,1.541,1.394,1.672,19773.538,22018.09,23886.701,-1.261,0.264,9.827,1.591,3.246470374,3.103918841,0.142551533,0.04,-1.01,-0.01,-0.14,0.0,-2.15,-0.55,-2.17,-0.059,3.478,0.779,0.091,-1.009,0.235,0.888,0.037,-1.245,-4.459,-1.575,1.141,-0.151,1.723,7,1,0,0,1,1,1,1,0,0,0,-1.7231802203976119,2.549467911941088,0.8857539360006705,0.8093087886983773,TP1,TP1,True,0.9181550188166345,0.0012360205325732583,0.007259406096414255,0.07334955455437803,3,44
T215,1,1,0,0.0,0,33,1,-1,1,-1,3,29,0,-3.501901475,196,86,87,0,0,0.581378073,0,22,37,23,82,0.009,0.161,-0.11,-0.462,1.517,1.641,1.577,1.691,21675.333,23451.147,24159.382,0.424,1.154,8.789,3.132,4.180658851,3.634218203,0.546440648,-0.62,-0.9,0.0,-0.08,-0.04,-0.16,0.55,-0.93,0.068,4.619,2.441,2.071,0.271,1.45,1.748,-1.402,-1.679,-2.223,0.424,2.102,1.492,1.648,7,1,0,0,1,1,1,1,0,0,0,-1.3330673085512978,1.076226049339525,-0.7123354804673196,-0.16351079743902752,TP1,TP1,True,0.9718339137567756,0.015335682689260655,0.011775762833728722,0.0010546407202349888,3,44
T217,0,1,0,1.004,1,61,1,1,1,-1,2,25,7,-3.651364875,177,74,67,1,0,0.292553961,0,9,17,6,32,0.277,-0.249,-0.098,-0.576,1.558,1.545,1.568,1.643,22261.026,22077.442,23472.801,3.884,6.85,9.492,3.377,3.483856926,4.852187651,-1.368330725,0.09,-1.97,-0.14,-0.12,-0.03,-0.91,-0.17,-1.29,1.893,5.626,2.007,1.88,1.232,1.417,3.399,1.643,-1.941,-3.86,0.218,2.812,1.383,2.589,7,1,0,0,1,1,1,1,0,0,0,0.17729239513991502,2.075953336036739,1.3272606597334338,1.45552005424436,TP1,TP1,True,0.9065936348614103,0.028739200852163218,0.06458337692948257,8.378735694402957e-05,3,44
T218,0,0,0,3.072,2,40,1,1,1,1,3,34,8,-3.607653008,67,33,11,1,1,0.252727084,0,9,13,6,28,-0.613,-0.409,-0.698,-0.492,1.312,1.51,1.328,1.665,18738.522,21566.504,23793.166,3.272,6.405,5.784,1.321,3.205838073,4.825693524,-1.619855451,-0.89,-0.25,-0.02,-0.03,0.01,-1.44,-1.06,-2.18,-2.634,4.083,0.702,0.332,-0.919,0.15,1.591,1.377,-2.838,-5.677,-0.463,0.54,-0.604,0.146,7,1,0,0,1,1,1,1,0,0,0,1.3752144736291099,4.24688572645564,2.3578720694493587,2.8080347020364558,TP1,TP1,True,0.959642442257325,0.030756596601999187,0.003648361379957896,0.005952599760717935,3,44
T177,0,1,0,1.014,1,49,1,1,-1,-1,3,35,8,-3.842312436,146,89,26,0,0,0.319808818,0,9,30,19,58,-0.588,-0.291,-0.724,-0.555,1.255,1.551,1.235,1.645,17931.089,22165.373,23502.919,4.198,6.027,6.08,0.975,3.34557227,3.944710554,-0.599138283,-0.61,-0.24,-0.02,-0.01,0.02,-2.17,-0.78,-2.45,-5.092,3.339,0.035,-1.346,-0.443,-0.361,1.77,0.707,-2.512,-5.931,-3.464,-0.551,-1.288,0.268,7,1,0,0,1,1,0,0,1,0,0,0.10475296066176765,2.1985203514085265,1.0648763067792864,1.2002054002940064,TP1,TP2,False,0.021232575782677687,0.9743833133691613,0.0039039727951941075,0.0004801380529670189,4,45
T179,1,1,0,0.0,0,57,1,1,-1,1,3,12,6,-3.491669617,67,23,15,0,1,0.52915936,0,5,19,11,35,0.622,0.48,0.636,0.222,1.67,1.691,1.766,1.746,23865.905,24164.468,24943.247,-3.106,2.85,5.02,5.209,4.831343569,3.820626177,1.010717392,-0.57,-1.65,-0.06,-0.16,-0.04,0.86,0.82,0.12,1.779,6.099,3.633,3.574,1.987,2.64,2.984,-1.379,-0.533,-2.572,1.284,3.475,2.633,1.889,6,1,0,0,1,1,0,0,1,0,0,2.907262796087286,-0.3667939955263755,2.187056009118762,2.723267785443339,TP2,TP2,True,0.032488473013476876,0.8597643392301858,0.006125071216097803,0.10162211654023938,4,45
T182,0,1,0,1.102,1,39,1,1,-1,-1,3,29,8,-3.451055872,49,20,56,0,0,0.195487734,0,7,10,7,24,-0.63,0.133,-0.652,-0.431,1.324,1.61,1.403,1.703,18915.927,23007.751,24335.642,1.658,6.325,6.024,1.64,3.220976545,3.721792269,-0.500815723,-0.66,-0.25,0.01,-0.08,0.04,-2.15,-1.15,-2.17,-2.064,3.372,0.773,0.01,-1.038,-0.423,0.247,-0.723,-3.789,-7.113,-1.512,0.109,-0.482,-1.056,6,1,0,0,1,1,0,0,1,0,0,0.7501963096504121,1.8297873757452259,1.0299108852222785,2.5255444864585246,TP1,TP2,False,0.01228327711067576,0.9847006436069372,9.435668527701825e-05,0.0029217225971099434,4,45
T183,0,0,0,3.093,2,58,1,1,-1,1,3,59,8,-3.944314469,361,155,62,0,0,0.311916754,1,8,24,11,43,-0.686,0.065,-0.798,-0.486,1.144,1.62,1.066,1.689,16346.261,23149.843,24133.836,-1.417,7.011,6.592,-0.283,3.029618327,4.382125851,-1.352507523,-0.76,-0.53,0.02,-0.13,0.05,-3.55,-2.07,-3.21,-5.882,1.792,-1.697,-2.773,-1.488,-1.447,-0.037,-1.146,-3.648,-7.564,-5.692,-1.957,-3.832,-1.889,6,1,0,0,1,1,0,0,1,0,0,0.056573577533603814,2.323185049762205,2.5480029418165593,3.6106661840991032,TP1,TP2,False,0.05450520113871494,0.9435319246944985,0.0005747938815394214,0.0013880802852470817,4,45
T184,0,0,0,1.41,2,53,1,-1,-1,1,3,43,0,-3.837849823,275,111,59,1,0,0.509950682,0,14,27,25,66,-0.579,0.446,-0.637,0.098,1.152,1.627,1.215,1.666,16457.168,23248.185,23801.602,-3.304,-0.406,6.643,0.55,4.597681093,3.731863168,0.865817925,-0.8,-0.44,0.06,-0.15,0.02,-3.53,-2.17,-2.4,-2.307,4.466,-0.389,-2.515,-2.602,-1.952,-1.697,-0.588,-3.644,-7.557,-2.287,1.571,-2.22,0.068,4,1,0,0,0,0,0,0,0,0,1,-1.0616024512689402,-0.0042392381632070375,0.5942588573616456,1.5964760157187423,TP1,TP4,False,0.06145879366536031,0.04465100558252133,0.0016964558591691175,0.8921937448929492,4,45
T189,0,0,1,3.395,3,39,1,1,-1,1,3,52,8,-3.853311033,840,342,137,0,0,0.333798182,0,11,13,8,32,0.036,-0.555,0.228,-0.655,1.522,1.434,1.626,1.603,21741.694,20487.338,22906.097,0.138,0.588,4.384,3.2,2.873665562,4.541716136,-1.668050574,0.24,-0.51,-0.11,0.12,-0.06,0.27,0.65,-1.44,-2.124,5.444,1.82,1.456,3.174,1.581,2.639,1.025,-1.563,-3.97,-0.343,2.218,0.813,2.215,6,1,0,0,1,1,0,0,1,0,0,-0.574808620456392,0.7553409931621977,2.5906366532350673,3.2966207874745495,TP1,TP2,False,0.003074014115615135,0.9484558986306323,0.025269903938713183,0.02320018331503942,4,45
T191,0,0,1,3.536,3,60,0,1,-1,1,2,58,8,-3.834474131,232,103,53,0,0,0.357497927,0,8,27,25,60,0.407,-0.457,0.652,-0.557,1.639,1.506,1.825,1.652,23413.105,21510.549,23607.102,3.383,5.232,5.69,5.582,2.892490145,4.846769618,-1.954279473,0.55,-3.33,-0.26,-0.13,-0.1,0.88,2.08,0.66,0.931,6.76,4.223,3.835,4.867,3.277,3.897,4.742,-0.374,-1.138,1.529,3.639,2.826,0.467,7,0,1,1,0,1,1,1,0,0,0,2.8557092750680257,0.3011949051977476,4.046853628772439,3.239269845772747,TP2,TP1,False,0.8111593657594194,0.13165072440057504,0.05621915096897369,0.0009707588710319841,4,45
T192,0,0,0,1.5,2,32,1,1,-1,1,3,27,8,-3.445286445,113,50,14,0,0,0.252283258,0,10,11,10,31,-0.642,0.194,-0.764,-0.403,1.301,1.598,1.291,1.682,18583.736,22832.593,24028.632,3.552,5.56,5.223,1.274,3.411623701,4.544771343,-1.133147642,-0.77,0.09,0.0,-0.02,0.05,-2.45,-1.49,-2.44,-1.741,3.457,0.277,0.123,-1.075,-0.103,-0.649,1.624,-4.221,-5.828,-0.645,0.487,-1.219,-0.051,6,0,1,1,0,1,0,0,1,0,0,0.7796065443519646,3.2654194765415703,1.6930524949348404,3.225291471195816,TP1,TP2,False,0.07284283819101983,0.9158558910214883,9.209967179227392e-05,0.011209171115699487,4,45
T194,0,0,0,3.061,2,43,1,1,-1,1,3,50,8,-3.931041192,82,33,28,0,1,0.350404122,0,8,15,4,27,-0.193,0.075,-0.55,-0.3,1.391,1.587,1.305,1.683,19870.835,22676.92,24048.918,3.708,5.989,6.478,0.321,3.853877012,5.083187852,-1.22931084,-1.26,-1.09,0.01,-0.15,-0.02,-1.17,1.13,-3.03,-5.391,2.981,-1.028,-1.312,-2.736,-0.841,-0.725,-0.087,-3.823,-6.59,-2.104,-1.595,-2.591,-1.575,7,1,0,0,1,1,1,1,0,0,0,1.4096663586191582,3.78862723695513,2.3715579205031556,3.3229880659425155,TP1,TP1,True,0.8447981926660724,0.15468210024472095,0.00010904714244680799,0.0004106599467598218,4,45
T195,0,1,0,1.341,1,74,1,-1,-1,-1,3,40,0,-3.711672496,379,183,60,1,1,0.44612918,0,8,24,14,46,-0.416,0.627,-0.385,0.415,1.342,1.699,1.431,1.718,19178.35,24278.264,24550.719,-3.826,-0.787,5.562,2.152,4.726718604,4.114715864,0.61200274,-1.19,-0.43,0.03,-0.11,0.02,-1.48,-1.3,-2.04,-0.756,5.07,0.643,0.512,1.084,1.141,-1.19,0.153,-3.927,-0.872,0.344,1.927,-0.388,1.777,4,1,0,0,0,0,0,0,0,0,1,3.015999262486455,1.2140980192158688,1.283910301704902,1.8721723304334403,TP2,TP4,False,0.0011108688422553936,0.10709804068266704,0.015175119352446996,0.8766159711226306,4,45
T198,1,1,0,0.0,0,63,1,-1,-1,1,3,8,0,-3.412114954,174,80,76,0,1,0.690270867,0,8,20,8,36,0.409,0.185,0.343,-0.374,1.604,1.619,1.714,1.704,22917.31,23127.291,24341.382,-4.266,0.127,4.583,4.244,3.714560439,4.01301383,-0.298453391,-0.08,-1.42,-0.05,-0.14,-0.03,0.51,1.16,-0.78,1.083,5.587,2.61,2.925,3.486,2.441,2.717,-0.051,0.073,-2.753,0.38,2.684,1.783,1.261,4,1,0,0,0,0,0,0,0,0,1,2.0910128001280315,0.768403415427835,2.3911358268776404,2.3734345300404467,TP2,TP4,False,0.022774207677857938,0.1121837809123205,0.00718661261245556,0.857855398797366,4,45
T200,0,0,0,3.08,2,73,1,1,-1,1,3,18,4,-3.378179938,109,48,12,0,1,0.414165569,0,12,16,6,34,-0.521,-0.513,-0.615,-0.653,1.391,1.578,1.443,1.672,19873.472,22543.163,23885.957,-4.192,-0.692,3.382,2.085,2.446839077,3.315522604,-0.868683527,0.7,-1.87,-0.05,-0.2,-0.03,-2.51,-0.69,-2.71,-1.082,2.302,-0.19,0.286,0.154,0.283,0.143,-3.54,0.862,-6.976,-4.203,-0.86,-0.907,1.111,3,1,0,0,0,0,0,0,0,0,1,5.086959341695396,3.1868962115162587,2.841799728007507,2.6468657990777773,TP4,TP4,True,0.005649278000089929,0.10124387773210096,0.0018975614142620785,0.8912092828535471,4,45
T201,1,1,0,0.0,0,55,1,-1,-1,-1,3,10,0,-4.262156726,219,84,43,0,1,0.705949115,1,9,28,23,60,-0.657,-0.332,-0.679,-0.574,1.268,1.575,1.354,1.672,18122.095,22500.731,23892.775,-2.348,-1.599,4.608,2.481,3.422970924,2.890560758,0.532410166,-0.38,-0.14,-0.01,0.0,0.0,-2.28,-1.15,-1.69,-4.6,3.283,1.463,0.955,-2.815,0.821,0.875,-1.232,-2.072,-7.095,-2.292,0.47,-0.955,0.019,3,1,0,0,0,0,0,0,0,0,1,-1.1142421349311082,0.6525294226938844,0.7029870403542637,0.1508030234713087,TP1,TP4,False,0.002849457322772825,0.1462212263727554,0.007917497106756774,0.843011819197715,4,45
T203,0,0,0,3.151,2,48,0,1,-1,-1,3,35,8,-4.293275778,53,25,15,0,0,0.099216303,0,3,8,4,15,-0.711,-0.461,-0.887,-0.532,1.039,1.531,0.973,1.662,14847.423,21872.203,23748.589,2.915,7.069,5.841,-0.727,2.58363052,5.02211762,-2.4384871,-1.03,-0.75,0.02,-0.19,0.06,-4.11,-2.14,-3.42,-7.498,0.37,-3.051,-2.468,-4.809,-2.042,-1.627,0.003,-6.429,-7.947,-6.221,-2.895,-3.847,-3.098,6,1,0,0,1,1,0,0,1,0,0,1.388646336102854,3.7016847320885136,1.9828988106598342,2.994381851594735,TP1,TP2,False,0.10158802977932119,0.8908074351021453,1.5236149155526508e-05,0.007589298969377827,4,45
T208,1,1,0,0.0,0,53,1,1,-1,-1,3,45,4,-4.506024837,158,69,40,0,1,0.527670676,1,18,27,25,70,0.077,0.415,-0.181,0.131,1.503,1.664,1.533,1.742,21474.115,23769.645,24884.84,-2.607,1.929,5.998,3.142,4.898400311,4.71739267,0.181007641,-1.47,0.02,0.09,-0.03,-0.06,0.47,0.51,-1.56,-0.791,5.082,1.609,2.127,1.802,1.622,2.273,-0.775,-0.482,-3.697,0.454,1.877,1.049,1.747,7,0,1,1,0,1,0,0,1,0,0,3.1854952125597644,0.12190876962495478,1.0773772448596999,1.005288174533145,TP2,TP2,True,0.011189502660708851,0.9806639297991843,0.006515272880627839,0.001631294659479175,4,45
T211,1,1,0,0.0,0,49,0,1,-1,-1,3,32,4,-3.263202088,87,37,15,0,1,0.166424472,0,5,15,9,29,0.418,-0.517,0.559,-0.635,1.725,1.456,1.861,1.602,24646.875,20807.214,22894.64,-0.068,2.818,5.355,6.836,3.512646818,4.900744087,-1.388097269,1.12,-2.41,-0.2,-0.09,-0.07,1.3,2.19,1.21,3.182,7.282,4.786,5.544,4.213,4.179,3.766,1.974,0.49,-0.681,3.395,4.703,4.068,3.763,6,1,0,0,1,1,0,0,1,0,0,3.9727386542006426,1.8212946303257525,2.952061296706974,1.8309561424020706,TP2,TP2,True,0.041972826582414025,0.8197897939780546,0.04045428265426632,0.09778309678526499,4,45
T212,0,0,0,1.482,2,74,1,-1,-1,-1,3,26,0,-4.04021842,140,65,28,1,0,0.221599854,0,9,20,6,35,-0.731,0.017,-0.855,-0.327,1.174,1.54,1.062,1.666,16776.111,21996.516,23801.182,0.158,1.274,7.88,1.188,4.208137362,4.943526725,-0.735389363,-1.43,0.18,0.04,-0.01,0.0,-2.38,-0.65,-2.27,-4.091,3.86,0.658,-0.333,-1.628,-0.225,1.389,0.256,-0.56,-7.358,-1.248,-0.129,-1.109,1.131,6,1,0,0,1,1,0,0,1,0,0,0.9923822065526327,1.53528389942083,1.0401275387104298,0.8223898426443608,TP4,TP2,False,0.04987817030067989,0.802317516173239,0.028440233350722155,0.1193640801753591,4,45
T214,0,0,0,1.611,2,72,1,-1,-1,-1,3,50,0,-3.955823426,159,70,23,0,1,0.410079347,0,10,31,14,55,-0.719,-0.225,-0.812,-0.453,1.11,1.562,1.103,1.678,15853.496,22312.77,23972.056,-0.836,1.118,5.337,0.089,2.949051287,2.954778891,-0.005727604,-1.36,0.23,0.07,-0.07,0.04,-2.83,-1.54,-2.7,-3.842,1.915,-0.137,-1.365,0.328,0.008,-0.459,-2.917,-4.875,-7.222,-2.84,-1.292,-0.83,-0.428,6,1,0,0,1,1,0,0,1,0,0,2.4660659335920965,0.8852089766151703,1.1117902685030323,1.132024826817349,TP2,TP2,True,0.015791589994683736,0.8319701505534759,0.004759871516085866,0.14747838793575455,4,45
T216,0,0,1,3.706,3,50,1,1,-1,1,3,108,8,-3.66600874,340,134,111,0,1,0.376794378,0,5,3,5,13,0.359,-0.68,-0.153,-0.682,1.57,1.395,1.572,1.609,22424.983,19930.444,22993.451,6.222,4.476,4.641,3.338,2.017332247,4.401735057,-2.38440281,0.16,-1.43,-0.11,-0.08,-0.02,-1.02,-0.24,-1.16,1.195,5.188,2.178,1.267,-0.064,1.312,0.808,1.392,-1.973,-5.25,-0.19,2.636,1.257,1.323,6,1,0,0,1,1,0,0,1,0,0,2.225178911024851,2.5545914701515544,3.327761338020247,3.7939648365142076,TP1,TP2,False,0.04512596212753852,0.9321743092240296,0.006250554542305506,0.01644917410612655,4,45
A002,0,0,0,4.381,3,57,1,1,-1,1,3,70,8,-3.967478,262,134,60,0,0,0.261300406,1,3,9,4,16,0.588,0.624,0.637,0.314,2.055,2.194,2.221,2.284,22059.99,23555.511,24517.194,1.619,6.752,6.59,4.086,4.042607109,4.265593169,-0.22298606,0.06,-1.16,0.03,-0.19,-0.02,0.05,-0.41,-0.41,-0.484,4.019,3.131,2.863,1.85,1.91,2.937,3.127,0.469,-1.213,0.896,2.65,1.594,4.069,6,1,0,0,1,1,0,0,1,0,0,1.892404152422999,1.1790747025817225,3.094019905513714,3.9517512493056186,TP2,TP2,True,1.9034306838794178e-05,0.9999463597475374,2.4531297062595455e-05,1.0074648561142919e-05,4,45
A004,0,0,0,2.865,2,45,1,1,-1,1,2,44,8,-7.0739864,33,19,0,1,0,0.146476691,0,5,6,0,11,-0.077,-0.732,0.129,-0.603,1.894,1.572,2.048,2.109,20331.419,16870.777,22634.52,1.807,3.317,5.124,3.74,0.829679163,4.501917816,-3.672238653,0.17,1.96,-0.05,0.33,0.04,-1.61,-0.53,-0.3,-0.785,4.554,3.266,2.446,2.62,1.88,3.462,3.631,0.635,-5.597,-1.253,2.288,0.606,1.288,6,1,0,0,1,1,0,0,1,0,0,2.279579392620829,2.3741815730598077,3.1118678246943574,2.855068134836286,TP1,TP2,False,0.0005272917532570056,0.9463606023992065,0.0015811222823785942,0.05153098356515794,4,45
A005,1,0,0,0.0,0,27,1,1,-1,1,3,51,4,-3.5832833,269,138,68,0,1,0.507686998,1,21,35,30,86,0.672,0.582,0.664,0.499,2.233,2.252,2.367,2.346,23970.414,24177.888,25181.154,-2.354,-0.308,5.327,5.618,5.043276825,4.346703404,0.696573421,-0.59,-1.26,0.08,-0.19,-0.1,1.87,2.0,0.66,2.234,5.09,4.284,4.522,1.37,3.308,3.098,0.665,-0.468,-1.237,2.998,3.48,2.867,4.362,6,1,0,0,1,1,0,0,1,0,0,2.932068639968481,0.7806123287634512,1.598386965998062,2.2757434474464224,TP2,TP2,True,0.004558141264881507,0.9926745846836261,0.001277108660742237,0.0014901653907500871,4,45
A007,0,0,0,2.722,2,40,1,1,-1,1,2,21,7,-6.827391,49,29,12,1,0,0.123499002,0,4,6,2,12,-0.034,-0.656,0.229,-0.339,1.923,1.755,2.08,2.186,20639.638,18835.798,23461.553,4.063,3.608,5.134,4.029,1.474393935,3.850658318,-2.376264384,0.57,-0.05,-0.04,-0.03,0.08,-1.33,-1.33,-0.38,-1.654,3.819,3.175,2.329,3.512,1.42,2.79,4.783,-0.048,-2.732,0.083,2.4,0.577,2.162,6,1,0,0,1,1,0,0,1,0,0,0.35558865867581835,2.553119993958744,3.3203325622978395,3.4331777074158887,TP1,TP2,False,0.0006538635768266298,0.9383514217877952,0.0008570707919268235,0.060137643843451376,4,45
A010,1,0,0,0.0,0,42,1,1,-1,-1,3,22,8,-4.2699236,136,64,38,1,1,0.291685107,0,8,14,8,30,0.225,0.171,0.481,-0.197,2.001,2.047,2.192,2.256,21483.666,21976.766,24218.342,4.223,5.166,5.367,3.912,3.913295771,4.082472133,-0.169176363,-0.45,-0.24,0.04,-0.06,0.0,0.55,-0.08,-0.59,-0.419,4.274,2.913,2.702,2.913,1.724,2.535,3.853,-1.428,-3.286,0.551,2.683,1.194,4.097,6,1,0,0,1,1,0,0,1,0,0,1.640679435387529,3.2294052734587373,1.6866972764109518,1.913153693542755,TP1,TP2,False,0.00010790124714702157,0.9967967709324833,0.0007874860724551046,0.0023078417479145577,4,45
A012,0,0,0,1.185,1,48,1,1,-1,-1,3,56,8,-3.594931,132,69,19,0,0,0.352518589,0,13,29,12,54,0.638,0.562,0.712,0.444,2.207,2.222,2.414,2.34,23693.915,23851.88,25119.744,3.949,5.457,5.02,6.064,4.46376819,4.559770293,-0.096002103,-0.1,-2.02,0.03,-0.31,-0.02,1.65,1.16,1.18,2.174,4.939,4.838,4.828,3.694,3.472,2.594,0.941,-0.391,-1.044,2.836,4.216,3.131,4.411,6,1,0,0,1,1,0,0,1,0,0,3.104305839698715,1.2982921253599853,1.834191499870993,2.554034290038279,TP2,TP2,True,3.720967677918759e-05,0.9999185255756716,3.889304119212245e-05,5.371706357106277e-06,4,45
A014,0,0,0,3.677,3,63,0,1,-1,1,2,47,8,-5.0733694,25,21,22,0,0,0.162486057,0,5,8,1,14,-0.116,-0.503,-0.497,-0.62,1.914,1.836,2.021,2.174,20549.555,19703.476,23333.628,-0.835,7.804,5.688,3.354,1.898142253,4.995984077,-3.097841824,-0.34,-1.3,-0.01,-0.2,0.03,-1.19,-0.78,-0.81,-1.346,3.22,2.688,1.759,0.429,1.122,0.97,3.7,-3.504,-5.122,0.193,1.599,-0.038,0.907,6,1,0,0,1,1,0,0,1,0,0,3.628504783786411,3.6281656067280297,4.384771347635357,4.864839253537575,TP2,TP2,True,0.010010404405884707,0.965395020197029,0.00012200727297266909,0.024472568124113667,4,45
A017,0,0,0,1.625,2,57,1,1,-1,-1,3,26,8,-4.859264,116,65,47,0,1,0.338163615,0,9,15,5,29,-0.415,0.187,-0.392,-0.117,1.821,2.035,1.957,2.23,19545.062,21842.44,23940.294,3.885,7.253,5.896,2.105,3.664123247,4.430635574,-0.766512327,-0.59,0.35,0.08,-0.03,0.0,-0.29,-0.65,-1.84,-1.639,3.381,1.361,1.106,1.443,1.05,2.024,4.886,-0.092,-4.456,-0.546,0.819,0.076,2.591,6,1,0,0,1,1,0,0,1,0,0,2.9459072671410107,3.5351851991646503,1.78174452771612,1.7047591555418844,TP4,TP2,False,9.147248701905224e-05,0.998507501448306,0.000816519891142918,0.000584506173532005,4,45
A023,0,0,0,1.073,1,47,1,1,-1,-1,3,34,8,-3.4648956,92,58,27,0,0,0.431404706,0,14,28,21,63,0.126,0.259,0.372,0.021,1.988,2.064,2.136,2.268,21341.057,22157.625,24345.681,1.082,6.057,7.26,4.004,3.729377229,5.301504943,-1.572127714,-0.62,0.37,0.08,-0.03,0.01,0.13,-0.18,0.24,0.834,4.62,3.852,2.917,0.655,2.118,2.017,3.78,-0.268,-2.874,0.806,3.033,1.232,3.098,6,1,0,0,1,1,0,0,1,0,0,1.9302783225575653,1.6469816826886492,0.5538029060854655,1.177386547500463,TP3,TP2,False,0.0005200637723808516,0.9978933023391348,0.0009633239782079012,0.0006233099102764721,4,45
A042,0,0,0,0.946,1,50,0,-1,-1,-1,3,22,0,-4.407352,32,17,7,1,0,0.511694128,1,3,10,2,15,0.102,0.444,0.418,0.458,1.965,2.163,2.152,2.314,21088.277,23216.108,24841.633,-1.245,-0.583,3.392,4.05,4.559614381,4.477975082,0.081639299,-0.69,1.23,0.08,0.12,-0.01,-0.23,0.79,-1.02,-2.637,4.471,2.43,2.775,4.119,2.143,4.053,7.261,-2.101,-3.923,1.539,1.54,0.674,2.907,6,1,0,0,1,1,0,0,1,0,0,2.7057891990348457,0.7629253415117158,1.6800282121459174,1.558147595908277,TP2,TP2,True,5.568873929445225e-06,0.9979931213617698,5.915585236874488e-06,0.001995394179063917,4,45
A057,0,0,0,1.518,2,54,1,1,-1,1,2,32,8,-3.2928437,25,14,10,0,0,0.153638526,0,2,3,0,5,-0.312,-0.316,-0.623,0.201,1.858,1.959,1.942,2.251,19944.942,21025.657,24159.55,5.598,4.668,5.78,2.991,2.479851189,3.828840618,-1.348989429,-0.54,-0.89,-0.03,-0.19,0.09,-1.74,-1.63,-1.59,-0.26,3.726,1.733,1.848,1.77,0.548,3.563,1.728,-1.432,-4.827,-0.038,1.396,1.691,0.346,6,1,0,0,1,1,0,0,1,0,0,2.4472363355949383,2.1007550878193593,2.6282289141927553,4.147679254972623,TP2,TP2,True,0.0026667325537049814,0.992785316458804,0.00010786447298409309,0.004440086514507037,4,45
A067,0,0,0,2.926,2,39,1,1,-1,1,3,33,7,-3.7422008,76,41,39,0,0,0.2613614,0,2,14,0,16,-0.37,-0.248,-0.502,-0.329,1.849,1.938,1.916,2.198,19843.0,20804.509,23598.013,3.612,6.037,7.389,2.778,2.870601405,6.16264448,-3.292043075,-0.74,-0.66,0.05,-0.16,0.02,-1.25,-0.62,-0.55,-0.548,3.503,2.981,1.797,1.006,0.925,1.421,3.558,-1.62,-6.283,0.126,1.781,0.338,2.341,6,1,0,0,1,1,0,0,1,0,0,1.3418647607586365,3.531351744304156,2.1126551596601746,3.1982713821013835,TP1,TP2,False,0.014925896982788482,0.9782873897035375,0.00023076639422041608,0.006555946919453714,4,45
A102,0,0,0,3.772,3,49,1,1,-1,1,3,39,7,-3.557008,110,59,23,1,1,0.389188076,0,11,13,8,32,0.408,0.515,0.494,0.465,2.032,2.16,2.171,2.314,21816.038,23185.861,24836.315,1.47,3.127,5.61,3.706,3.820032491,4.353574721,-0.53354223,-0.91,-0.6,0.05,-0.2,0.05,0.04,-0.22,-0.51,1.621,4.778,3.023,2.941,4.273,1.976,2.364,5.029,-2.124,-2.306,1.201,2.962,1.178,3.156,6,1,0,0,1,1,0,0,1,0,0,3.380838416418194,1.8311267893415462,1.9984013706424073,3.0770163677163995,TP2,TP2,True,0.001447207578477472,0.9748416374618153,0.0006748432294995337,0.023036311730207683,4,45
A149,0,0,0,3.128,2,50,1,1,-1,1,2,44,8,-3.658615,87,41,8,1,0,0.301982012,0,3,6,0,9,-0.36,-0.68,-0.343,-0.437,1.857,1.676,1.991,2.158,19934.927,17995.343,23163.217,3.459,6.832,6.902,2.941,1.21228227,4.427390079,-3.215107809,-0.32,0.82,-0.02,0.11,0.05,-1.31,-0.88,-0.79,-0.324,4.17,2.711,1.814,1.802,1.177,2.951,5.097,-1.109,-4.129,-0.338,2.071,0.737,1.16,6,1,0,0,1,1,0,0,1,0,0,1.162411907406993,3.32197627209902,2.550000623557813,3.1686307469469943,TP1,TP2,False,0.00978016831135895,0.9546091482758221,0.0015897406318232715,0.03402094278099572,4,45
A248,0,0,0,1.141,1,48,1,1,-1,-1,3,36,5,-3.77829,105,54,18,0,1,0.396386059,0,6,19,7,32,0.504,0.662,0.616,0.589,2.126,2.305,2.283,2.394,22823.283,24743.133,25694.975,-2.923,1.812,5.371,4.966,5.179385861,2.780366264,2.399019597,-0.81,-1.06,0.08,-0.24,-0.01,1.03,0.25,-0.37,1.313,4.466,3.175,3.344,3.149,2.487,2.58,-0.585,-0.541,-2.228,1.164,3.243,1.951,3.975,6,1,0,0,1,1,0,0,1,0,0,3.0631018654365167,0.30379155715093287,1.0914306386300892,2.305319349070855,TP2,TP2,True,1.885008701377932e-05,0.9964911604761938,0.00019351818784212903,0.0032964712489503794,4,45
A253,0,0,0,1.788,2,49,1,1,-1,1,2,25,7,-3.929318,19,12,10,0,0,0.373339895,0,9,6,2,17,0.614,-0.446,0.783,-0.357,2.234,1.895,2.397,2.213,23976.471,20346.268,23755.721,1.319,2.981,5.147,6.286,3.048211354,4.567470736,-1.519259382,0.92,-1.53,-0.09,-0.13,0.0,1.42,0.48,1.92,3.459,6.291,5.598,4.777,3.301,3.636,3.339,4.343,0.2,-3.541,2.343,5.024,2.988,3.72,6,1,0,0,1,1,0,0,1,0,0,1.3689022152787989,1.5790956907064746,2.7825227306257867,3.25599011739074,TP1,TP2,False,0.0009628952671130233,0.9904213045958689,0.0006880878341114226,0.00792771230290667,4,45
A280,0,0,0,3.366,3,46,1,1,-1,1,2,56,8,-3.8205074,113,60,24,0,0,0.140250641,0,4,4,1,9,-0.629,-0.069,-0.671,-0.221,1.794,1.997,1.889,2.241,19255.948,21433.542,24054.313,6.312,6.82,6.869,2.746,2.985221288,5.090291771,-2.105070484,-1.08,0.89,0.09,-0.02,0.08,-1.87,-1.37,-0.9,-0.756,3.746,2.577,1.439,1.206,0.636,2.038,4.778,-3.53,-5.222,-1.159,1.622,-0.403,1.815,6,1,0,0,1,1,0,0,1,0,0,2.319100463350103,4.083973758275633,2.239537255054769,3.873176124101218,TP3,TP2,False,0.0007513066023033829,0.9987156244108566,8.141933585987213e-05,0.00045164965098009187,4,45
A292,0,0,0,1.696,2,49,1,1,-1,-1,2,58,8,-3.6879086,29,17,18,0,0,0.250253873,0,1,6,0,7,-0.727,-0.769,-0.83,-0.687,1.565,1.472,1.593,2.103,16795.469,15804.31,22570.398,4.795,5.526,5.782,0.398,0.014029768,4.129527116,-4.115497348,-0.8,-0.02,0.0,-0.05,0.07,-2.87,-1.57,-2.53,-2.01,2.02,0.299,-0.419,-2.193,-0.777,-0.676,3.055,-3.328,-7.068,-3.955,-0.248,-3.042,-0.71,6,1,0,0,1,1,0,0,1,0,0,0.9593960111506789,2.7196856104514224,1.5729704768350987,2.582542299746849,TP1,TP2,False,0.02404368077120135,0.8997173005498574,0.00028219020918737736,0.07595682846975385,4,45
A304,0,0,0,1.859,2,48,1,1,-1,-1,3,48,3,-3.2654308,100,62,9,0,1,0.50035382,0,8,29,13,50,-0.151,0.468,-0.253,0.436,1.91,2.157,1.995,2.333,20500.733,23159.453,25040.717,-1.618,0.315,5.443,3.462,4.579334546,4.001047637,0.578286908,-1.72,0.81,0.12,0.02,-0.02,-0.13,-0.39,-0.61,0.183,4.588,2.854,1.988,3.791,1.052,3.488,2.618,1.142,-5.075,-0.397,1.351,-0.222,2.159,6,1,0,0,1,1,0,0,1,0,0,4.213997882363773,0.13638421845211646,-0.023085726520680527,0.7282122913520593,TP3,TP2,False,0.00014564061713359612,0.969342965809168,0.004666113083703833,0.025845280489994613,4,45
A332,0,0,0,3.233,2,46,0,1,-1,1,2,60,8,-4.262513,15,10,7,1,0,0.160713418,1,4,7,0,11,-0.49,-0.803,-0.508,-0.6,1.822,1.529,1.956,2.134,19559.944,16416.456,22910.788,1.307,4.439,6.743,3.396,0.658067247,4.829245437,-4.17117819,-0.2,0.17,0.01,0.02,0.01,-1.77,-0.77,0.04,-0.455,3.586,3.634,2.042,0.214,1.82,1.335,6.356,-1.348,-3.599,0.404,2.02,0.358,0.71,6,1,0,0,1,1,0,0,1,0,0,2.1247213297035006,3.4192346458983733,3.596424936511055,3.531564587969437,TP1,TP2,False,0.020371847921929243,0.808569928518403,0.00034146461306601753,0.17071675894660163,4,45
A354,0,0,0,3.298,3,48,1,1,-1,1,2,21,8,-3.767925,24,14,2,0,0,0.277264442,0,7,11,3,21,-0.709,-0.034,-0.797,-0.191,1.622,1.977,1.697,2.224,17411.053,21226.921,23874.241,4.09,5.86,6.236,1.419,3.324847782,5.420570177,-2.095722396,-0.86,0.73,0.07,0.01,0.05,-2.16,-1.4,-2.29,-4.635,2.87,0.645,0.184,-1.297,-0.326,1.731,4.694,-2.655,-7.279,-4.385,-0.117,-1.201,0.482,6,1,0,0,1,1,0,0,1,0,0,3.025526807415356,4.4621564439247905,2.0080158313705985,3.1481727903776955,TP3,TP2,False,0.004250286559082795,0.994264524383192,0.00015122792769030138,0.0013339611300348985,4,45
A359,1,0,0,0.0,0,54,1,1,-1,1,3,23,3,-3.7284383,144,78,33,0,1,0.673810745,0,11,18,9,38,0.559,0.485,0.516,0.337,2.133,2.181,2.207,2.31,22893.275,23410.199,24795.498,-1.448,2.749,5.177,3.627,5.014147539,4.091313888,0.922833651,-0.95,-0.19,0.1,-0.03,-0.1,1.09,0.34,-0.45,0.814,4.613,3.091,2.517,1.389,2.324,2.516,1.129,0.51,-4.244,-0.005,2.692,1.187,2.902,6,1,0,0,1,1,0,0,1,0,0,3.5884865639060806,1.3719931435837984,1.5740355707162847,2.2023500031503485,TP2,TP2,True,0.0006090259335435541,0.9837635444731277,0.0006239016780176633,0.015003527915311175,4,45
A398,0,0,0,3.467,3,50,0,1,-1,1,2,46,8,-4.3015813,20,15,2,1,0,0.13515221,0,2,6,0,8,-0.521,-0.782,-0.512,-0.492,1.809,1.553,1.957,2.135,19418.756,16673.453,22917.628,3.64,5.251,6.954,3.357,0.972370178,4.764021388,-3.791651209,-0.83,1.28,0.03,0.13,0.05,-1.22,-0.85,-0.5,0.002,3.785,3.034,2.1,0.867,1.262,1.177,5.13,-1.467,-6.674,-0.629,1.952,0.621,2.315,2,1,0,0,0,0,0,0,0,0,1,2.9845239626639937,4.132025937858398,3.1661147464742565,3.3234711324889266,TP1,TP4,False,0.0065117151023576835,0.44225349289362215,0.0004697635210784575,0.5507650284829417,4,45
A419,0,0,0,2.645,2,52,0,1,-1,1,2,30,8,-4.3875174,64,37,17,0,0,0.238990012,0,4,7,3,14,-0.117,-0.377,0.22,-0.572,1.951,1.97,2.108,2.208,20947.222,21147.059,23703.517,2.211,5.662,4.522,3.584,2.637564074,4.496545044,-1.85898097,0.18,0.5,0.03,0.03,0.04,-1.33,-1.09,-0.48,0.271,4.062,3.054,2.05,0.338,1.313,1.734,3.348,-2.175,-6.913,-0.022,2.789,0.445,2.166,6,1,0,0,1,1,0,0,1,0,0,2.3450173006799404,2.954855873530718,2.90275111262027,3.4797533711399087,TP1,TP2,False,0.0002365508958116262,0.9799263889212001,4.614175959102918e-05,0.019790918423397145,4,45
A463,0,0,0,1.217,1,48,1,1,-1,-1,3,21,8,-4.074614,52,27,26,0,1,0.323486358,0,6,7,4,17,0.472,0.218,0.432,0.303,2.067,2.036,2.174,2.269,22182.684,21851.099,24361.506,5.155,4.759,6.097,3.992,3.674381673,4.50797251,-0.833590837,-0.57,-0.58,0.02,-0.09,-0.01,0.37,-0.18,0.16,0.386,5.079,3.757,3.137,2.394,2.286,2.835,4.302,-0.572,-1.68,1.896,3.3,1.696,3.867,6,1,0,0,1,1,0,0,1,0,0,2.242799623343024,1.467053364186007,1.7369685913686301,2.2245664825413005,TP2,TP2,True,0.0001075450229958737,0.9987365254712878,0.0002936859338247999,0.0008622435718915047,4,45
A476,0,0,0,2.126,2,36,1,1,-1,1,2,33,8,-4.5464367,37,18,42,0,0,0.315726418,1,4,15,3,22,0.133,0.131,-0.247,-0.321,1.98,2.01,2.019,2.217,21258.253,21577.621,23803.036,3.126,6.445,6.475,3.624,3.350323489,5.491409062,-2.141085573,-0.62,-0.48,0.05,-0.14,0.02,-0.27,-0.74,-1.0,1.177,4.481,2.438,2.419,1.805,1.571,1.77,4.134,-2.218,-2.189,0.592,2.724,0.851,2.846,5,1,0,0,1,1,0,0,1,0,0,0.8282324340306448,4.120075968561664,2.794542553192194,3.841468999571457,TP1,TP2,False,0.004441298051310366,0.9951814039966259,5.5213960730831635e-05,0.0003220839913329474,4,45
A524,0,0,0,3.233,2,49,1,1,-1,1,2,51,8,-4.3377627,84,45,19,1,0,0.191741168,1,4,6,0,10,0.213,-0.405,0.192,-0.257,1.983,1.887,2.058,2.211,21288.127,20257.141,23729.78,-0.761,4.883,6.145,3.361,2.322623341,5.247790404,-2.925167063,0.1,-0.42,-0.12,0.06,0.01,-1.08,-0.54,-0.84,-2.077,4.682,2.639,2.168,1.623,1.515,4.074,3.97,0.042,-4.97,-0.721,2.374,0.245,2.626,6,1,0,0,1,1,0,0,1,0,0,1.0966370646105397,2.328711439561675,3.1819516537121215,3.6160322079223874,TP1,TP2,False,0.0021023220105479577,0.9956795365617916,0.000696054636259565,0.0015220867914008634,4,45
A530,0,0,0,2.025,2,45,1,1,-1,-1,3,28,7,-3.2068948,83,42,18,0,1,0.637201551,0,7,13,5,25,0.586,-0.719,0.564,-0.34,2.099,1.63,2.243,2.168,22532.717,17495.46,23277.079,1.651,6.144,5.983,4.053,0.59884803,3.542538614,-2.943690584,0.13,-1.43,-0.07,-0.14,0.0,0.03,-0.27,-0.09,0.888,4.305,3.495,2.632,1.54,1.871,2.554,6.286,-1.557,-5.915,0.833,2.792,1.293,3.845,6,1,0,0,1,1,0,0,1,0,0,0.2817923200745114,0.6954347358313566,1.5563809186448383,1.5329987924065236,TP1,TP2,False,0.0044986249747826276,0.924761214861095,0.0015258447163033362,0.06921431544781906,4,45
A538,0,0,0,3.593,3,56,1,1,-1,1,2,36,8,-3.169434,33,16,26,0,0,0.307718769,0,9,10,5,24,0.382,0.003,-0.128,-0.059,1.988,1.952,2.0,2.192,21337.418,20949.634,23535.044,-2.063,6.857,5.365,3.563,3.175250914,5.43277705,-2.257526136,-0.34,-0.93,-0.01,-0.14,0.0,-0.81,-0.44,-0.49,-2.324,4.37,3.029,2.052,1.999,1.605,3.819,3.646,-0.938,-6.352,-0.257,2.18,0.588,1.446,6,1,0,0,1,1,0,0,1,0,0,2.5568478107777346,0.8852771050897363,2.1862083189393817,3.1784744363419253,TP2,TP2,True,0.002579509521586015,0.9963982674565669,0.00021060774631715556,0.0008116152755298333,4,45
A565,0,0,0,2.37,2,35,1,1,-1,-1,3,30,5,-4.0813316,26,14,0,0,1,0.0,0,0,0,0,0,0.342,-0.661,0.477,-0.486,2.049,1.718,2.199,2.182,21993.163,18444.321,23420.833,0.427,3.685,5.294,4.918,1.376476646,4.230769398,-2.854292752,-0.64,-1.65,-0.09,-0.18,0.03,-0.39,-0.51,0.51,1.495,5.002,4.132,3.717,2.706,2.182,2.867,3.418,0.954,-1.872,1.53,3.123,1.13,1.009,3,1,0,0,0,0,0,0,0,0,1,1.1666924381291603,1.0399154032585574,1.9780968339213536,2.7015086992359185,TP2,TP4,False,0.0015040856461804965,0.2806894842465006,0.0008121390700258117,0.7169942910372932,4,45
A581,0,0,0,1.916,2,53,1,-1,-1,-1,2,34,0,-4.5693983,46,27,10,0,0,0.150315527,0,1,3,0,4,-0.218,-0.112,0.162,0.238,1.909,1.929,2.039,2.252,20488.409,20707.619,24176.202,0.597,0.316,5.21,3.49,3.517262332,4.713586168,-1.196323837,-1.24,0.86,0.04,0.06,0.03,-0.69,-0.45,-0.94,1.263,5.507,2.528,2.101,3.831,1.653,4.058,1.215,0.435,-4.894,-0.196,2.518,0.446,2.915,6,1,0,0,1,1,0,0,1,0,0,1.487909838752889,0.6206812835059964,1.149672728451991,2.0405939589135302,TP2,TP2,True,0.00015170601815949345,0.9579831490659718,0.000429580072255333,0.0414355648436133,4,45
A637,0,0,0,0.947,1,65,1,-1,-1,1,3,38,0,-3.2755877,151,70,46,0,1,0.661300329,1,9,22,10,41,0.223,0.678,0.093,0.564,1.983,2.311,2.079,2.371,21288.331,24812.389,25447.508,-1.204,0.235,6.109,3.41,5.980248183,3.871326955,2.108921228,-1.35,0.6,0.13,-0.03,-0.02,0.81,0.99,-0.88,-0.489,4.753,2.613,2.184,3.845,1.664,2.942,3.205,0.109,-5.648,0.165,1.722,0.745,3.878,6,1,0,0,1,1,0,0,1,0,0,2.9208199629353566,1.2255070320349115,1.986880815022774,2.30597929096633,TP2,TP2,True,0.00024314011932078376,0.9937444809019791,0.0009522062200802954,0.005060172758619807,4,45
A665,0,0,0,1.437,2,55,1,1,-1,-1,2,40,8,-4.2098955,60,37,10,0,0,0.244228168,0,6,6,0,12,0.351,0.55,-0.16,0.243,1.997,2.151,2.03,2.287,21439.745,23087.879,24551.66,4.138,8.511,6.32,3.55,4.146680517,5.744134728,-1.597454211,-1.24,-0.41,0.06,-0.14,0.01,-0.53,-0.18,-0.24,-0.739,4.58,3.317,1.983,1.381,1.623,1.672,3.301,-2.341,-4.952,-0.841,2.783,1.123,2.532,6,1,0,0,1,1,0,0,1,0,0,3.3820660112360104,2.0672972015923614,1.8269729209781318,3.162967567319264,TP3,TP2,False,0.00012284945909605397,0.9998402274063002,2.270849276457161e-05,1.4214641839292548e-05,4,45
A734,0,0,0,1.537,2,46,1,1,-1,-1,2,33,8,-4.279512,75,29,9,1,0,0.083559309,0,3,3,4,10,0.273,0.297,-0.009,-0.081,1.969,1.997,2.0,2.201,21139.333,21438.502,23631.468,2.394,5.263,6.608,2.081,3.564338518,5.829256695,-2.264918178,-0.37,-1.25,-0.04,-0.15,0.0,-0.31,-0.59,-1.37,-2.625,4.857,2.015,1.069,0.42,0.764,3.133,0.632,-0.653,-3.454,-0.219,1.117,-0.555,2.944,6,1,0,0,1,1,0,0,1,0,0,0.08390025138759949,2.253747728793427,1.841285397845049,2.812256837271163,TP1,TP2,False,0.003308430824727159,0.9956506444468132,0.0004490849460730414,0.000591839782386708,4,45
A767,0,0,0,1.636,2,57,1,1,-1,-1,3,21,3,-4.639152,266,139,58,0,1,0.537662304,1,12,30,18,60,0.059,-0.198,0.26,-0.389,1.966,1.963,2.089,2.217,21104.636,21071.81,23793.893,1.046,2.281,6.199,3.266,3.735847915,3.321125508,0.414722407,-0.47,0.2,0.07,0.03,-0.06,0.56,-0.02,-0.97,-2.063,3.849,2.502,1.8,2.204,0.924,2.657,3.497,0.512,-7.213,-0.455,1.107,0.218,2.8,6,1,0,0,1,1,0,0,1,0,0,1.4727867761989393,0.9723262705407916,1.2871854851874927,0.5389279803296319,TP4,TP2,False,0.00020101246138862623,0.9831150902001313,0.011485428060828416,0.0051984692776516845,4,45
T185,1,1,0,0.0,0,35,1,1,1,-1,3,33,3,-3.312091596,162,71,34,0,1,0.310181997,0,13,13,8,34,-0.603,0.157,-0.529,-0.385,1.333,1.579,1.432,1.675,19047.742,22556.459,23927.819,0.721,0.755,11.27,2.058,3.415859864,4.831610042,-1.415750178,-0.65,0.24,0.03,0.01,0.0,-1.1,-0.81,-1.69,-0.767,3.891,1.502,0.752,-1.019,0.241,0.781,-1.523,-2.387,-6.996,-1.044,0.789,-0.203,0.276,7,1,0,0,1,1,1,1,0,0,0,1.6858893177463352,2.189217984621994,-0.28188534042556634,0.7702377193595784,TP3,TP1,False,0.963620874138704,0.015066373004352651,0.014147163372204894,0.007165589484738499,4,45
T186,1,1,0,0.0,0,59,1,-1,1,1,2,31,0,-3.316680922,122,63,4,1,1,0.224818283,0,10,15,5,30,0.387,-0.114,0.446,-0.438,1.604,1.57,1.709,1.688,22922.301,22428.001,24110.094,-1.038,-0.049,9.939,4.459,3.179686802,4.301734332,-1.12204753,0.17,-1.74,-0.12,-0.14,-0.01,-0.11,0.35,-0.37,2.725,5.989,3.112,2.979,1.591,2.047,2.406,-1.364,-0.954,-5.528,0.854,3.225,1.953,1.422,7,1,0,0,1,1,1,1,0,0,0,0.6323763937862092,1.2656297537018095,1.4688670314858314,1.7883066360168967,TP1,TP1,True,0.9701348952005294,0.0005638920840106942,0.015218828047952028,0.014082384667507776,4,45
T187,0,1,0,1.271,1,59,1,-1,1,1,3,18,0,-3.717039868,159,69,29,0,0,0.399803081,0,11,30,12,53,0.429,-0.283,0.346,-0.471,1.584,1.539,1.682,1.664,22630.398,21980.86,23773.649,-2.962,1.482,11.512,4.771,3.107285154,4.113504298,-1.006219144,-0.11,-1.62,-0.06,-0.14,-0.04,0.17,0.26,-0.13,0.29,5.44,3.375,2.972,2.515,2.28,2.535,0.49,-2.092,-1.443,1.005,2.632,1.672,1.37,4,1,0,0,1,1,1,1,0,0,0,-1.1807871829221128,0.3274296194711226,1.0028290546798808,1.2580451938399193,TP1,TP1,True,0.9884059869162997,0.0013712128061769597,0.0084965802707081,0.0017262200068152813,4,45
T188,1,1,0,0.0,0,76,1,1,1,-1,2,60,4,-3.804741411,272,127,47,1,0,0.456585263,0,11,32,17,60,-0.572,-0.121,-0.519,-0.497,1.358,1.589,1.454,1.674,19406.281,22698.272,23909.996,-2.165,0.184,8.893,2.431,3.627961172,4.008441251,-0.380480079,-0.61,-1.12,-0.03,-0.13,-0.01,-1.05,-0.52,-1.85,-2.754,4.046,1.256,0.981,0.37,0.592,0.934,0.664,-1.553,-6.049,-0.559,1.148,0.289,1.213,4,1,0,0,0,0,1,0,0,1,0,3.6819665503379024,1.4887821147964737,1.6223376153794085,1.6269020557186207,TP2,TP3,False,0.16365045581754759,0.018280254776420743,0.8139852632115226,0.0040840261945090505,4,45
T190,1,1,0,0.0,0,55,1,-1,1,-1,2,24,2,-3.103020701,553,226,160,0,1,0.254328117,0,8,15,7,30,0.425,-0.272,0.531,-0.517,1.638,1.558,1.757,1.674,23394.972,22256.71,23923.193,-0.209,1.305,10.191,5.215,3.1625986,4.797027108,-1.634428508,0.67,-2.76,-0.21,-0.17,-0.03,-0.14,0.25,1.04,2.264,6.559,4.619,3.332,3.256,3.061,3.556,1.365,-0.469,-2.0,1.645,4.115,2.795,1.226,4,1,0,0,0,0,1,0,0,1,0,-1.5298680704635292,-1.1525808734906193,0.6467216014251861,1.046619396454433,TP1,TP3,False,0.13802796323525493,0.001599215155553856,0.8525485756301832,0.007824245979008113,4,45
T193,0,0,0,2.062,2,48,1,1,1,-1,3,60,8,-3.696416533,118,41,20,0,1,0.210341122,0,12,22,18,52,-0.728,-0.472,-0.846,-0.472,1.154,1.471,1.114,1.668,16489.989,21012.215,23836.549,4.719,5.379,6.725,1.255,2.787236521,5.657549582,-2.870313061,-1.19,-0.14,0.03,-0.11,0.06,-3.18,-1.24,-2.18,-4.102,3.234,0.79,-0.584,0.0,-0.099,0.085,-1.063,-2.503,-7.403,-1.806,-0.296,-2.623,-1.681,7,0,1,1,0,1,1,1,0,0,0,2.110877752621968,2.1415342504603183,1.141053633887247,1.5938646073595568,TP3,TP1,False,0.9459897879556577,0.036845384382969006,0.015171976285903966,0.001992851375469327,4,45
T196,1,1,0,0.0,0,58,1,1,1,1,3,43,8,-4.059252546,181,76,60,0,0,0.216415773,0,3,23,11,37,-0.788,0.302,-0.879,-0.302,1.046,1.64,1.048,1.708,14944.395,23435.887,24397.029,-1.659,7.454,9.53,-0.68,3.587597391,5.028907608,-1.441310217,-0.88,0.34,0.03,-0.03,0.07,-3.82,-2.31,-3.19,-3.942,1.989,-1.483,-2.627,-0.56,-1.133,0.858,0.656,-4.172,-7.366,-3.775,-2.282,-2.846,-0.746,7,0,1,1,0,1,1,1,0,0,0,1.3160378125328276,1.2450967821339713,1.2365079412073459,2.4738454379555352,TP3,TP1,False,0.9227393518094242,0.06976703644876146,0.006882447969461121,0.0006111637723531327,4,45
T197,0,0,0,1.543,2,62,1,1,1,-1,3,21,8,-4.506213774,103,36,17,1,0,0.168124561,0,2,4,0,6,-0.618,-0.592,-0.693,-0.672,1.227,1.445,1.193,1.612,17528.606,20637.722,23023.688,2.255,5.755,10.175,0.122,2.010624551,3.720853853,-1.710229302,0.01,-0.91,-0.06,-0.1,0.03,-3.08,-1.45,-3.33,-3.407,2.745,-2.761,-2.068,-2.075,-1.291,0.601,-2.698,-2.79,-5.148,-3.365,-1.98,-2.299,-1.321,7,1,0,0,1,1,1,1,0,0,0,-1.5437368077191511,3.1661777531634354,1.4124157384133096,1.9253868199685538,TP1,TP1,True,0.9784077732348263,0.01709375113469085,0.0026312908028342952,0.0018671848276486263,4,45
T204,1,1,0,0.0,0,55,1,-1,1,-1,2,20,0,-3.924618631,559,228,130,0,0,0.511475517,0,5,17,2,24,-0.575,-0.025,-0.647,-0.282,1.293,1.568,1.387,1.682,18472.227,22401.564,24024.598,-2.2,4.629,10.484,1.847,2.963166789,4.910284202,-1.947117413,-0.84,-1.02,-0.04,-0.16,0.04,-2.27,-1.47,-2.24,-2.283,3.807,0.673,0.338,0.03,0.259,1.506,1.012,-3.613,-7.414,-1.234,0.951,-0.729,-0.038,7,1,0,0,1,1,1,1,0,0,0,-2.0740495691029874,0.33877842571008954,0.6005020551083533,1.8411307271813453,TP1,TP1,True,0.8819176411359556,0.016203063015760234,0.07444589653411766,0.027433399314166527,4,45
T205,0,0,0,2.303,2,53,1,1,1,-1,3,15,3,-3.628473125,58,26,19,0,1,0.403673599,0,13,21,17,51,-0.662,-0.614,-0.813,-0.553,1.277,1.418,1.27,1.652,18247.675,20264.924,23596.227,4.332,4.792,9.439,2.474,2.608048068,4.396220439,-1.788172371,-1.05,-0.32,-0.02,-0.09,0.06,-2.62,-1.31,-1.71,0.202,4.587,1.449,1.1,-0.56,0.703,0.284,-0.015,-2.465,-4.813,-1.328,1.983,-0.163,-0.323,7,0,1,1,0,1,1,1,0,0,0,1.3096962414129547,2.2512826266684653,0.23950209822425594,0.41186739149291507,TP3,TP1,False,0.960318857519834,0.0030421800588988903,0.018319424873739835,0.018319537547527274,4,45
T206,0,1,0,1.331,1,55,1,1,1,-1,3,36,8,-4.640040532,125,50,9,0,1,0.276452734,0,4,23,15,42,-0.556,-0.388,-0.594,-0.566,1.332,1.501,1.34,1.63,19027.834,21447.797,23283.873,4.136,5.235,9.221,2.154,4.174804083,5.018694901,-0.843890818,-0.54,0.06,-0.06,0.09,0.0,-1.74,-0.37,-1.91,-2.553,5.178,1.168,0.69,1.001,1.017,3.066,4.663,-1.07,-5.223,-2.724,1.193,-0.807,2.359,4,1,0,0,0,0,1,0,0,1,0,1.8523580357060794,3.225764192914066,1.427115282402717,0.7499703522909635,TP4,TP3,False,0.17626967165465499,0.03924841702243992,0.7839311883309236,0.0005507229919815923,4,45
T207,1,1,0,0.0,0,61,1,-1,1,1,3,97,0,-3.82360593,204,92,15,0,0,0.432253389,1,16,26,14,56,-0.251,0.457,-0.287,0.219,1.336,1.544,1.374,1.636,19081.872,22054.448,23379.901,-1.269,1.25,10.747,2.077,3.712787663,4.179430223,-0.466642561,-0.69,0.32,0.0,0.05,0.0,-1.72,-0.72,-1.81,-1.365,6.021,1.122,0.141,-2.686,-0.095,0.174,2.772,-2.379,-6.96,-1.658,1.897,0.228,3.049,7,1,0,0,1,1,1,1,0,0,0,1.4056762381401182,0.36024594470375026,0.9031785088301375,1.1572175589825875,TP2,TP1,False,0.9389004557030818,0.043456367186989794,0.016827832086525288,0.0008153450234032287,4,45
T209,1,1,0,0.0,0,55,1,1,1,-1,3,60,5,-5.043132153,130,45,19,0,0,0.273259908,0,5,15,15,35,-0.76,-0.6,-0.887,-0.693,1.099,1.406,1.073,1.592,15705.013,20084.148,22747.69,1.89,1.915,10.439,1.061,2.575944427,4.372911687,-1.79696726,-0.41,-0.56,-0.02,-0.1,0.05,-3.54,-1.78,-2.2,-1.317,3.08,0.744,-0.269,-0.606,-0.115,0.699,-0.378,-3.93,-7.468,-1.616,-0.069,-2.423,0.282,7,1,0,0,1,1,1,1,0,0,0,-0.16590430472662643,0.7348998381208562,1.0061322041885132,1.3427789116207536,TP1,TP1,True,0.9367716661010607,0.033007344976889896,0.027000996316985753,0.003219992605063775,4,45
T210,1,1,0,0.0,0,48,1,1,1,-1,2,23,3,-4.298068302,83,39,32,1,0,0.065527027,0,1,5,0,6,-0.807,-0.458,-0.872,-0.517,0.954,1.449,0.912,1.621,13624.828,20705.247,23153.23,1.484,2.966,11.224,-0.648,3.411614752,4.3587682,-0.947153448,-1.32,0.85,0.03,0.06,0.05,-3.65,-2.04,-3.19,-3.982,2.626,-1.455,-1.739,-1.935,-0.597,0.752,0.954,-3.924,-6.889,-5.785,-2.009,-2.326,0.379,7,1,0,0,1,1,1,1,0,0,0,0.18000920258583086,2.7479645879321875,0.39029542468901746,1.2561302083639103,TP1,TP1,True,0.9450775527692238,0.030725986437575643,0.01693939879963946,0.007257061993561145,4,45
T213,1,1,0,0.0,0,50,1,-1,1,1,3,18,0,-2.79471863,87,47,7,1,1,0.296527441,1,6,20,13,39,-0.503,-0.396,-0.644,-0.501,1.384,1.541,1.394,1.672,19773.538,22018.09,23886.701,-1.261,0.264,9.827,1.591,3.246470374,3.103918841,0.142551533,0.04,-1.01,-0.01,-0.14,0.0,-2.15,-0.55,-2.17,-0.059,3.478,0.779,0.091,-1.009,0.235,0.888,0.037,-1.245,-4.459,-1.575,1.141,-0.151,1.723,7,1,0,0,1,1,1,1,0,0,0,-1.7099142687165543,2.561373442644009,0.9075077939934411,0.86173062985151,TP1,TP1,True,0.9181550188166345,0.0012360205325732583,0.007259406096414255,0.07334955455437803,4,45
T215,1,1,0,0.0,0,33,1,-1,1,-1,3,29,0,-3.501901475,196,86,87,0,0,0.581378073,0,22,37,23,82,0.009,0.161,-0.11,-0.462,1.517,1.641,1.577,1.691,21675.333,23451.147,24159.382,0.424,1.154,8.789,3.132,4.180658851,3.634218203,0.546440648,-0.62,-0.9,0.0,-0.08,-0.04,-0.16,0.55,-0.93,0.068,4.619,2.441,2.071,0.271,1.45,1.748,-1.402,-1.679,-2.223,0.424,2.102,1.492,1.648,7,1,0,0,1,1,1,1,0,0,0,-1.425265078453464,0.9994148069616973,-0.6319980637711544,-0.18922340162995388,TP1,TP1,True,0.9718339137567756,0.015335682689260655,0.011775762833728722,0.0010546407202349888,4,45
T217,0,1,0,1.004,1,61,1,1,1,-1,2,25,7,-3.651364875,177,74,67,1,0,0.292553961,0,9,17,6,32,0.277,-0.249,-0.098,-0.576,1.558,1.545,1.568,1.643,22261.026,22077.442,23472.801,3.884,6.85,9.492,3.377,3.483856926,4.852187651,-1.368330725,0.09,-1.97,-0.14,-0.12,-0.03,-0.91,-0.17,-1.29,1.893,5.626,2.007,1.88,1.232,1.417,3.399,1.643,-1.941,-3.86,0.218,2.812,1.383,2.589,7,1,0,0,1,1,1,1,0,0,0,0.22164213479811412,2.1107361325122853,1.4146014038254617,1.527385895772641,TP1,TP1,True,0.9065936348614103,0.028739200852163218,0.06458337692948257,8.378735694402957e-05,4,45
T218,0,0,0,3.072,2,40,1,1,1,1,3,34,8,-3.607653008,67,33,11,1,1,0.252727084,0,9,13,6,28,-0.613,-0.409,-0.698,-0.492,1.312,1.51,1.328,1.665,18738.522,21566.504,23793.166,3.272,6.405,5.784,1.321,3.205838073,4.825693524,-1.619855451,-0.89,-0.25,-0.02,-0.03,0.01,-1.44,-1.06,-2.18,-2.634,4.083,0.702,0.332,-0.919,0.15,1.591,1.377,-2.838,-5.677,-0.463,0.54,-0.604,0.146,7,1,0,0,1,1,1,1,0,0,0,1.4028329305738207,4.2914193351323995,2.363815649614434,2.8258962054789594,TP1,TP1,True,0.959642442257325,0.030756596601999187,0.003648361379957896,0.005952599760717935,4,45
T177,0,1,0,1.014,1,49,1,1,-1,-1,3,35,8,-3.842312436,146,89,26,0,0,0.319808818,0,9,30,19,58,-0.588,-0.291,-0.724,-0.555,1.255,1.551,1.235,1.645,17931.089,22165.373,23502.919,4.198,6.027,6.08,0.975,3.34557227,3.944710554,-0.599138283,-0.61,-0.24,-0.02,-0.01,0.02,-2.17,-0.78,-2.45,-5.092,3.339,0.035,-1.346,-0.443,-0.361,1.77,0.707,-2.512,-5.931,-3.464,-0.551,-1.288,0.268,7,1,0,0,1,1,0,0,1,0,0,-0.0037546135788792956,2.2003752448339964,1.0966395741609842,1.1208652294970385,TP1,TP2,False,0.021232575782677687,0.9743833133691613,0.0039039727951941075,0.0004801380529670189,5,46
T179,1,1,0,0.0,0,57,1,1,-1,1,3,12,6,-3.491669617,67,23,15,0,1,0.52915936,0,5,19,11,35,0.622,0.48,0.636,0.222,1.67,1.691,1.766,1.746,23865.905,24164.468,24943.247,-3.106,2.85,5.02,5.209,4.831343569,3.820626177,1.010717392,-0.57,-1.65,-0.06,-0.16,-0.04,0.86,0.82,0.12,1.779,6.099,3.633,3.574,1.987,2.64,2.984,-1.379,-0.533,-2.572,1.284,3.475,2.633,1.889,6,1,0,0,1,1,0,0,1,0,0,2.846475301340184,-0.2850884285814379,2.2728997293873543,2.639650968852559,TP2,TP2,True,0.032488473013476876,0.8597643392301858,0.006125071216097803,0.10162211654023938,5,46
T182,0,1,0,1.102,1,39,1,1,-1,-1,3,29,8,-3.451055872,49,20,56,0,0,0.195487734,0,7,10,7,24,-0.63,0.133,-0.652,-0.431,1.324,1.61,1.403,1.703,18915.927,23007.751,24335.642,1.658,6.325,6.024,1.64,3.220976545,3.721792269,-0.500815723,-0.66,-0.25,0.01,-0.08,0.04,-2.15,-1.15,-2.17,-2.064,3.372,0.773,0.01,-1.038,-0.423,0.247,-0.723,-3.789,-7.113,-1.512,0.109,-0.482,-1.056,6,1,0,0,1,1,0,0,1,0,0,0.6523192218587477,1.7893523016511088,1.0455438370255605,2.4519462317130056,TP1,TP2,False,0.01228327711067576,0.9847006436069372,9.435668527701825e-05,0.0029217225971099434,5,46
T183,0,0,0,3.093,2,58,1,1,-1,1,3,59,8,-3.944314469,361,155,62,0,0,0.311916754,1,8,24,11,43,-0.686,0.065,-0.798,-0.486,1.144,1.62,1.066,1.689,16346.261,23149.843,24133.836,-1.417,7.011,6.592,-0.283,3.029618327,4.382125851,-1.352507523,-0.76,-0.53,0.02,-0.13,0.05,-3.55,-2.07,-3.21,-5.882,1.792,-1.697,-2.773,-1.488,-1.447,-0.037,-1.146,-3.648,-7.564,-5.692,-1.957,-3.832,-1.889,6,1,0,0,1,1,0,0,1,0,0,-0.12187870433035819,2.35968200135987,2.5855171429725674,3.5706538415825677,TP1,TP2,False,0.05450520113871494,0.9435319246944985,0.0005747938815394214,0.0013880802852470817,5,46
T184,0,0,0,1.41,2,53,1,-1,-1,1,3,43,0,-3.837849823,275,111,59,1,0,0.509950682,0,14,27,25,66,-0.579,0.446,-0.637,0.098,1.152,1.627,1.215,1.666,16457.168,23248.185,23801.602,-3.304,-0.406,6.643,0.55,4.597681093,3.731863168,0.865817925,-0.8,-0.44,0.06,-0.15,0.02,-3.53,-2.17,-2.4,-2.307,4.466,-0.389,-2.515,-2.602,-1.952,-1.697,-0.588,-3.644,-7.557,-2.287,1.571,-2.22,0.068,4,1,0,0,0,0,0,0,0,0,1,-1.1570917572064654,0.011884876332216354,0.7260624657822505,1.530763065129366,TP1,TP4,False,0.06145879366536031,0.04465100558252133,0.0016964558591691175,0.8921937448929492,5,46
T189,0,0,1,3.395,3,39,1,1,-1,1,3,52,8,-3.853311033,840,342,137,0,0,0.333798182,0,11,13,8,32,0.036,-0.555,0.228,-0.655,1.522,1.434,1.626,1.603,21741.694,20487.338,22906.097,0.138,0.588,4.384,3.2,2.873665562,4.541716136,-1.668050574,0.24,-0.51,-0.11,0.12,-0.06,0.27,0.65,-1.44,-2.124,5.444,1.82,1.456,3.174,1.581,2.639,1.025,-1.563,-3.97,-0.343,2.218,0.813,2.215,6,1,0,0,1,1,0,0,1,0,0,-0.808596987799421,0.8824362229979124,2.613206634307364,3.136111157541939,TP1,TP2,False,0.003074014115615135,0.9484558986306323,0.025269903938713183,0.02320018331503942,5,46
T191,0,0,1,3.536,3,60,0,1,-1,1,2,58,8,-3.834474131,232,103,53,0,0,0.357497927,0,8,27,25,60,0.407,-0.457,0.652,-0.557,1.639,1.506,1.825,1.652,23413.105,21510.549,23607.102,3.383,5.232,5.69,5.582,2.892490145,4.846769618,-1.954279473,0.55,-3.33,-0.26,-0.13,-0.1,0.88,2.08,0.66,0.931,6.76,4.223,3.835,4.867,3.277,3.897,4.742,-0.374,-1.138,1.529,3.639,2.826,0.467,7,0,1,1,0,1,1,1,0,0,0,2.8003768122057338,0.3223762706587885,4.118640418288789,3.2412453982323743,TP2,TP1,False,0.8111593657594194,0.13165072440057504,0.05621915096897369,0.0009707588710319841,5,46
T192,0,0,0,1.5,2,32,1,1,-1,1,3,27,8,-3.445286445,113,50,14,0,0,0.252283258,0,10,11,10,31,-0.642,0.194,-0.764,-0.403,1.301,1.598,1.291,1.682,18583.736,22832.593,24028.632,3.552,5.56,5.223,1.274,3.411623701,4.544771343,-1.133147642,-0.77,0.09,0.0,-0.02,0.05,-2.45,-1.49,-2.44,-1.741,3.457,0.277,0.123,-1.075,-0.103,-0.649,1.624,-4.221,-5.828,-0.645,0.487,-1.219,-0.051,6,0,1,1,0,1,0,0,1,0,0,0.631664339733057,3.27810275668941,1.792021785302358,3.252050639914074,TP1,TP2,False,0.07284283819101983,0.9158558910214883,9.209967179227392e-05,0.011209171115699487,5,46
T194,0,0,0,3.061,2,43,1,1,-1,1,3,50,8,-3.931041192,82,33,28,0,1,0.350404122,0,8,15,4,27,-0.193,0.075,-0.55,-0.3,1.391,1.587,1.305,1.683,19870.835,22676.92,24048.918,3.708,5.989,6.478,0.321,3.853877012,5.083187852,-1.22931084,-1.26,-1.09,0.01,-0.15,-0.02,-1.17,1.13,-3.03,-5.391,2.981,-1.028,-1.312,-2.736,-0.841,-0.725,-0.087,-3.823,-6.59,-2.104,-1.595,-2.591,-1.575,7,1,0,0,1,1,1,1,0,0,0,1.1437636325192628,3.889871370829632,2.4161191105325655,3.3020770013736165,TP1,TP1,True,0.8447981926660724,0.15468210024472095,0.00010904714244680799,0.0004106599467598218,5,46
T195,0,1,0,1.341,1,74,1,-1,-1,-1,3,40,0,-3.711672496,379,183,60,1,1,0.44612918,0,8,24,14,46,-0.416,0.627,-0.385,0.415,1.342,1.699,1.431,1.718,19178.35,24278.264,24550.719,-3.826,-0.787,5.562,2.152,4.726718604,4.114715864,0.61200274,-1.19,-0.43,0.03,-0.11,0.02,-1.48,-1.3,-2.04,-0.756,5.07,0.643,0.512,1.084,1.141,-1.19,0.153,-3.927,-0.872,0.344,1.927,-0.388,1.777,4,1,0,0,0,0,0,0,0,0,1,2.799963144598464,1.1585878657090478,1.2409792963382265,1.6319141167929931,TP2,TP4,False,0.0011108688422553936,0.10709804068266704,0.015175119352446996,0.8766159711226306,5,46
T198,1,1,0,0.0,0,63,1,-1,-1,1,3,8,0,-3.412114954,174,80,76,0,1,0.690270867,0,8,20,8,36,0.409,0.185,0.343,-0.374,1.604,1.619,1.714,1.704,22917.31,23127.291,24341.382,-4.266,0.127,4.583,4.244,3.714560439,4.01301383,-0.298453391,-0.08,-1.42,-0.05,-0.14,-0.03,0.51,1.16,-0.78,1.083,5.587,2.61,2.925,3.486,2.441,2.717,-0.051,0.073,-2.753,0.38,2.684,1.783,1.261,4,1,0,0,0,0,0,0,0,0,1,1.8782842121234928,0.7879597383466197,2.3501448805162157,2.153321838734881,TP2,TP4,False,0.022774207677857938,0.1121837809123205,0.00718661261245556,0.857855398797366,5,46
T200,0,0,0,3.08,2,73,1,1,-1,1,3,18,4,-3.378179938,109,48,12,0,1,0.414165569,0,12,16,6,34,-0.521,-0.513,-0.615,-0.653,1.391,1.578,1.443,1.672,19873.472,22543.163,23885.957,-4.192,-0.692,3.382,2.085,2.446839077,3.315522604,-0.868683527,0.7,-1.87,-0.05,-0.2,-0.03,-2.51,-0.69,-2.71,-1.082,2.302,-0.19,0.286,0.154,0.283,0.143,-3.54,0.862,-6.976,-4.203,-0.86,-0.907,1.111,3,1,0,0,0,0,0,0,0,0,1,4.7029414192695045,3.191699985662174,2.7769732300131107,2.4781571102070084,TP4,TP4,True,0.005649278000089929,0.10124387773210096,0.0018975614142620785,0.8912092828535471,5,46
T201,1,1,0,0.0,0,55,1,-1,-1,-1,3,10,0,-4.262156726,219,84,43,0,1,0.705949115,1,9,28,23,60,-0.657,-0.332,-0.679,-0.574,1.268,1.575,1.354,1.672,18122.095,22500.731,23892.775,-2.348,-1.599,4.608,2.481,3.422970924,2.890560758,0.532410166,-0.38,-0.14,-0.01,0.0,0.0,-2.28,-1.15,-1.69,-4.6,3.283,1.463,0.955,-2.815,0.821,0.875,-1.232,-2.072,-7.095,-2.292,0.47,-0.955,0.019,3,1,0,0,0,0,0,0,0,0,1,-1.1732795056439675,0.5894045464503713,0.7538428352552854,0.05017058180370282,TP1,TP4,False,0.002849457322772825,0.1462212263727554,0.007917497106756774,0.843011819197715,5,46
T203,0,0,0,3.151,2,48,0,1,-1,-1,3,35,8,-4.293275778,53,25,15,0,0,0.099216303,0,3,8,4,15,-0.711,-0.461,-0.887,-0.532,1.039,1.531,0.973,1.662,14847.423,21872.203,23748.589,2.915,7.069,5.841,-0.727,2.58363052,5.02211762,-2.4384871,-1.03,-0.75,0.02,-0.19,0.06,-4.11,-2.14,-3.42,-7.498,0.37,-3.051,-2.468,-4.809,-2.042,-1.627,0.003,-6.429,-7.947,-6.221,-2.895,-3.847,-3.098,6,1,0,0,1,1,0,0,1,0,0,1.157331222505564,3.573699212559626,1.9853624978746076,3.0571124770898197,TP1,TP2,False,0.10158802977932119,0.8908074351021453,1.5236149155526508e-05,0.007589298969377827,5,46
T208,1,1,0,0.0,0,53,1,1,-1,-1,3,45,4,-4.506024837,158,69,40,0,1,0.527670676,1,18,27,25,70,0.077,0.415,-0.181,0.131,1.503,1.664,1.533,1.742,21474.115,23769.645,24884.84,-2.607,1.929,5.998,3.142,4.898400311,4.71739267,0.181007641,-1.47,0.02,0.09,-0.03,-0.06,0.47,0.51,-1.56,-0.791,5.082,1.609,2.127,1.802,1.622,2.273,-0.775,-0.482,-3.697,0.454,1.877,1.049,1.747,7,0,1,1,0,1,0,0,1,0,0,3.0846929545912785,0.09818160437120538,1.0182354019919395,0.7210740445550122,TP2,TP2,True,0.011189502660708851,0.9806639297991843,0.006515272880627839,0.001631294659479175,5,46
T211,1,1,0,0.0,0,49,0,1,-1,-1,3,32,4,-3.263202088,87,37,15,0,1,0.166424472,0,5,15,9,29,0.418,-0.517,0.559,-0.635,1.725,1.456,1.861,1.602,24646.875,20807.214,22894.64,-0.068,2.818,5.355,6.836,3.512646818,4.900744087,-1.388097269,1.12,-2.41,-0.2,-0.09,-0.07,1.3,2.19,1.21,3.182,7.282,4.786,5.544,4.213,4.179,3.766,1.974,0.49,-0.681,3.395,4.703,4.068,3.763,6,1,0,0,1,1,0,0,1,0,0,3.8546037226612846,1.8527059953629386,2.970220611380344,1.8032104882943527,TP4,TP2,False,0.041972826582414025,0.8197897939780546,0.04045428265426632,0.09778309678526499,5,46
T212,0,0,0,1.482,2,74,1,-1,-1,-1,3,26,0,-4.04021842,140,65,28,1,0,0.221599854,0,9,20,6,35,-0.731,0.017,-0.855,-0.327,1.174,1.54,1.062,1.666,16776.111,21996.516,23801.182,0.158,1.274,7.88,1.188,4.208137362,4.943526725,-0.735389363,-1.43,0.18,0.04,-0.01,0.0,-2.38,-0.65,-2.27,-4.091,3.86,0.658,-0.333,-1.628,-0.225,1.389,0.256,-0.56,-7.358,-1.248,-0.129,-1.109,1.131,6,1,0,0,1,1,0,0,1,0,0,0.6162949133910862,1.2673306991407942,0.7667534708118926,0.5043650984701649,TP4,TP2,False,0.04987817030067989,0.802317516173239,0.028440233350722155,0.1193640801753591,5,46
T214,0,0,0,1.611,2,72,1,-1,-1,-1,3,50,0,-3.955823426,159,70,23,0,1,0.410079347,0,10,31,14,55,-0.719,-0.225,-0.812,-0.453,1.11,1.562,1.103,1.678,15853.496,22312.77,23972.056,-0.836,1.118,5.337,0.089,2.949051287,2.954778891,-0.005727604,-1.36,0.23,0.07,-0.07,0.04,-2.83,-1.54,-2.7,-3.842,1.915,-0.137,-1.365,0.328,0.008,-0.459,-2.917,-4.875,-7.222,-2.84,-1.292,-0.83,-0.428,6,1,0,0,1,1,0,0,1,0,0,2.308324509685506,0.8834305616190067,1.1517834992245661,1.034350791293622,TP2,TP2,True,0.015791589994683736,0.8319701505534759,0.004759871516085866,0.14747838793575455,5,46
T216,0,0,1,3.706,3,50,1,1,-1,1,3,108,8,-3.66600874,340,134,111,0,1,0.376794378,0,5,3,5,13,0.359,-0.68,-0.153,-0.682,1.57,1.395,1.572,1.609,22424.983,19930.444,22993.451,6.222,4.476,4.641,3.338,2.017332247,4.401735057,-2.38440281,0.16,-1.43,-0.11,-0.08,-0.02,-1.02,-0.24,-1.16,1.195,5.188,2.178,1.267,-0.064,1.312,0.808,1.392,-1.973,-5.25,-0.19,2.636,1.257,1.323,6,1,0,0,1,1,0,0,1,0,0,1.7813825792675606,2.5420269326500016,3.358579196252601,3.7760857123551843,TP1,TP2,False,0.04512596212753852,0.9321743092240296,0.006250554542305506,0.01644917410612655,5,46
A002,0,0,0,4.381,3,57,1,1,-1,1,3,70,8,-3.967478,262,134,60,0,0,0.261300406,1,3,9,4,16,0.588,0.624,0.637,0.314,2.055,2.194,2.221,2.284,22059.99,23555.511,24517.194,1.619,6.752,6.59,4.086,4.042607109,4.265593169,-0.22298606,0.06,-1.16,0.03,-0.19,-0.02,0.05,-0.41,-0.41,-0.484,4.019,3.131,2.863,1.85,1.91,2.937,3.127,0.469,-1.213,0.896,2.65,1.594,4.069,6,1,0,0,1,1,0,0,1,0,0,1.7211975774318415,1.1454351202714301,3.170515182042041,3.912119586432059,TP2,TP2,True,1.9034306838794178e-05,0.9999463597475374,2.4531297062595455e-05,1.0074648561142919e-05,5,46
A004,0,0,0,2.865,2,45,1,1,-1,1,2,44,8,-7.0739864,33,19,0,1,0,0.146476691,0,5,6,0,11,-0.077,-0.732,0.129,-0.603,1.894,1.572,2.048,2.109,20331.419,16870.777,22634.52,1.807,3.317,5.124,3.74,0.829679163,4.501917816,-3.672238653,0.17,1.96,-0.05,0.33,0.04,-1.61,-0.53,-0.3,-0.785,4.554,3.266,2.446,2.62,1.88,3.462,3.631,0.635,-5.597,-1.253,2.288,0.606,1.288,6,1,0,0,1,1,0,0,1,0,0,2.3171278288442267,2.2841867581429502,3.148319283693877,2.877114170793261,TP2,TP2,True,0.0005272917532570056,0.9463606023992065,0.0015811222823785942,0.05153098356515794,5,46
A005,1,0,0,0.0,0,27,1,1,-1,1,3,51,4,-3.5832833,269,138,68,0,1,0.507686998,1,21,35,30,86,0.672,0.582,0.664,0.499,2.233,2.252,2.367,2.346,23970.414,24177.888,25181.154,-2.354,-0.308,5.327,5.618,5.043276825,4.346703404,0.696573421,-0.59,-1.26,0.08,-0.19,-0.1,1.87,2.0,0.66,2.234,5.09,4.284,4.522,1.37,3.308,3.098,0.665,-0.468,-1.237,2.998,3.48,2.867,4.362,6,1,0,0,1,1,0,0,1,0,0,2.9029900755970957,0.7960642057036478,1.6819963794284605,1.9967866708008162,TP2,TP2,True,0.004558141264881507,0.9926745846836261,0.001277108660742237,0.0014901653907500871,5,46
A007,0,0,0,2.722,2,40,1,1,-1,1,2,21,7,-6.827391,49,29,12,1,0,0.123499002,0,4,6,2,12,-0.034,-0.656,0.229,-0.339,1.923,1.755,2.08,2.186,20639.638,18835.798,23461.553,4.063,3.608,5.134,4.029,1.474393935,3.850658318,-2.376264384,0.57,-0.05,-0.04,-0.03,0.08,-1.33,-1.33,-0.38,-1.654,3.819,3.175,2.329,3.512,1.42,2.79,4.783,-0.048,-2.732,0.083,2.4,0.577,2.162,6,1,0,0,1,1,0,0,1,0,0,0.3162675861228035,2.4174466575538074,3.379612921024888,3.446831211750771,TP1,TP2,False,0.0006538635768266298,0.9383514217877952,0.0008570707919268235,0.060137643843451376,5,46
A010,1,0,0,0.0,0,42,1,1,-1,-1,3,22,8,-4.2699236,136,64,38,1,1,0.291685107,0,8,14,8,30,0.225,0.171,0.481,-0.197,2.001,2.047,2.192,2.256,21483.666,21976.766,24218.342,4.223,5.166,5.367,3.912,3.913295771,4.082472133,-0.169176363,-0.45,-0.24,0.04,-0.06,0.0,0.55,-0.08,-0.59,-0.419,4.274,2.913,2.702,2.913,1.724,2.535,3.853,-1.428,-3.286,0.551,2.683,1.194,4.097,6,1,0,0,1,1,0,0,1,0,0,1.5832497050977277,3.0412482314103393,1.6499029653338204,1.7170448245513146,TP1,TP2,False,0.00010790124714702157,0.9967967709324833,0.0007874860724551046,0.0023078417479145577,5,46
A012,0,0,0,1.185,1,48,1,1,-1,-1,3,56,8,-3.594931,132,69,19,0,0,0.352518589,0,13,29,12,54,0.638,0.562,0.712,0.444,2.207,2.222,2.414,2.34,23693.915,23851.88,25119.744,3.949,5.457,5.02,6.064,4.46376819,4.559770293,-0.096002103,-0.1,-2.02,0.03,-0.31,-0.02,1.65,1.16,1.18,2.174,4.939,4.838,4.828,3.694,3.472,2.594,0.941,-0.391,-1.044,2.836,4.216,3.131,4.411,6,1,0,0,1,1,0,0,1,0,0,2.9649297930356244,1.175907330968694,1.768730298251453,2.256481344450619,TP2,TP2,True,3.720967677918759e-05,0.9999185255756716,3.889304119212245e-05,5.371706357106277e-06,5,46
A014,0,0,0,3.677,3,63,0,1,-1,1,2,47,8,-5.0733694,25,21,22,0,0,0.162486057,0,5,8,1,14,-0.116,-0.503,-0.497,-0.62,1.914,1.836,2.021,2.174,20549.555,19703.476,23333.628,-0.835,7.804,5.688,3.354,1.898142253,4.995984077,-3.097841824,-0.34,-1.3,-0.01,-0.2,0.03,-1.19,-0.78,-0.81,-1.346,3.22,2.688,1.759,0.429,1.122,0.97,3.7,-3.504,-5.122,0.193,1.599,-0.038,0.907,6,1,0,0,1,1,0,0,1,0,0,3.669351989983279,3.6038822285676564,4.512021201939191,5.026167211119327,TP2,TP2,True,0.010010404405884707,0.965395020197029,0.00012200727297266909,0.024472568124113667,5,46
A017,0,0,0,1.625,2,57,1,1,-1,-1,3,26,8,-4.859264,116,65,47,0,1,0.338163615,0,9,15,5,29,-0.415,0.187,-0.392,-0.117,1.821,2.035,1.957,2.23,19545.062,21842.44,23940.294,3.885,7.253,5.896,2.105,3.664123247,4.430635574,-0.766512327,-0.59,0.35,0.08,-0.03,0.0,-0.29,-0.65,-1.84,-1.639,3.381,1.361,1.106,1.443,1.05,2.024,4.886,-0.092,-4.456,-0.546,0.819,0.076,2.591,6,1,0,0,1,1,0,0,1,0,0,2.985402713251261,3.5333113751075147,1.910821375501603,1.7284856666736543,TP4,TP2,False,9.147248701905224e-05,0.998507501448306,0.000816519891142918,0.000584506173532005,5,46
A023,0,0,0,1.073,1,47,1,1,-1,-1,3,34,8,-3.4648956,92,58,27,0,0,0.431404706,0,14,28,21,63,0.126,0.259,0.372,0.021,1.988,2.064,2.136,2.268,21341.057,22157.625,24345.681,1.082,6.057,7.26,4.004,3.729377229,5.301504943,-1.572127714,-0.62,0.37,0.08,-0.03,0.01,0.13,-0.18,0.24,0.834,4.62,3.852,2.917,0.655,2.118,2.017,3.78,-0.268,-2.874,0.806,3.033,1.232,3.098,6,1,0,0,1,1,0,0,1,0,0,1.8950689165373635,1.4190375020261436,0.40702639061497825,0.832514593291339,TP3,TP2,False,0.0005200637723808516,0.9978933023391348,0.0009633239782079012,0.0006233099102764721,5,46
A042,0,0,0,0.946,1,50,0,-1,-1,-1,3,22,0,-4.407352,32,17,7,1,0,0.511694128,1,3,10,2,15,0.102,0.444,0.418,0.458,1.965,2.163,2.152,2.314,21088.277,23216.108,24841.633,-1.245,-0.583,3.392,4.05,4.559614381,4.477975082,0.081639299,-0.69,1.23,0.08,0.12,-0.01,-0.23,0.79,-1.02,-2.637,4.471,2.43,2.775,4.119,2.143,4.053,7.261,-2.101,-3.923,1.539,1.54,0.674,2.907,6,1,0,0,1,1,0,0,1,0,0,2.643625280125439,0.6982689751383101,1.6232395565222928,1.4094471293555257,TP2,TP2,True,5.568873929445225e-06,0.9979931213617698,5.915585236874488e-06,0.001995394179063917,5,46
A057,0,0,0,1.518,2,54,1,1,-1,1,2,32,8,-3.2928437,25,14,10,0,0,0.153638526,0,2,3,0,5,-0.312,-0.316,-0.623,0.201,1.858,1.959,1.942,2.251,19944.942,21025.657,24159.55,5.598,4.668,5.78,2.991,2.479851189,3.828840618,-1.348989429,-0.54,-0.89,-0.03,-0.19,0.09,-1.74,-1.63,-1.59,-0.26,3.726,1.733,1.848,1.77,0.548,3.563,1.728,-1.432,-4.827,-0.038,1.396,1.691,0.346,6,1,0,0,1,1,0,0,1,0,0,2.3676343916295313,2.086117822660132,2.708062884037676,4.211100071266294,TP2,TP2,True,0.0026667325537049814,0.992785316458804,0.00010786447298409309,0.004440086514507037,5,46
A067,0,0,0,2.926,2,39,1,1,-1,1,3,33,7,-3.7422008,76,41,39,0,0,0.2613614,0,2,14,0,16,-0.37,-0.248,-0.502,-0.329,1.849,1.938,1.916,2.198,19843.0,20804.509,23598.013,3.612,6.037,7.389,2.778,2.870601405,6.16264448,-3.292043075,-0.74,-0.66,0.05,-0.16,0.02,-1.25,-0.62,-0.55,-0.548,3.503,2.981,1.797,1.006,0.925,1.421,3.558,-1.62,-6.283,0.126,1.781,0.338,2.341,6,1,0,0,1,1,0,0,1,0,0,1.1964909633385301,3.4417035409064414,2.1222148055107053,3.18095237592224,TP1,TP2,False,0.014925896982788482,0.9782873897035375,0.00023076639422041608,0.006555946919453714,5,46
A102,0,0,0,3.772,3,49,1,1,-1,1,3,39,7,-3.557008,110,59,23,1,1,0.389188076,0,11,13,8,32,0.408,0.515,0.494,0.465,2.032,2.16,2.171,2.314,21816.038,23185.861,24836.315,1.47,3.127,5.61,3.706,3.820032491,4.353574721,-0.53354223,-0.91,-0.6,0.05,-0.2,0.05,0.04,-0.22,-0.51,1.621,4.778,3.023,2.941,4.273,1.976,2.364,5.029,-2.124,-2.306,1.201,2.962,1.178,3.156,6,1,0,0,1,1,0,0,1,0,0,3.4309018154133133,1.9091732848302343,2.137945930957771,3.0398259233785274,TP2,TP2,True,0.001447207578477472,0.9748416374618153,0.0006748432294995337,0.023036311730207683,5,46
A149,0,0,0,3.128,2,50,1,1,-1,1,2,44,8,-3.658615,87,41,8,1,0,0.301982012,0,3,6,0,9,-0.36,-0.68,-0.343,-0.437,1.857,1.676,1.991,2.158,19934.927,17995.343,23163.217,3.459,6.832,6.902,2.941,1.21228227,4.427390079,-3.215107809,-0.32,0.82,-0.02,0.11,0.05,-1.31,-0.88,-0.79,-0.324,4.17,2.711,1.814,1.802,1.177,2.951,5.097,-1.109,-4.129,-0.338,2.071,0.737,1.16,6,1,0,0,1,1,0,0,1,0,0,1.1162004597026072,3.2285290542117875,2.5409312908208057,3.164813555508053,TP1,TP2,False,0.00978016831135895,0.9546091482758221,0.0015897406318232715,0.03402094278099572,5,46
A248,0,0,0,1.141,1,48,1,1,-1,-1,3,36,5,-3.77829,105,54,18,0,1,0.396386059,0,6,19,7,32,0.504,0.662,0.616,0.589,2.126,2.305,2.283,2.394,22823.283,24743.133,25694.975,-2.923,1.812,5.371,4.966,5.179385861,2.780366264,2.399019597,-0.81,-1.06,0.08,-0.24,-0.01,1.03,0.25,-0.37,1.313,4.466,3.175,3.344,3.149,2.487,2.58,-0.585,-0.541,-2.228,1.164,3.243,1.951,3.975,6,1,0,0,1,1,0,0,1,0,0,3.002596026877346,0.2633267065293752,1.138608144515614,2.0780731669348125,TP2,TP2,True,1.885008701377932e-05,0.9964911604761938,0.00019351818784212903,0.0032964712489503794,5,46
A253,0,0,0,1.788,2,49,1,1,-1,1,2,25,7,-3.929318,19,12,10,0,0,0.373339895,0,9,6,2,17,0.614,-0.446,0.783,-0.357,2.234,1.895,2.397,2.213,23976.471,20346.268,23755.721,1.319,2.981,5.147,6.286,3.048211354,4.567470736,-1.519259382,0.92,-1.53,-0.09,-0.13,0.0,1.42,0.48,1.92,3.459,6.291,5.598,4.777,3.301,3.636,3.339,4.343,0.2,-3.541,2.343,5.024,2.988,3.72,6,1,0,0,1,1,0,0,1,0,0,1.4068527412662226,1.6088493770862922,2.8575601047742474,3.247041669809914,TP1,TP2,False,0.0009628952671130233,0.9904213045958689,0.0006880878341114226,0.00792771230290667,5,46
A280,0,0,0,3.366,3,46,1,1,-1,1,2,56,8,-3.8205074,113,60,24,0,0,0.140250641,0,4,4,1,9,-0.629,-0.069,-0.671,-0.221,1.794,1.997,1.889,2.241,19255.948,21433.542,24054.313,6.312,6.82,6.869,2.746,2.985221288,5.090291771,-2.105070484,-1.08,0.89,0.09,-0.02,0.08,-1.87,-1.37,-0.9,-0.756,3.746,2.577,1.439,1.206,0.636,2.038,4.778,-3.53,-5.222,-1.159,1.622,-0.403,1.815,6,1,0,0,1,1,0,0,1,0,0,2.2083929438731187,3.981746894614908,2.2734500312786428,3.891384145653266,TP1,TP2,False,0.0007513066023033829,0.9987156244108566,8.141933585987213e-05,0.00045164965098009187,5,46
A292,0,0,0,1.696,2,49,1,1,-1,-1,2,58,8,-3.6879086,29,17,18,0,0,0.250253873,0,1,6,0,7,-0.727,-0.769,-0.83,-0.687,1.565,1.472,1.593,2.103,16795.469,15804.31,22570.398,4.795,5.526,5.782,0.398,0.014029768,4.129527116,-4.115497348,-0.8,-0.02,0.0,-0.05,0.07,-2.87,-1.57,-2.53,-2.01,2.02,0.299,-0.419,-2.193,-0.777,-0.676,3.055,-3.328,-7.068,-3.955,-0.248,-3.042,-0.71,6,1,0,0,1,1,0,0,1,0,0,0.8702377110253603,2.652659136118468,1.6241822821834315,2.672943628791023,TP1,TP2,False,0.02404368077120135,0.8997173005498574,0.00028219020918737736,0.07595682846975385,5,46
A304,0,0,0,1.859,2,48,1,1,-1,-1,3,48,3,-3.2654308,100,62,9,0,1,0.50035382,0,8,29,13,50,-0.151,0.468,-0.253,0.436,1.91,2.157,1.995,2.333,20500.733,23159.453,25040.717,-1.618,0.315,5.443,3.462,4.579334546,4.001047637,0.578286908,-1.72,0.81,0.12,0.02,-0.02,-0.13,-0.39,-0.61,0.183,4.588,2.854,1.988,3.791,1.052,3.488,2.618,1.142,-5.075,-0.397,1.351,-0.222,2.159,6,1,0,0,1,1,0,0,1,0,0,4.1275632044335016,0.08262265939970259,-0.030787469149247793,0.48323814588575165,TP3,TP2,False,0.00014564061713359612,0.969342965809168,0.004666113083703833,0.025845280489994613,5,46
A332,0,0,0,3.233,2,46,0,1,-1,1,2,60,8,-4.262513,15,10,7,1,0,0.160713418,1,4,7,0,11,-0.49,-0.803,-0.508,-0.6,1.822,1.529,1.956,2.134,19559.944,16416.456,22910.788,1.307,4.439,6.743,3.396,0.658067247,4.829245437,-4.17117819,-0.2,0.17,0.01,0.02,0.01,-1.77,-0.77,0.04,-0.455,3.586,3.634,2.042,0.214,1.82,1.335,6.356,-1.348,-3.599,0.404,2.02,0.358,0.71,6,1,0,0,1,1,0,0,1,0,0,2.013911572248163,3.265203928932274,3.5861710396696838,3.617873106752832,TP1,TP2,False,0.020371847921929243,0.808569928518403,0.00034146461306601753,0.17071675894660163,5,46
A354,0,0,0,3.298,3,48,1,1,-1,1,2,21,8,-3.767925,24,14,2,0,0,0.277264442,0,7,11,3,21,-0.709,-0.034,-0.797,-0.191,1.622,1.977,1.697,2.224,17411.053,21226.921,23874.241,4.09,5.86,6.236,1.419,3.324847782,5.420570177,-2.095722396,-0.86,0.73,0.07,0.01,0.05,-2.16,-1.4,-2.29,-4.635,2.87,0.645,0.184,-1.297,-0.326,1.731,4.694,-2.655,-7.279,-4.385,-0.117,-1.201,0.482,6,1,0,0,1,1,0,0,1,0,0,3.0274247070895797,4.489884212793953,2.1344517316225313,3.2664388545173124,TP3,TP2,False,0.004250286559082795,0.994264524383192,0.00015122792769030138,0.0013339611300348985,5,46
A359,1,0,0,0.0,0,54,1,1,-1,1,3,23,3,-3.7284383,144,78,33,0,1,0.673810745,0,11,18,9,38,0.559,0.485,0.516,0.337,2.133,2.181,2.207,2.31,22893.275,23410.199,24795.498,-1.448,2.749,5.177,3.627,5.014147539,4.091313888,0.922833651,-0.95,-0.19,0.1,-0.03,-0.1,1.09,0.34,-0.45,0.814,4.613,3.091,2.517,1.389,2.324,2.516,1.129,0.51,-4.244,-0.005,2.692,1.187,2.902,6,1,0,0,1,1,0,0,1,0,0,3.465052541177828,1.3923105950993566,1.661490285915082,2.0661146710187928,TP2,TP2,True,0.0006090259335435541,0.9837635444731277,0.0006239016780176633,0.015003527915311175,5,46
A398,0,0,0,3.467,3,50,0,1,-1,1,2,46,8,-4.3015813,20,15,2,1,0,0.13515221,0,2,6,0,8,-0.521,-0.782,-0.512,-0.492,1.809,1.553,1.957,2.135,19418.756,16673.453,22917.628,3.64,5.251,6.954,3.357,0.972370178,4.764021388,-3.791651209,-0.83,1.28,0.03,0.13,0.05,-1.22,-0.85,-0.5,0.002,3.785,3.034,2.1,0.867,1.262,1.177,5.13,-1.467,-6.674,-0.629,1.952,0.621,2.315,2,1,0,0,0,0,0,0,0,0,1,2.9215024450753866,3.9193365752593374,3.124086594651145,3.3660625659723604,TP1,TP4,False,0.0065117151023576835,0.44225349289362215,0.0004697635210784575,0.5507650284829417,5,46
A419,0,0,0,2.645,2,52,0,1,-1,1,2,30,8,-4.3875174,64,37,17,0,0,0.238990012,0,4,7,3,14,-0.117,-0.377,0.22,-0.572,1.951,1.97,2.108,2.208,20947.222,21147.059,23703.517,2.211,5.662,4.522,3.584,2.637564074,4.496545044,-1.85898097,0.18,0.5,0.03,0.03,0.04,-1.33,-1.09,-0.48,0.271,4.062,3.054,2.05,0.338,1.313,1.734,3.348,-2.175,-6.913,-0.022,2.789,0.445,2.166,6,1,0,0,1,1,0,0,1,0,0,2.410180661266618,2.87605529024704,3.001673751077721,3.5719198500155445,TP1,TP2,False,0.0002365508958116262,0.9799263889212001,4.614175959102918e-05,0.019790918423397145,5,46
A463,0,0,0,1.217,1,48,1,1,-1,-1,3,21,8,-4.074614,52,27,26,0,1,0.323486358,0,6,7,4,17,0.472,0.218,0.432,0.303,2.067,2.036,2.174,2.269,22182.684,21851.099,24361.506,5.155,4.759,6.097,3.992,3.674381673,4.50797251,-0.833590837,-0.57,-0.58,0.02,-0.09,-0.01,0.37,-0.18,0.16,0.386,5.079,3.757,3.137,2.394,2.286,2.835,4.302,-0.572,-1.68,1.896,3.3,1.696,3.867,6,1,0,0,1,1,0,0,1,0,0,2.1789837758576005,1.4278384347393966,1.8016363513258853,2.1751417772702952,TP2,TP2,True,0.0001075450229958737,0.9987365254712878,0.0002936859338247999,0.0008622435718915047,5,46
A476,0,0,0,2.126,2,36,1,1,-1,1,2,33,8,-4.5464367,37,18,42,0,0,0.315726418,1,4,15,3,22,0.133,0.131,-0.247,-0.321,1.98,2.01,2.019,2.217,21258.253,21577.621,23803.036,3.126,6.445,6.475,3.624,3.350323489,5.491409062,-2.141085573,-0.62,-0.48,0.05,-0.14,0.02,-0.27,-0.74,-1.0,1.177,4.481,2.438,2.419,1.805,1.571,1.77,4.134,-2.218,-2.189,0.592,2.724,0.851,2.846,5,1,0,0,1,1,0,0,1,0,0,0.7915860901765819,4.02837428084246,2.8742479760152135,3.8611157910039635,TP1,TP2,False,0.004441298051310366,0.9951814039966259,5.5213960730831635e-05,0.0003220839913329474,5,46
A524,0,0,0,3.233,2,49,1,1,-1,1,2,51,8,-4.3377627,84,45,19,1,0,0.191741168,1,4,6,0,10,0.213,-0.405,0.192,-0.257,1.983,1.887,2.058,2.211,21288.127,20257.141,23729.78,-0.761,4.883,6.145,3.361,2.322623341,5.247790404,-2.925167063,0.1,-0.42,-0.12,0.06,0.01,-1.08,-0.54,-0.84,-2.077,4.682,2.639,2.168,1.623,1.515,4.074,3.97,0.042,-4.97,-0.721,2.374,0.245,2.626,6,1,0,0,1,1,0,0,1,0,0,1.1032081261081117,2.3099824567129454,3.223488517751873,3.6366913267558534,TP1,TP2,False,0.0021023220105479577,0.9956795365617916,0.000696054636259565,0.0015220867914008634,5,46
A530,0,0,0,2.025,2,45,1,1,-1,-1,3,28,7,-3.2068948,83,42,18,0,1,0.637201551,0,7,13,5,25,0.586,-0.719,0.564,-0.34,2.099,1.63,2.243,2.168,22532.717,17495.46,23277.079,1.651,6.144,5.983,4.053,0.59884803,3.542538614,-2.943690584,0.13,-1.43,-0.07,-0.14,0.0,0.03,-0.27,-0.09,0.888,4.305,3.495,2.632,1.54,1.871,2.554,6.286,-1.557,-5.915,0.833,2.792,1.293,3.845,6,1,0,0,1,1,0,0,1,0,0,0.2376384845224051,0.6055368871392979,1.5615700419422802,1.4368935549770254,TP1,TP2,False,0.0044986249747826276,0.924761214861095,0.0015258447163033362,0.06921431544781906,5,46
A538,0,0,0,3.593,3,56,1,1,-1,1,2,36,8,-3.169434,33,16,26,0,0,0.307718769,0,9,10,5,24,0.382,0.003,-0.128,-0.059,1.988,1.952,2.0,2.192,21337.418,20949.634,23535.044,-2.063,6.857,5.365,3.563,3.175250914,5.43277705,-2.257526136,-0.34,-0.93,-0.01,-0.14,0.0,-0.81,-0.44,-0.49,-2.324,4.37,3.029,2.052,1.999,1.605,3.819,3.646,-0.938,-6.352,-0.257,2.18,0.588,1.446,6,1,0,0,1,1,0,0,1,0,0,2.548900286997295,0.9071019813684078,2.218965362458502,3.1480247070251774,TP2,TP2,True,0.002579509521586015,0.9963982674565669,0.00021060774631715556,0.0008116152755298333,5,46
A565,0,0,0,2.37,2,35,1,1,-1,-1,3,30,5,-4.0813316,26,14,0,0,1,0.0,0,0,0,0,0,0.342,-0.661,0.477,-0.486,2.049,1.718,2.199,2.182,21993.163,18444.321,23420.833,0.427,3.685,5.294,4.918,1.376476646,4.230769398,-2.854292752,-0.64,-1.65,-0.09,-0.18,0.03,-0.39,-0.51,0.51,1.495,5.002,4.132,3.717,2.706,2.182,2.867,3.418,0.954,-1.872,1.53,3.123,1.13,1.009,3,1,0,0,0,0,0,0,0,0,1,1.0526940653023387,0.8996723277932115,1.9695782269234912,2.6411149597414925,TP2,TP4,False,0.0015040856461804965,0.2806894842465006,0.0008121390700258117,0.7169942910372932,5,46
A581,0,0,0,1.916,2,53,1,-1,-1,-1,2,34,0,-4.5693983,46,27,10,0,0,0.150315527,0,1,3,0,4,-0.218,-0.112,0.162,0.238,1.909,1.929,2.039,2.252,20488.409,20707.619,24176.202,0.597,0.316,5.21,3.49,3.517262332,4.713586168,-1.196323837,-1.24,0.86,0.04,0.06,0.03,-0.69,-0.45,-0.94,1.263,5.507,2.528,2.101,3.831,1.653,4.058,1.215,0.435,-4.894,-0.196,2.518,0.446,2.915,6,1,0,0,1,1,0,0,1,0,0,1.4335869733921545,0.49196160231908936,1.1133038197784535,1.9150992311813795,TP2,TP2,True,0.00015170601815949345,0.9579831490659718,0.000429580072255333,0.0414355648436133,5,46
A637,0,0,0,0.947,1,65,1,-1,-1,1,3,38,0,-3.2755877,151,70,46,0,1,0.661300329,1,9,22,10,41,0.223,0.678,0.093,0.564,1.983,2.311,2.079,2.371,21288.331,24812.389,25447.508,-1.204,0.235,6.109,3.41,5.980248183,3.871326955,2.108921228,-1.35,0.6,0.13,-0.03,-0.02,0.81,0.99,-0.88,-0.489,4.753,2.613,2.184,3.845,1.664,2.942,3.205,0.109,-5.648,0.165,1.722,0.745,3.878,6,1,0,0,1,1,0,0,1,0,0,2.7681142332640847,1.215922653462464,1.9395790449296983,2.050930234093435,TP2,TP2,True,0.00024314011932078376,0.9937444809019791,0.0009522062200802954,0.005060172758619807,5,46
A665,0,0,0,1.437,2,55,1,1,-1,-1,2,40,8,-4.2098955,60,37,10,0,0,0.244228168,0,6,6,0,12,0.351,0.55,-0.16,0.243,1.997,2.151,2.03,2.287,21439.745,23087.879,24551.66,4.138,8.511,6.32,3.55,4.146680517,5.744134728,-1.597454211,-1.24,-0.41,0.06,-0.14,0.01,-0.53,-0.18,-0.24,-0.739,4.58,3.317,1.983,1.381,1.623,1.672,3.301,-2.341,-4.952,-0.841,2.783,1.123,2.532,6,1,0,0,1,1,0,0,1,0,0,3.3677789000721514,2.0364499795569992,1.8362640474173861,3.112984299468625,TP3,TP2,False,0.00012284945909605397,0.9998402274063002,2.270849276457161e-05,1.4214641839292548e-05,5,46
A734,0,0,0,1.537,2,46,1,1,-1,-1,2,33,8,-4.279512,75,29,9,1,0,0.083559309,0,3,3,4,10,0.273,0.297,-0.009,-0.081,1.969,1.997,2.0,2.201,21139.333,21438.502,23631.468,2.394,5.263,6.608,2.081,3.564338518,5.829256695,-2.264918178,-0.37,-1.25,-0.04,-0.15,0.0,-0.31,-0.59,-1.37,-2.625,4.857,2.015,1.069,0.42,0.764,3.133,0.632,-0.653,-3.454,-0.219,1.117,-0.555,2.944,6,1,0,0,1,1,0,0,1,0,0,0.07266360353580259,2.1658870003681963,1.83166235599728,2.742127862089255,TP1,TP2,False,0.003308430824727159,0.9956506444468132,0.0004490849460730414,0.000591839782386708,5,46
A767,0,0,0,1.636,2,57,1,1,-1,-1,3,21,3,-4.639152,266,139,58,0,1,0.537662304,1,12,30,18,60,0.059,-0.198,0.26,-0.389,1.966,1.963,2.089,2.217,21104.636,21071.81,23793.893,1.046,2.281,6.199,3.266,3.735847915,3.321125508,0.414722407,-0.47,0.2,0.07,0.03,-0.06,0.56,-0.02,-0.97,-2.063,3.849,2.502,1.8,2.204,0.924,2.657,3.497,0.512,-7.213,-0.455,1.107,0.218,2.8,6,1,0,0,1,1,0,0,1,0,0,1.5272591188650826,0.9549432449846729,1.3274468177322545,0.3805898556099816,TP4,TP2,False,0.00020101246138862623,0.9831150902001313,0.011485428060828416,0.0051984692776516845,5,46
T185,1,1,0,0.0,0,35,1,1,1,-1,3,33,3,-3.312091596,162,71,34,0,1,0.310181997,0,13,13,8,34,-0.603,0.157,-0.529,-0.385,1.333,1.579,1.432,1.675,19047.742,22556.459,23927.819,0.721,0.755,11.27,2.058,3.415859864,4.831610042,-1.415750178,-0.65,0.24,0.03,0.01,0.0,-1.1,-0.81,-1.69,-0.767,3.891,1.502,0.752,-1.019,0.241,0.781,-1.523,-2.387,-6.996,-1.044,0.789,-0.203,0.276,7,1,0,0,1,1,1,1,0,0,0,1.6256719038232879,2.058802299757672,-0.3577203983291538,0.5675412780489715,TP3,TP1,False,0.963620874138704,0.015066373004352651,0.014147163372204894,0.007165589484738499,5,46
T186,1,1,0,0.0,0,59,1,-1,1,1,2,31,0,-3.316680922,122,63,4,1,1,0.224818283,0,10,15,5,30,0.387,-0.114,0.446,-0.438,1.604,1.57,1.709,1.688,22922.301,22428.001,24110.094,-1.038,-0.049,9.939,4.459,3.179686802,4.301734332,-1.12204753,0.17,-1.74,-0.12,-0.14,-0.01,-0.11,0.35,-0.37,2.725,5.989,3.112,2.979,1.591,2.047,2.406,-1.364,-0.954,-5.528,0.854,3.225,1.953,1.422,7,1,0,0,1,1,1,1,0,0,0,0.7174209558495652,1.1690231482715863,1.4560831508865404,1.6729291900874865,TP1,TP1,True,0.9701348952005294,0.0005638920840106942,0.015218828047952028,0.014082384667507776,5,46
T187,0,1,0,1.271,1,59,1,-1,1,1,3,18,0,-3.717039868,159,69,29,0,0,0.399803081,0,11,30,12,53,0.429,-0.283,0.346,-0.471,1.584,1.539,1.682,1.664,22630.398,21980.86,23773.649,-2.962,1.482,11.512,4.771,3.107285154,4.113504298,-1.006219144,-0.11,-1.62,-0.06,-0.14,-0.04,0.17,0.26,-0.13,0.29,5.44,3.375,2.972,2.515,2.28,2.535,0.49,-2.092,-1.443,1.005,2.632,1.672,1.37,4,1,0,0,1,1,1,1,0,0,0,-1.153431132331992,0.28500371429540783,1.0309885434199377,1.1265341549297019,TP1,TP1,True,0.9884059869162997,0.0013712128061769597,0.0084965802707081,0.0017262200068152813,5,46
T188,1,1,0,0.0,0,76,1,1,1,-1,2,60,4,-3.804741411,272,127,47,1,0,0.456585263,0,11,32,17,60,-0.572,-0.121,-0.519,-0.497,1.358,1.589,1.454,1.674,19406.281,22698.272,23909.996,-2.165,0.184,8.893,2.431,3.627961172,4.008441251,-0.380480079,-0.61,-1.12,-0.03,-0.13,-0.01,-1.05,-0.52,-1.85,-2.754,4.046,1.256,0.981,0.37,0.592,0.934,0.664,-1.553,-6.049,-0.559,1.148,0.289,1.213,4,1,0,0,0,0,1,0,0,1,0,3.5850960899485713,1.298364219748697,1.4187914227571243,1.2786106795401708,TP4,TP3,False,0.16365045581754759,0.018280254776420743,0.8139852632115226,0.0040840261945090505,5,46
T190,1,1,0,0.0,0,55,1,-1,1,-1,2,24,2,-3.103020701,553,226,160,0,1,0.254328117,0,8,15,7,30,0.425,-0.272,0.531,-0.517,1.638,1.558,1.757,1.674,23394.972,22256.71,23923.193,-0.209,1.305,10.191,5.215,3.1625986,4.797027108,-1.634428508,0.67,-2.76,-0.21,-0.17,-0.03,-0.14,0.25,1.04,2.264,6.559,4.619,3.332,3.256,3.061,3.556,1.365,-0.469,-2.0,1.645,4.115,2.795,1.226,4,1,0,0,0,0,1,0,0,1,0,-1.4940438192033012,-1.249050318975466,0.5954282463696973,0.8412250771087936,TP1,TP3,False,0.13802796323525493,0.001599215155553856,0.8525485756301832,0.007824245979008113,5,46
T193,0,0,0,2.062,2,48,1,1,1,-1,3,60,8,-3.696416533,118,41,20,0,1,0.210341122,0,12,22,18,52,-0.728,-0.472,-0.846,-0.472,1.154,1.471,1.114,1.668,16489.989,21012.215,23836.549,4.719,5.379,6.725,1.255,2.787236521,5.657549582,-2.870313061,-1.19,-0.14,0.03,-0.11,0.06,-3.18,-1.24,-2.18,-4.102,3.234,0.79,-0.584,0.0,-0.099,0.085,-1.063,-2.503,-7.403,-1.806,-0.296,-2.623,-1.681,7,0,1,1,0,1,1,1,0,0,0,2.1017036782411687,2.128137514144503,1.1310911773313759,1.5265505116882647,TP3,TP1,False,0.9459897879556577,0.036845384382969006,0.015171976285903966,0.001992851375469327,5,46
T196,1,1,0,0.0,0,58,1,1,1,1,3,43,8,-4.059252546,181,76,60,0,0,0.216415773,0,3,23,11,37,-0.788,0.302,-0.879,-0.302,1.046,1.64,1.048,1.708,14944.395,23435.887,24397.029,-1.659,7.454,9.53,-0.68,3.587597391,5.028907608,-1.441310217,-0.88,0.34,0.03,-0.03,0.07,-3.82,-2.31,-3.19,-3.942,1.989,-1.483,-2.627,-0.56,-1.133,0.858,0.656,-4.172,-7.366,-3.775,-2.282,-2.846,-0.746,7,0,1,1,0,1,1,1,0,0,0,1.291457401438985,1.1728616050832996,1.2245510241376754,2.3914029556545,TP2,TP1,False,0.9227393518094242,0.06976703644876146,0.006882447969461121,0.0006111637723531327,5,46
T197,0,0,0,1.543,2,62,1,1,1,-1,3,21,8,-4.506213774,103,36,17,1,0,0.168124561,0,2,4,0,6,-0.618,-0.592,-0.693,-0.672,1.227,1.445,1.193,1.612,17528.606,20637.722,23023.688,2.255,5.755,10.175,0.122,2.010624551,3.720853853,-1.710229302,0.01,-0.91,-0.06,-0.1,0.03,-3.08,-1.45,-3.33,-3.407,2.745,-2.761,-2.068,-2.075,-1.291,0.601,-2.698,-2.79,-5.148,-3.365,-1.98,-2.299,-1.321,7,1,0,0,1,1,1,1,0,0,0,-1.6811589261509745,3.0064288854046293,1.2692737812117911,1.787298557495142,TP1,TP1,True,0.9784077732348263,0.01709375113469085,0.0026312908028342952,0.0018671848276486263,5,46
T204,1,1,0,0.0,0,55,1,-1,1,-1,2,20,0,-3.924618631,559,228,130,0,0,0.511475517,0,5,17,2,24,-0.575,-0.025,-0.647,-0.282,1.293,1.568,1.387,1.682,18472.227,22401.564,24024.598,-2.2,4.629,10.484,1.847,2.963166789,4.910284202,-1.947117413,-0.84,-1.02,-0.04,-0.16,0.04,-2.27,-1.47,-2.24,-2.283,3.807,0.673,0.338,0.03,0.259,1.506,1.012,-3.613,-7.414,-1.234,0.951,-0.729,-0.038,7,1,0,0,1,1,1,1,0,0,0,-2.058003385655874,0.15561589367437545,0.5103163771008075,1.6402731441182072,TP1,TP1,True,0.8819176411359556,0.016203063015760234,0.07444589653411766,0.027433399314166527,5,46
T205,0,0,0,2.303,2,53,1,1,1,-1,3,15,3,-3.628473125,58,26,19,0,1,0.403673599,0,13,21,17,51,-0.662,-0.614,-0.813,-0.553,1.277,1.418,1.27,1.652,18247.675,20264.924,23596.227,4.332,4.792,9.439,2.474,2.608048068,4.396220439,-1.788172371,-1.05,-0.32,-0.02,-0.09,0.06,-2.62,-1.31,-1.71,0.202,4.587,1.449,1.1,-0.56,0.703,0.284,-0.015,-2.465,-4.813,-1.328,1.983,-0.163,-0.323,7,0,1,1,0,1,1,1,0,0,0,1.313619659265746,2.206455894224418,0.24619368595784386,0.3497110768924294,TP3,TP1,False,0.960318857519834,0.0030421800588988903,0.018319424873739835,0.018319537547527274,5,46
T206,0,1,0,1.331,1,55,1,1,1,-1,3,36,8,-4.640040532,125,50,9,0,1,0.276452734,0,4,23,15,42,-0.556,-0.388,-0.594,-0.566,1.332,1.501,1.34,1.63,19027.834,21447.797,23283.873,4.136,5.235,9.221,2.154,4.174804083,5.018694901,-0.843890818,-0.54,0.06,-0.06,0.09,0.0,-1.74,-0.37,-1.91,-2.553,5.178,1.168,0.69,1.001,1.017,3.066,4.663,-1.07,-5.223,-2.724,1.193,-0.807,2.359,4,1,0,0,0,0,1,0,0,1,0,1.7137104150684728,2.96700187358542,1.2674642299979295,0.5404835563675977,TP4,TP3,False,0.17626967165465499,0.03924841702243992,0.7839311883309236,0.0005507229919815923,5,46
T207,1,1,0,0.0,0,61,1,-1,1,1,3,97,0,-3.82360593,204,92,15,0,0,0.432253389,1,16,26,14,56,-0.251,0.457,-0.287,0.219,1.336,1.544,1.374,1.636,19081.872,22054.448,23379.901,-1.269,1.25,10.747,2.077,3.712787663,4.179430223,-0.466642561,-0.69,0.32,0.0,0.05,0.0,-1.72,-0.72,-1.81,-1.365,6.021,1.122,0.141,-2.686,-0.095,0.174,2.772,-2.379,-6.96,-1.658,1.897,0.228,3.049,7,1,0,0,1,1,1,1,0,0,0,1.190942060083252,0.25443708260037856,0.8625766884650492,1.0084672858595236,TP2,TP1,False,0.9389004557030818,0.043456367186989794,0.016827832086525288,0.0008153450234032287,5,46
T209,1,1,0,0.0,0,55,1,1,1,-1,3,60,5,-5.043132153,130,45,19,0,0,0.273259908,0,5,15,15,35,-0.76,-0.6,-0.887,-0.693,1.099,1.406,1.073,1.592,15705.013,20084.148,22747.69,1.89,1.915,10.439,1.061,2.575944427,4.372911687,-1.79696726,-0.41,-0.56,-0.02,-0.1,0.05,-3.54,-1.78,-2.2,-1.317,3.08,0.744,-0.269,-0.606,-0.115,0.699,-0.378,-3.93,-7.468,-1.616,-0.069,-2.423,0.282,7,1,0,0,1,1,1,1,0,0,0,-0.1678118775457187,0.6308966501865366,1.0175828828898488,1.3125875197804284,TP1,TP1,True,0.9367716661010607,0.033007344976889896,0.027000996316985753,0.003219992605063775,5,46
T210,1,1,0,0.0,0,48,1,1,1,-1,2,23,3,-4.298068302,83,39,32,1,0,0.065527027,0,1,5,0,6,-0.807,-0.458,-0.872,-0.517,0.954,1.449,0.912,1.621,13624.828,20705.247,23153.23,1.484,2.966,11.224,-0.648,3.411614752,4.3587682,-0.947153448,-1.32,0.85,0.03,0.06,0.05,-3.65,-2.04,-3.19,-3.982,2.626,-1.455,-1.739,-1.935,-0.597,0.752,0.954,-3.924,-6.889,-5.785,-2.009,-2.326,0.379,7,1,0,0,1,1,1,1,0,0,0,0.05666968118941673,2.5326950951906246,0.2828896408605853,1.1674716374266154,TP1,TP1,True,0.9450775527692238,0.030725986437575643,0.01693939879963946,0.007257061993561145,5,46
T213,1,1,0,0.0,0,50,1,-1,1,1,3,18,0,-2.79471863,87,47,7,1,1,0.296527441,1,6,20,13,39,-0.503,-0.396,-0.644,-0.501,1.384,1.541,1.394,1.672,19773.538,22018.09,23886.701,-1.261,0.264,9.827,1.591,3.246470374,3.103918841,0.142551533,0.04,-1.01,-0.01,-0.14,0.0,-2.15,-0.55,-2.17,-0.059,3.478,0.779,0.091,-1.009,0.235,0.888,0.037,-1.245,-4.459,-1.575,1.141,-0.151,1.723,7,1,0,0,1,1,1,1,0,0,0,-1.7476807393424598,2.4551792622852844,0.9130183119948564,0.77729729756481,TP1,TP1,True,0.9181550188166345,0.0012360205325732583,0.007259406096414255,0.07334955455437803,5,46
T215,1,1,0,0.0,0,33,1,-1,1,-1,3,29,0,-3.501901475,196,86,87,0,0,0.581378073,0,22,37,23,82,0.009,0.161,-0.11,-0.462,1.517,1.641,1.577,1.691,21675.333,23451.147,24159.382,0.424,1.154,8.789,3.132,4.180658851,3.634218203,0.546440648,-0.62,-0.9,0.0,-0.08,-0.04,-0.16,0.55,-0.93,0.068,4.619,2.441,2.071,0.271,1.45,1.748,-1.402,-1.679,-2.223,0.424,2.102,1.492,1.648,7,1,0,0,1,1,1,1,0,0,0,-1.5874456152678458,0.7587549793996975,-0.7616404797828992,-0.6125800414736168,TP1,TP1,True,0.9718339137567756,0.015335682689260655,0.011775762833728722,0.0010546407202349888,5,46
T217,0,1,0,1.004,1,61,1,1,1,-1,2,25,7,-3.651364875,177,74,67,1,0,0.292553961,0,9,17,6,32,0.277,-0.249,-0.098,-0.576,1.558,1.545,1.568,1.643,22261.026,22077.442,23472.801,3.884,6.85,9.492,3.377,3.483856926,4.852187651,-1.368330725,0.09,-1.97,-0.14,-0.12,-0.03,-0.91,-0.17,-1.29,1.893,5.626,2.007,1.88,1.232,1.417,3.399,1.643,-1.941,-3.86,0.218,2.812,1.383,2.589,7,1,0,0,1,1,1,1,0,0,0,0.2365862925953761,1.948986136259232,1.3308063229762244,1.3726826242618966,TP1,TP1,True,0.9065936348614103,0.028739200852163218,0.06458337692948257,8.378735694402957e-05,5,46
T218,0,0,0,3.072,2,40,1,1,1,1,3,34,8,-3.607653008,67,33,11,1,1,0.252727084,0,9,13,6,28,-0.613,-0.409,-0.698,-0.492,1.312,1.51,1.328,1.665,18738.522,21566.504,23793.166,3.272,6.405,5.784,1.321,3.205838073,4.825693524,-1.619855451,-0.89,-0.25,-0.02,-0.03,0.01,-1.44,-1.06,-2.18,-2.634,4.083,0.702,0.332,-0.919,0.15,1.591,1.377,-2.838,-5.677,-0.463,0.54,-0.604,0.146,7,1,0,0,1,1,1,1,0,0,0,1.4121215388453043,4.278587399962717,2.4764632859854268,2.904661020576062,TP1,TP1,True,0.959642442257325,0.030756596601999187,0.003648361379957896,0.005952599760717935,5,46
