Trial.ID,resp.pCR,resp.Chemosensitive,resp.Chemoresistant,RCB.score,RCB.category,Age.at.diagnosis,Histology,ER.status,HER2.status,LN.at.diagnosis,Grade.pre.chemotherapy,Size.at.diagnosis,ER.Allred,median_lymph_KDE_knn_50,All.TMB,Coding.TMB,Expressed.NAg,CodingMuts.PIK3CA,CodingMuts.TP53,CIN.Prop,HLA.LOH,HRD.LOH,HRD.TelomericAI,HRD.LST,HRD.sum,STAT1.gsva,GGI.gsva,GEP.gsva,ESC.gsva,STAT1.ssgsea.norm,GGI.ssgsea.norm,GEP.ssgsea.norm,ESC.ssgsea.norm,STAT1.ssgsea.notnorm,GGI.ssgsea.notnorm,ESC.ssgsea.notnorm,PGR.log2.tpm,ESR1.log2.tpm,ERBB2.log2.tpm,CytScore.log2,Swanton.MitosisScore,Swanton.CeramideScore,Swanton.PaclitaxelScore,TIDE.Dysfunction,TIDE.Exclusion,TIDE.MDSC,TIDE.CAF,TIDE.TAM.M2,TIDE.IFNG,TIDE.CD274,TIDE.CD8,Danaher.B.cells,Danaher.CD45,Danaher.CD8.T.cells,Danaher.Cytotoxic.cells,Danaher.DC,Danaher.Exhausted.CD8,Danaher.Macrophages,Danaher.Mast.cells,Danaher.Neutrophils,Danaher.NK.CD56dim.cells,Danaher.NK.cells,Danaher.T.cells,Danaher.Th1.cells,Danaher.Treg,Chemo.NumCycles,Chemo.first.Taxane,Chemo.first.Anthracycline,Chemo.second.Taxane,Chemo.second.Anthracycline,Chemo.any.Anthracycline,Chemo.any.antiHER2,TP1,TP2,TP3,TP4,TP1,TP2,TP3,TP4,REC_TP,CURRENT_TP,FOLLOW_REC,PROP_TP1,PROP_TP2,PROP_TP3,PROP_TP4,Run,Seed
T177,0,1,0,1.014,1,49,1,1,-1,-1,3,35,8,-3.842312436,146,89,26,0,0,0.319808818,0,9,30,19,58,-0.588,-0.291,-0.724,-0.555,1.255,1.551,1.235,1.645,17931.089,22165.373,23502.919,4.198,6.027,6.08,0.975,3.34557227,3.944710554,-0.599138283,-0.61,-0.24,-0.02,-0.01,0.02,-2.17,-0.78,-2.45,-5.092,3.339,0.035,-1.346,-0.443,-0.361,1.77,0.707,-2.512,-5.931,-3.464,-0.551,-1.288,0.268,7,1,0,0,1,1,0,0,1,0,0,0.8525752,1.1048781,0.6298057,1.2389514,TP3,TP2,False,0.021232575782677687,0.9743833133691613,0.0039039727951941075,0.0004801380529670189,1,42
T179,1,1,0,0.0,0,57,1,1,-1,1,3,12,6,-3.491669617,67,23,15,0,1,0.52915936,0,5,19,11,35,0.622,0.48,0.636,0.222,1.67,1.691,1.766,1.746,23865.905,24164.468,24943.247,-3.106,2.85,5.02,5.209,4.831343569,3.820626177,1.010717392,-0.57,-1.65,-0.06,-0.16,-0.04,0.86,0.82,0.12,1.779,6.099,3.633,3.574,1.987,2.64,2.984,-1.379,-0.533,-2.572,1.284,3.475,2.633,1.889,6,1,0,0,1,1,0,0,1,0,0,0.82704836,1.0571966,1.530107,0.8235849,TP4,TP2,False,0.032488473013476876,0.8597643392301858,0.006125071216097803,0.10162211654023938,1,42
T182,0,1,0,1.102,1,39,1,1,-1,-1,3,29,8,-3.451055872,49,20,56,0,0,0.195487734,0,7,10,7,24,-0.63,0.133,-0.652,-0.431,1.324,1.61,1.403,1.703,18915.927,23007.751,24335.642,1.658,6.325,6.024,1.64,3.220976545,3.721792269,-0.500815723,-0.66,-0.25,0.01,-0.08,0.04,-2.15,-1.15,-2.17,-2.064,3.372,0.773,0.01,-1.038,-0.423,0.247,-0.723,-3.789,-7.113,-1.512,0.109,-0.482,-1.056,6,1,0,0,1,1,0,0,1,0,0,1.0007769,1.6025895,0.4843256,1.9152403,TP3,TP2,False,0.01228327711067576,0.9847006436069372,9.435668527701825e-05,0.0029217225971099434,1,42
T183,0,0,0,3.093,2,58,1,1,-1,1,3,59,8,-3.944314469,361,155,62,0,0,0.311916754,1,8,24,11,43,-0.686,0.065,-0.798,-0.486,1.144,1.62,1.066,1.689,16346.261,23149.843,24133.836,-1.417,7.011,6.592,-0.283,3.029618327,4.382125851,-1.352507523,-0.76,-0.53,0.02,-0.13,0.05,-3.55,-2.07,-3.21,-5.882,1.792,-1.697,-2.773,-1.488,-1.447,-0.037,-1.146,-3.648,-7.564,-5.692,-1.957,-3.832,-1.889,6,1,0,0,1,1,0,0,1,0,0,2.0937786,3.4107356,1.8473182,4.0239515,TP3,TP2,False,0.05450520113871494,0.9435319246944985,0.0005747938815394214,0.0013880802852470817,1,42
T184,0,0,0,1.41,2,53,1,-1,-1,1,3,43,0,-3.837849823,275,111,59,1,0,0.509950682,0,14,27,25,66,-0.579,0.446,-0.637,0.098,1.152,1.627,1.215,1.666,16457.168,23248.185,23801.602,-3.304,-0.406,6.643,0.55,4.597681093,3.731863168,0.865817925,-0.8,-0.44,0.06,-0.15,0.02,-3.53,-2.17,-2.4,-2.307,4.466,-0.389,-2.515,-2.602,-1.952,-1.697,-0.588,-3.644,-7.557,-2.287,1.571,-2.22,0.068,4,1,0,0,0,0,0,0,0,0,1,0.93685234,1.3334547,0.8869144,1.737459,TP3,TP4,False,0.06145879366536031,0.04465100558252133,0.0016964558591691175,0.8921937448929492,1,42
T189,0,0,1,3.395,3,39,1,1,-1,1,3,52,8,-3.853311033,840,342,137,0,0,0.333798182,0,11,13,8,32,0.036,-0.555,0.228,-0.655,1.522,1.434,1.626,1.603,21741.694,20487.338,22906.097,0.138,0.588,4.384,3.2,2.873665562,4.541716136,-1.668050574,0.24,-0.51,-0.11,0.12,-0.06,0.27,0.65,-1.44,-2.124,5.444,1.82,1.456,3.174,1.581,2.639,1.025,-1.563,-3.97,-0.343,2.218,0.813,2.215,6,1,0,0,1,1,0,0,1,0,0,0.64634085,1.5520416,1.0855227,1.6543956,TP1,TP2,False,0.003074014115615135,0.9484558986306323,0.025269903938713183,0.02320018331503942,1,42
T191,0,0,1,3.536,3,60,0,1,-1,1,2,58,8,-3.834474131,232,103,53,0,0,0.357497927,0,8,27,25,60,0.407,-0.457,0.652,-0.557,1.639,1.506,1.825,1.652,23413.105,21510.549,23607.102,3.383,5.232,5.69,5.582,2.892490145,4.846769618,-1.954279473,0.55,-3.33,-0.26,-0.13,-0.1,0.88,2.08,0.66,0.931,6.76,4.223,3.835,4.867,3.277,3.897,4.742,-0.374,-1.138,1.529,3.639,2.826,0.467,7,0,1,1,0,1,1,1,0,0,0,1.7469869,2.5614784,2.71743,2.0207386,TP1,TP1,True,0.8111593657594194,0.13165072440057504,0.05621915096897369,0.0009707588710319841,1,42
T192,0,0,0,1.5,2,32,1,1,-1,1,3,27,8,-3.445286445,113,50,14,0,0,0.252283258,0,10,11,10,31,-0.642,0.194,-0.764,-0.403,1.301,1.598,1.291,1.682,18583.736,22832.593,24028.632,3.552,5.56,5.223,1.274,3.411623701,4.544771343,-1.133147642,-0.77,0.09,0.0,-0.02,0.05,-2.45,-1.49,-2.44,-1.741,3.457,0.277,0.123,-1.075,-0.103,-0.649,1.624,-4.221,-5.828,-0.645,0.487,-1.219,-0.051,6,0,1,1,0,1,0,0,1,0,0,1.2210318,2.0173347,0.66535366,2.4237876,TP3,TP2,False,0.07284283819101983,0.9158558910214883,9.209967179227392e-05,0.011209171115699487,1,42
T194,0,0,0,3.061,2,43,1,1,-1,1,3,50,8,-3.931041192,82,33,28,0,1,0.350404122,0,8,15,4,27,-0.193,0.075,-0.55,-0.3,1.391,1.587,1.305,1.683,19870.835,22676.92,24048.918,3.708,5.989,6.478,0.321,3.853877012,5.083187852,-1.22931084,-1.26,-1.09,0.01,-0.15,-0.02,-1.17,1.13,-3.03,-5.391,2.981,-1.028,-1.312,-2.736,-0.841,-0.725,-0.087,-3.823,-6.59,-2.104,-1.595,-2.591,-1.575,7,1,0,0,1,1,1,1,0,0,0,1.4677122,2.1793156,1.0819616,2.5883977,TP3,TP1,False,0.8447981926660724,0.15468210024472095,0.00010904714244680799,0.0004106599467598218,1,42
T195,0,1,0,1.341,1,74,1,-1,-1,-1,3,40,0,-3.711672496,379,183,60,1,1,0.44612918,0,8,24,14,46,-0.416,0.627,-0.385,0.415,1.342,1.699,1.431,1.718,19178.35,24278.264,24550.719,-3.826,-0.787,5.562,2.152,4.726718604,4.114715864,0.61200274,-1.19,-0.43,0.03,-0.11,0.02,-1.48,-1.3,-2.04,-0.756,5.07,0.643,0.512,1.084,1.141,-1.19,0.153,-3.927,-0.872,0.344,1.927,-0.388,1.777,4,1,0,0,0,0,0,0,0,0,1,0.52766764,0.9342559,0.7721758,1.0955191,TP1,TP4,False,0.0011108688422553936,0.10709804068266704,0.015175119352446996,0.8766159711226306,1,42
T198,1,1,0,0.0,0,63,1,-1,-1,1,3,8,0,-3.412114954,174,80,76,0,1,0.690270867,0,8,20,8,36,0.409,0.185,0.343,-0.374,1.604,1.619,1.714,1.704,22917.31,23127.291,24341.382,-4.266,0.127,4.583,4.244,3.714560439,4.01301383,-0.298453391,-0.08,-1.42,-0.05,-0.14,-0.03,0.51,1.16,-0.78,1.083,5.587,2.61,2.925,3.486,2.441,2.717,-0.051,0.073,-2.753,0.38,2.684,1.783,1.261,4,1,0,0,0,0,0,0,0,0,1,0.36798346,0.6462757,0.84867775,0.60222155,TP1,TP4,False,0.022774207677857938,0.1121837809123205,0.00718661261245556,0.857855398797366,1,42
T200,0,0,0,3.08,2,73,1,1,-1,1,3,18,4,-3.378179938,109,48,12,0,1,0.414165569,0,12,16,6,34,-0.521,-0.513,-0.615,-0.653,1.391,1.578,1.443,1.672,19873.472,22543.163,23885.957,-4.192,-0.692,3.382,2.085,2.446839077,3.315522604,-0.868683527,0.7,-1.87,-0.05,-0.2,-0.03,-2.51,-0.69,-2.71,-1.082,2.302,-0.19,0.286,0.154,0.283,0.143,-3.54,0.862,-6.976,-4.203,-0.86,-0.907,1.111,3,1,0,0,0,0,0,0,0,0,1,0.69448906,1.0566856,1.038831,1.0779433,TP1,TP4,False,0.005649278000089929,0.10124387773210096,0.0018975614142620785,0.8912092828535471,1,42
T201,1,1,0,0.0,0,55,1,-1,-1,-1,3,10,0,-4.262156726,219,84,43,0,1,0.705949115,1,9,28,23,60,-0.657,-0.332,-0.679,-0.574,1.268,1.575,1.354,1.672,18122.095,22500.731,23892.775,-2.348,-1.599,4.608,2.481,3.422970924,2.890560758,0.532410166,-0.38,-0.14,-0.01,0.0,0.0,-2.28,-1.15,-1.69,-4.6,3.283,1.463,0.955,-2.815,0.821,0.875,-1.232,-2.072,-7.095,-2.292,0.47,-0.955,0.019,3,1,0,0,0,0,0,0,0,0,1,0.51185256,0.46522802,0.93131375,0.37131268,TP4,TP4,True,0.002849457322772825,0.1462212263727554,0.007917497106756774,0.843011819197715,1,42
T203,0,0,0,3.151,2,48,0,1,-1,-1,3,35,8,-4.293275778,53,25,15,0,0,0.099216303,0,3,8,4,15,-0.711,-0.461,-0.887,-0.532,1.039,1.531,0.973,1.662,14847.423,21872.203,23748.589,2.915,7.069,5.841,-0.727,2.58363052,5.02211762,-2.4384871,-1.03,-0.75,0.02,-0.19,0.06,-4.11,-2.14,-3.42,-7.498,0.37,-3.051,-2.468,-4.809,-2.042,-1.627,0.003,-6.429,-7.947,-6.221,-2.895,-3.847,-3.098,6,1,0,0,1,1,0,0,1,0,0,2.9785275,4.6120906,1.9465911,5.244476,TP3,TP2,False,0.10158802977932119,0.8908074351021453,1.5236149155526508e-05,0.007589298969377827,1,42
T208,1,1,0,0.0,0,53,1,1,-1,-1,3,45,4,-4.506024837,158,69,40,0,1,0.527670676,1,18,27,25,70,0.077,0.415,-0.181,0.131,1.503,1.664,1.533,1.742,21474.115,23769.645,24884.84,-2.607,1.929,5.998,3.142,4.898400311,4.71739267,0.181007641,-1.47,0.02,0.09,-0.03,-0.06,0.47,0.51,-1.56,-0.791,5.082,1.609,2.127,1.802,1.622,2.273,-0.775,-0.482,-3.697,0.454,1.877,1.049,1.747,7,0,1,1,0,1,0,0,1,0,0,0.55909467,0.61029476,0.9883096,0.45004562,TP4,TP2,False,0.011189502660708851,0.9806639297991843,0.006515272880627839,0.001631294659479175,1,42
T211,1,1,0,0.0,0,49,0,1,-1,-1,3,32,4,-3.263202088,87,37,15,0,1,0.166424472,0,5,15,9,29,0.418,-0.517,0.559,-0.635,1.725,1.456,1.861,1.602,24646.875,20807.214,22894.64,-0.068,2.818,5.355,6.836,3.512646818,4.900744087,-1.388097269,1.12,-2.41,-0.2,-0.09,-0.07,1.3,2.19,1.21,3.182,7.282,4.786,5.544,4.213,4.179,3.766,1.974,0.49,-0.681,3.395,4.703,4.068,3.763,6,1,0,0,1,1,0,0,1,0,0,1.5323212,2.4577708,2.9799032,2.003527,TP1,TP2,False,0.041972826582414025,0.8197897939780546,0.04045428265426632,0.09778309678526499,1,42
T212,0,0,0,1.482,2,74,1,-1,-1,-1,3,26,0,-4.04021842,140,65,28,1,0,0.221599854,0,9,20,6,35,-0.731,0.017,-0.855,-0.327,1.174,1.54,1.062,1.666,16776.111,21996.516,23801.182,0.158,1.274,7.88,1.188,4.208137362,4.943526725,-0.735389363,-1.43,0.18,0.04,-0.01,0.0,-2.38,-0.65,-2.27,-4.091,3.86,0.658,-0.333,-1.628,-0.225,1.389,0.256,-0.56,-7.358,-1.248,-0.129,-1.109,1.131,6,1,0,0,1,1,0,0,1,0,0,0.6676088,1.3202217,1.1593866,1.3175354,TP1,TP2,False,0.04987817030067989,0.802317516173239,0.028440233350722155,0.1193640801753591,1,42
T214,0,0,0,1.611,2,72,1,-1,-1,-1,3,50,0,-3.955823426,159,70,23,0,1,0.410079347,0,10,31,14,55,-0.719,-0.225,-0.812,-0.453,1.11,1.562,1.103,1.678,15853.496,22312.77,23972.056,-0.836,1.118,5.337,0.089,2.949051287,2.954778891,-0.005727604,-1.36,0.23,0.07,-0.07,0.04,-2.83,-1.54,-2.7,-3.842,1.915,-0.137,-1.365,0.328,0.008,-0.459,-2.917,-4.875,-7.222,-2.84,-1.292,-0.83,-0.428,6,1,0,0,1,1,0,0,1,0,0,0.9966128,1.5093578,1.3058531,1.7626004,TP1,TP2,False,0.015791589994683736,0.8319701505534759,0.004759871516085866,0.14747838793575455,1,42
T216,0,0,1,3.706,3,50,1,1,-1,1,3,108,8,-3.66600874,340,134,111,0,1,0.376794378,0,5,3,5,13,0.359,-0.68,-0.153,-0.682,1.57,1.395,1.572,1.609,22424.983,19930.444,22993.451,6.222,4.476,4.641,3.338,2.017332247,4.401735057,-2.38440281,0.16,-1.43,-0.11,-0.08,-0.02,-1.02,-0.24,-1.16,1.195,5.188,2.178,1.267,-0.064,1.312,0.808,1.392,-1.973,-5.25,-0.19,2.636,1.257,1.323,6,1,0,0,1,1,0,0,1,0,0,1.3881708,2.5442185,1.6324558,2.637891,TP1,TP2,False,0.04512596212753852,0.9321743092240296,0.006250554542305506,0.01644917410612655,1,42
A002,0,0,0,4.381,3,57,1,1,-1,1,3,70,8,-3.967478,262,134,60,0,0,0.261300406,1,3,9,4,16,0.588,0.624,0.637,0.314,2.055,2.194,2.221,2.284,22059.99,23555.511,24517.194,1.619,6.752,6.59,4.086,4.042607109,4.265593169,-0.22298606,0.06,-1.16,0.03,-0.19,-0.02,0.05,-0.41,-0.41,-0.484,4.019,3.131,2.863,1.85,1.91,2.937,3.127,0.469,-1.213,0.896,2.65,1.594,4.069,6,1,0,0,1,1,0,0,1,0,0,1.3435943,1.8002754,2.1127107,1.3992283,TP1,TP2,False,1.9034306838794178e-05,0.9999463597475374,2.4531297062595455e-05,1.0074648561142919e-05,1,42
A004,0,0,0,2.865,2,45,1,1,-1,1,2,44,8,-7.0739864,33,19,0,1,0,0.146476691,0,5,6,0,11,-0.077,-0.732,0.129,-0.603,1.894,1.572,2.048,2.109,20331.419,16870.777,22634.52,1.807,3.317,5.124,3.74,0.829679163,4.501917816,-3.672238653,0.17,1.96,-0.05,0.33,0.04,-1.61,-0.53,-0.3,-0.785,4.554,3.266,2.446,2.62,1.88,3.462,3.631,0.635,-5.597,-1.253,2.288,0.606,1.288,6,1,0,0,1,1,0,0,1,0,0,2.128914,2.6399612,1.4340763,2.3245053,TP3,TP2,False,0.0005272917532570056,0.9463606023992065,0.0015811222823785942,0.05153098356515794,1,42
A005,1,0,0,0.0,0,27,1,1,-1,1,3,51,4,-3.5832833,269,138,68,0,1,0.507686998,1,21,35,30,86,0.672,0.582,0.664,0.499,2.233,2.252,2.367,2.346,23970.414,24177.888,25181.154,-2.354,-0.308,5.327,5.618,5.043276825,4.346703404,0.696573421,-0.59,-1.26,0.08,-0.19,-0.1,1.87,2.0,0.66,2.234,5.09,4.284,4.522,1.37,3.308,3.098,0.665,-0.468,-1.237,2.998,3.48,2.867,4.362,6,1,0,0,1,1,0,0,1,0,0,1.1281788,1.060018,1.5849121,0.75037956,TP4,TP2,False,0.004558141264881507,0.9926745846836261,0.001277108660742237,0.0014901653907500871,1,42
A007,0,0,0,2.722,2,40,1,1,-1,1,2,21,7,-6.827391,49,29,12,1,0,0.123499002,0,4,6,2,12,-0.034,-0.656,0.229,-0.339,1.923,1.755,2.08,2.186,20639.638,18835.798,23461.553,4.063,3.608,5.134,4.029,1.474393935,3.850658318,-2.376264384,0.57,-0.05,-0.04,-0.03,0.08,-1.33,-1.33,-0.38,-1.654,3.819,3.175,2.329,3.512,1.42,2.79,4.783,-0.048,-2.732,0.083,2.4,0.577,2.162,6,1,0,0,1,1,0,0,1,0,0,1.3821694,1.9665543,1.2438235,1.7049335,TP3,TP2,False,0.0006538635768266298,0.9383514217877952,0.0008570707919268235,0.060137643843451376,1,42
A010,1,0,0,0.0,0,42,1,1,-1,-1,3,22,8,-4.2699236,136,64,38,1,1,0.291685107,0,8,14,8,30,0.225,0.171,0.481,-0.197,2.001,2.047,2.192,2.256,21483.666,21976.766,24218.342,4.223,5.166,5.367,3.912,3.913295771,4.082472133,-0.169176363,-0.45,-0.24,0.04,-0.06,0.0,0.55,-0.08,-0.59,-0.419,4.274,2.913,2.702,2.913,1.724,2.535,3.853,-1.428,-3.286,0.551,2.683,1.194,4.097,6,1,0,0,1,1,0,0,1,0,0,0.94532967,1.0974808,1.427177,0.8441553,TP4,TP2,False,0.00010790124714702157,0.9967967709324833,0.0007874860724551046,0.0023078417479145577,1,42
A012,0,0,0,1.185,1,48,1,1,-1,-1,3,56,8,-3.594931,132,69,19,0,0,0.352518589,0,13,29,12,54,0.638,0.562,0.712,0.444,2.207,2.222,2.414,2.34,23693.915,23851.88,25119.744,3.949,5.457,5.02,6.064,4.46376819,4.559770293,-0.096002103,-0.1,-2.02,0.03,-0.31,-0.02,1.65,1.16,1.18,2.174,4.939,4.838,4.828,3.694,3.472,2.594,0.941,-0.391,-1.044,2.836,4.216,3.131,4.411,6,1,0,0,1,1,0,0,1,0,0,1.4473271,1.7239348,2.5889056,1.3194422,TP4,TP2,False,3.720967677918759e-05,0.9999185255756716,3.889304119212245e-05,5.371706357106277e-06,1,42
A014,0,0,0,3.677,3,63,0,1,-1,1,2,47,8,-5.0733694,25,21,22,0,0,0.162486057,0,5,8,1,14,-0.116,-0.503,-0.497,-0.62,1.914,1.836,2.021,2.174,20549.555,19703.476,23333.628,-0.835,7.804,5.688,3.354,1.898142253,4.995984077,-3.097841824,-0.34,-1.3,-0.01,-0.2,0.03,-1.19,-0.78,-0.81,-1.346,3.22,2.688,1.759,0.429,1.122,0.97,3.7,-3.504,-5.122,0.193,1.599,-0.038,0.907,6,1,0,0,1,1,0,0,1,0,0,2.285124,3.3749034,1.7561187,3.3381467,TP3,TP2,False,0.010010404405884707,0.965395020197029,0.00012200727297266909,0.024472568124113667,1,42
A017,0,0,0,1.625,2,57,1,1,-1,-1,3,26,8,-4.859264,116,65,47,0,1,0.338163615,0,9,15,5,29,-0.415,0.187,-0.392,-0.117,1.821,2.035,1.957,2.23,19545.062,21842.44,23940.294,3.885,7.253,5.896,2.105,3.664123247,4.430635574,-0.766512327,-0.59,0.35,0.08,-0.03,0.0,-0.29,-0.65,-1.84,-1.639,3.381,1.361,1.106,1.443,1.05,2.024,4.886,-0.092,-4.456,-0.546,0.819,0.076,2.591,6,1,0,0,1,1,0,0,1,0,0,0.68440104,0.87673944,0.9312109,0.7003329,TP1,TP2,False,9.147248701905224e-05,0.998507501448306,0.000816519891142918,0.000584506173532005,1,42
A023,0,0,0,1.073,1,47,1,1,-1,-1,3,34,8,-3.4648956,92,58,27,0,0,0.431404706,0,14,28,21,63,0.126,0.259,0.372,0.021,1.988,2.064,2.136,2.268,21341.057,22157.625,24345.681,1.082,6.057,7.26,4.004,3.729377229,5.301504943,-1.572127714,-0.62,0.37,0.08,-0.03,0.01,0.13,-0.18,0.24,0.834,4.62,3.852,2.917,0.655,2.118,2.017,3.78,-0.268,-2.874,0.806,3.033,1.232,3.098,6,1,0,0,1,1,0,0,1,0,0,0.81388414,0.75913817,0.945493,0.63818526,TP4,TP2,False,0.0005200637723808516,0.9978933023391348,0.0009633239782079012,0.0006233099102764721,1,42
A042,0,0,0,0.946,1,50,0,-1,-1,-1,3,22,0,-4.407352,32,17,7,1,0,0.511694128,1,3,10,2,15,0.102,0.444,0.418,0.458,1.965,2.163,2.152,2.314,21088.277,23216.108,24841.633,-1.245,-0.583,3.392,4.05,4.559614381,4.477975082,0.081639299,-0.69,1.23,0.08,0.12,-0.01,-0.23,0.79,-1.02,-2.637,4.471,2.43,2.775,4.119,2.143,4.053,7.261,-2.101,-3.923,1.539,1.54,0.674,2.907,6,1,0,0,1,1,0,0,1,0,0,0.9229928,1.091976,1.2130792,0.82523906,TP4,TP2,False,5.568873929445225e-06,0.9979931213617698,5.915585236874488e-06,0.001995394179063917,1,42
A057,0,0,0,1.518,2,54,1,1,-1,1,2,32,8,-3.2928437,25,14,10,0,0,0.153638526,0,2,3,0,5,-0.312,-0.316,-0.623,0.201,1.858,1.959,1.942,2.251,19944.942,21025.657,24159.55,5.598,4.668,5.78,2.991,2.479851189,3.828840618,-1.348989429,-0.54,-0.89,-0.03,-0.19,0.09,-1.74,-1.63,-1.59,-0.26,3.726,1.733,1.848,1.77,0.548,3.563,1.728,-1.432,-4.827,-0.038,1.396,1.691,0.346,6,1,0,0,1,1,0,0,1,0,0,1.5868604,2.402102,0.9925262,2.527192,TP3,TP2,False,0.0026667325537049814,0.992785316458804,0.00010786447298409309,0.004440086514507037,1,42
A067,0,0,0,2.926,2,39,1,1,-1,1,3,33,7,-3.7422008,76,41,39,0,0,0.2613614,0,2,14,0,16,-0.37,-0.248,-0.502,-0.329,1.849,1.938,1.916,2.198,19843.0,20804.509,23598.013,3.612,6.037,7.389,2.778,2.870601405,6.16264448,-3.292043075,-0.74,-0.66,0.05,-0.16,0.02,-1.25,-0.62,-0.55,-0.548,3.503,2.981,1.797,1.006,0.925,1.421,3.558,-1.62,-6.283,0.126,1.781,0.338,2.341,6,1,0,0,1,1,0,0,1,0,0,1.3002777,1.9963908,1.1060915,1.9919324,TP3,TP2,False,0.014925896982788482,0.9782873897035375,0.00023076639422041608,0.006555946919453714,1,42
A102,0,0,0,3.772,3,49,1,1,-1,1,3,39,7,-3.557008,110,59,23,1,1,0.389188076,0,11,13,8,32,0.408,0.515,0.494,0.465,2.032,2.16,2.171,2.314,21816.038,23185.861,24836.315,1.47,3.127,5.61,3.706,3.820032491,4.353574721,-0.53354223,-0.91,-0.6,0.05,-0.2,0.05,0.04,-0.22,-0.51,1.621,4.778,3.023,2.941,4.273,1.976,2.364,5.029,-2.124,-2.306,1.201,2.962,1.178,3.156,6,1,0,0,1,1,0,0,1,0,0,1.2854662,1.366113,1.4926271,1.0623149,TP4,TP2,False,0.001447207578477472,0.9748416374618153,0.0006748432294995337,0.023036311730207683,1,42
A149,0,0,0,3.128,2,50,1,1,-1,1,2,44,8,-3.658615,87,41,8,1,0,0.301982012,0,3,6,0,9,-0.36,-0.68,-0.343,-0.437,1.857,1.676,1.991,2.158,19934.927,17995.343,23163.217,3.459,6.832,6.902,2.941,1.21228227,4.427390079,-3.215107809,-0.32,0.82,-0.02,0.11,0.05,-1.31,-0.88,-0.79,-0.324,4.17,2.711,1.814,1.802,1.177,2.951,5.097,-1.109,-4.129,-0.338,2.071,0.737,1.16,6,1,0,0,1,1,0,0,1,0,0,1.7832692,2.4147,1.1043698,2.2482736,TP3,TP2,False,0.00978016831135895,0.9546091482758221,0.0015897406318232715,0.03402094278099572,1,42
A248,0,0,0,1.141,1,48,1,1,-1,-1,3,36,5,-3.77829,105,54,18,0,1,0.396386059,0,6,19,7,32,0.504,0.662,0.616,0.589,2.126,2.305,2.283,2.394,22823.283,24743.133,25694.975,-2.923,1.812,5.371,4.966,5.179385861,2.780366264,2.399019597,-0.81,-1.06,0.08,-0.24,-0.01,1.03,0.25,-0.37,1.313,4.466,3.175,3.344,3.149,2.487,2.58,-0.585,-0.541,-2.228,1.164,3.243,1.951,3.975,6,1,0,0,1,1,0,0,1,0,0,1.29662,1.1062711,1.518625,0.8123013,TP4,TP2,False,1.885008701377932e-05,0.9964911604761938,0.00019351818784212903,0.0032964712489503794,1,42
A253,0,0,0,1.788,2,49,1,1,-1,1,2,25,7,-3.929318,19,12,10,0,0,0.373339895,0,9,6,2,17,0.614,-0.446,0.783,-0.357,2.234,1.895,2.397,2.213,23976.471,20346.268,23755.721,1.319,2.981,5.147,6.286,3.048211354,4.567470736,-1.519259382,0.92,-1.53,-0.09,-0.13,0.0,1.42,0.48,1.92,3.459,6.291,5.598,4.777,3.301,3.636,3.339,4.343,0.2,-3.541,2.343,5.024,2.988,3.72,6,1,0,0,1,1,0,0,1,0,0,1.442987,2.212443,2.5473318,1.8101203,TP1,TP2,False,0.0009628952671130233,0.9904213045958689,0.0006880878341114226,0.00792771230290667,1,42
A280,0,0,0,3.366,3,46,1,1,-1,1,2,56,8,-3.8205074,113,60,24,0,0,0.140250641,0,4,4,1,9,-0.629,-0.069,-0.671,-0.221,1.794,1.997,1.889,2.241,19255.948,21433.542,24054.313,6.312,6.82,6.869,2.746,2.985221288,5.090291771,-2.105070484,-1.08,0.89,0.09,-0.02,0.08,-1.87,-1.37,-0.9,-0.756,3.746,2.577,1.439,1.206,0.636,2.038,4.778,-3.53,-5.222,-1.159,1.622,-0.403,1.815,6,1,0,0,1,1,0,0,1,0,0,1.7527727,2.654749,0.95303285,2.889654,TP3,TP2,False,0.0007513066023033829,0.9987156244108566,8.141933585987213e-05,0.00045164965098009187,1,42
A292,0,0,0,1.696,2,49,1,1,-1,-1,2,58,8,-3.6879086,29,17,18,0,0,0.250253873,0,1,6,0,7,-0.727,-0.769,-0.83,-0.687,1.565,1.472,1.593,2.103,16795.469,15804.31,22570.398,4.795,5.526,5.782,0.398,0.014029768,4.129527116,-4.115497348,-0.8,-0.02,0.0,-0.05,0.07,-2.87,-1.57,-2.53,-2.01,2.02,0.299,-0.419,-2.193,-0.777,-0.676,3.055,-3.328,-7.068,-3.955,-0.248,-3.042,-0.71,6,1,0,0,1,1,0,0,1,0,0,2.5786762,3.681204,1.432023,3.9136796,TP3,TP2,False,0.02404368077120135,0.8997173005498574,0.00028219020918737736,0.07595682846975385,1,42
A304,0,0,0,1.859,2,48,1,1,-1,-1,3,48,3,-3.2654308,100,62,9,0,1,0.50035382,0,8,29,13,50,-0.151,0.468,-0.253,0.436,1.91,2.157,1.995,2.333,20500.733,23159.453,25040.717,-1.618,0.315,5.443,3.462,4.579334546,4.001047637,0.578286908,-1.72,0.81,0.12,0.02,-0.02,-0.13,-0.39,-0.61,0.183,4.588,2.854,1.988,3.791,1.052,3.488,2.618,1.142,-5.075,-0.397,1.351,-0.222,2.159,6,1,0,0,1,1,0,0,1,0,0,0.7277911,0.6602996,0.84190106,0.5797227,TP4,TP2,False,0.00014564061713359612,0.969342965809168,0.004666113083703833,0.025845280489994613,1,42
A332,0,0,0,3.233,2,46,0,1,-1,1,2,60,8,-4.262513,15,10,7,1,0,0.160713418,1,4,7,0,11,-0.49,-0.803,-0.508,-0.6,1.822,1.529,1.956,2.134,19559.944,16416.456,22910.788,1.307,4.439,6.743,3.396,0.658067247,4.829245437,-4.17117819,-0.2,0.17,0.01,0.02,0.01,-1.77,-0.77,0.04,-0.455,3.586,3.634,2.042,0.214,1.82,1.335,6.356,-1.348,-3.599,0.404,2.02,0.358,0.71,6,1,0,0,1,1,0,0,1,0,0,2.2636313,3.4792852,1.8390142,3.0712051,TP3,TP2,False,0.020371847921929243,0.808569928518403,0.00034146461306601753,0.17071675894660163,1,42
A354,0,0,0,3.298,3,48,1,1,-1,1,2,21,8,-3.767925,24,14,2,0,0,0.277264442,0,7,11,3,21,-0.709,-0.034,-0.797,-0.191,1.622,1.977,1.697,2.224,17411.053,21226.921,23874.241,4.09,5.86,6.236,1.419,3.324847782,5.420570177,-2.095722396,-0.86,0.73,0.07,0.01,0.05,-2.16,-1.4,-2.29,-4.635,2.87,0.645,0.184,-1.297,-0.326,1.731,4.694,-2.655,-7.279,-4.385,-0.117,-1.201,0.482,6,1,0,0,1,1,0,0,1,0,0,1.553549,2.426125,1.0943422,2.6178014,TP3,TP2,False,0.004250286559082795,0.994264524383192,0.00015122792769030138,0.0013339611300348985,1,42
A359,1,0,0,0.0,0,54,1,1,-1,1,3,23,3,-3.7284383,144,78,33,0,1,0.673810745,0,11,18,9,38,0.559,0.485,0.516,0.337,2.133,2.181,2.207,2.31,22893.275,23410.199,24795.498,-1.448,2.749,5.177,3.627,5.014147539,4.091313888,0.922833651,-0.95,-0.19,0.1,-0.03,-0.1,1.09,0.34,-0.45,0.814,4.613,3.091,2.517,1.389,2.324,2.516,1.129,0.51,-4.244,-0.005,2.692,1.187,2.902,6,1,0,0,1,1,0,0,1,0,0,0.74569434,0.84611374,1.2015762,0.6072788,TP4,TP2,False,0.0006090259335435541,0.9837635444731277,0.0006239016780176633,0.015003527915311175,1,42
A398,0,0,0,3.467,3,50,0,1,-1,1,2,46,8,-4.3015813,20,15,2,1,0,0.13515221,0,2,6,0,8,-0.521,-0.782,-0.512,-0.492,1.809,1.553,1.957,2.135,19418.756,16673.453,22917.628,3.64,5.251,6.954,3.357,0.972370178,4.764021388,-3.791651209,-0.83,1.28,0.03,0.13,0.05,-1.22,-0.85,-0.5,0.002,3.785,3.034,2.1,0.867,1.262,1.177,5.13,-1.467,-6.674,-0.629,1.952,0.621,2.315,2,1,0,0,0,0,0,0,0,0,1,2.5415292,3.4340696,1.5722704,3.1791754,TP3,TP4,False,0.0065117151023576835,0.44225349289362215,0.0004697635210784575,0.5507650284829417,1,42
A419,0,0,0,2.645,2,52,0,1,-1,1,2,30,8,-4.3875174,64,37,17,0,0,0.238990012,0,4,7,3,14,-0.117,-0.377,0.22,-0.572,1.951,1.97,2.108,2.208,20947.222,21147.059,23703.517,2.211,5.662,4.522,3.584,2.637564074,4.496545044,-1.85898097,0.18,0.5,0.03,0.03,0.04,-1.33,-1.09,-0.48,0.271,4.062,3.054,2.05,0.338,1.313,1.734,3.348,-2.175,-6.913,-0.022,2.789,0.445,2.166,6,1,0,0,1,1,0,0,1,0,0,1.4550339,2.3079944,1.2006016,2.1815155,TP3,TP2,False,0.0002365508958116262,0.9799263889212001,4.614175959102918e-05,0.019790918423397145,1,42
A463,0,0,0,1.217,1,48,1,1,-1,-1,3,21,8,-4.074614,52,27,26,0,1,0.323486358,0,6,7,4,17,0.472,0.218,0.432,0.303,2.067,2.036,2.174,2.269,22182.684,21851.099,24361.506,5.155,4.759,6.097,3.992,3.674381673,4.50797251,-0.833590837,-0.57,-0.58,0.02,-0.09,-0.01,0.37,-0.18,0.16,0.386,5.079,3.757,3.137,2.394,2.286,2.835,4.302,-0.572,-1.68,1.896,3.3,1.696,3.867,6,1,0,0,1,1,0,0,1,0,0,1.1189804,1.3998313,1.849042,1.0415791,TP4,TP2,False,0.0001075450229958737,0.9987365254712878,0.0002936859338247999,0.0008622435718915047,1,42
A476,0,0,0,2.126,2,36,1,1,-1,1,2,33,8,-4.5464367,37,18,42,0,0,0.315726418,1,4,15,3,22,0.133,0.131,-0.247,-0.321,1.98,2.01,2.019,2.217,21258.253,21577.621,23803.036,3.126,6.445,6.475,3.624,3.350323489,5.491409062,-2.141085573,-0.62,-0.48,0.05,-0.14,0.02,-0.27,-0.74,-1.0,1.177,4.481,2.438,2.419,1.805,1.571,1.77,4.134,-2.218,-2.189,0.592,2.724,0.851,2.846,5,1,0,0,1,1,0,0,1,0,0,1.1294636,1.8151182,1.339377,1.5589383,TP1,TP2,False,0.004441298051310366,0.9951814039966259,5.5213960730831635e-05,0.0003220839913329474,1,42
A524,0,0,0,3.233,2,49,1,1,-1,1,2,51,8,-4.3377627,84,45,19,1,0,0.191741168,1,4,6,0,10,0.213,-0.405,0.192,-0.257,1.983,1.887,2.058,2.211,21288.127,20257.141,23729.78,-0.761,4.883,6.145,3.361,2.322623341,5.247790404,-2.925167063,0.1,-0.42,-0.12,0.06,0.01,-1.08,-0.54,-0.84,-2.077,4.682,2.639,2.168,1.623,1.515,4.074,3.97,0.042,-4.97,-0.721,2.374,0.245,2.626,6,1,0,0,1,1,0,0,1,0,0,1.5613875,2.2793896,1.6976259,1.9708681,TP1,TP2,False,0.0021023220105479577,0.9956795365617916,0.000696054636259565,0.0015220867914008634,1,42
A530,0,0,0,2.025,2,45,1,1,-1,-1,3,28,7,-3.2068948,83,42,18,0,1,0.637201551,0,7,13,5,25,0.586,-0.719,0.564,-0.34,2.099,1.63,2.243,2.168,22532.717,17495.46,23277.079,1.651,6.144,5.983,4.053,0.59884803,3.542538614,-2.943690584,0.13,-1.43,-0.07,-0.14,0.0,0.03,-0.27,-0.09,0.888,4.305,3.495,2.632,1.54,1.871,2.554,6.286,-1.557,-5.915,0.833,2.792,1.293,3.845,6,1,0,0,1,1,0,0,1,0,0,1.2464441,1.5549297,1.4653015,1.3078737,TP1,TP2,False,0.0044986249747826276,0.924761214861095,0.0015258447163033362,0.06921431544781906,1,42
A538,0,0,0,3.593,3,56,1,1,-1,1,2,36,8,-3.169434,33,16,26,0,0,0.307718769,0,9,10,5,24,0.382,0.003,-0.128,-0.059,1.988,1.952,2.0,2.192,21337.418,20949.634,23535.044,-2.063,6.857,5.365,3.563,3.175250914,5.43277705,-2.257526136,-0.34,-0.93,-0.01,-0.14,0.0,-0.81,-0.44,-0.49,-2.324,4.37,3.029,2.052,1.999,1.605,3.819,3.646,-0.938,-6.352,-0.257,2.18,0.588,1.446,6,1,0,0,1,1,0,0,1,0,0,1.3118908,1.6967394,1.2661867,1.5388098,TP3,TP2,False,0.002579509521586015,0.9963982674565669,0.00021060774631715556,0.0008116152755298333,1,42
A565,0,0,0,2.37,2,35,1,1,-1,-1,3,30,5,-4.0813316,26,14,0,0,1,0.0,0,0,0,0,0,0.342,-0.661,0.477,-0.486,2.049,1.718,2.199,2.182,21993.163,18444.321,23420.833,0.427,3.685,5.294,4.918,1.376476646,4.230769398,-2.854292752,-0.64,-1.65,-0.09,-0.18,0.03,-0.39,-0.51,0.51,1.495,5.002,4.132,3.717,2.706,2.182,2.867,3.418,0.954,-1.872,1.53,3.123,1.13,1.009,3,1,0,0,0,0,0,0,0,0,1,1.6360861,2.1927052,1.9813042,1.779527,TP1,TP4,False,0.0015040856461804965,0.2806894842465006,0.0008121390700258117,0.7169942910372932,1,42
A581,0,0,0,1.916,2,53,1,-1,-1,-1,2,34,0,-4.5693983,46,27,10,0,0,0.150315527,0,1,3,0,4,-0.218,-0.112,0.162,0.238,1.909,1.929,2.039,2.252,20488.409,20707.619,24176.202,0.597,0.316,5.21,3.49,3.517262332,4.713586168,-1.196323837,-1.24,0.86,0.04,0.06,0.03,-0.69,-0.45,-0.94,1.263,5.507,2.528,2.101,3.831,1.653,4.058,1.215,0.435,-4.894,-0.196,2.518,0.446,2.915,6,1,0,0,1,1,0,0,1,0,0,0.74345505,1.2002503,0.70847464,1.1417716,TP3,TP2,False,0.00015170601815949345,0.9579831490659718,0.000429580072255333,0.0414355648436133,1,42
A637,0,0,0,0.947,1,65,1,-1,-1,1,3,38,0,-3.2755877,151,70,46,0,1,0.661300329,1,9,22,10,41,0.223,0.678,0.093,0.564,1.983,2.311,2.079,2.371,21288.331,24812.389,25447.508,-1.204,0.235,6.109,3.41,5.980248183,3.871326955,2.108921228,-1.35,0.6,0.13,-0.03,-0.02,0.81,0.99,-0.88,-0.489,4.753,2.613,2.184,3.845,1.664,2.942,3.205,0.109,-5.648,0.165,1.722,0.745,3.878,6,1,0,0,1,1,0,0,1,0,0,0.871546,0.9392846,1.2493964,0.7332765,TP4,TP2,False,0.00024314011932078376,0.9937444809019791,0.0009522062200802954,0.005060172758619807,1,42
A665,0,0,0,1.437,2,55,1,1,-1,-1,2,40,8,-4.2098955,60,37,10,0,0,0.244228168,0,6,6,0,12,0.351,0.55,-0.16,0.243,1.997,2.151,2.03,2.287,21439.745,23087.879,24551.66,4.138,8.511,6.32,3.55,4.146680517,5.744134728,-1.597454211,-1.24,-0.41,0.06,-0.14,0.01,-0.53,-0.18,-0.24,-0.739,4.58,3.317,1.983,1.381,1.623,1.672,3.301,-2.341,-4.952,-0.841,2.783,1.123,2.532,6,1,0,0,1,1,0,0,1,0,0,1.4178098,1.7979537,1.4485914,1.6269906,TP1,TP2,False,0.00012284945909605397,0.9998402274063002,2.270849276457161e-05,1.4214641839292548e-05,1,42
A734,0,0,0,1.537,2,46,1,1,-1,-1,2,33,8,-4.279512,75,29,9,1,0,0.083559309,0,3,3,4,10,0.273,0.297,-0.009,-0.081,1.969,1.997,2.0,2.201,21139.333,21438.502,23631.468,2.394,5.263,6.608,2.081,3.564338518,5.829256695,-2.264918178,-0.37,-1.25,-0.04,-0.15,0.0,-0.31,-0.59,-1.37,-2.625,4.857,2.015,1.069,0.42,0.764,3.133,0.632,-0.653,-3.454,-0.219,1.117,-0.555,2.944,6,1,0,0,1,1,0,0,1,0,0,1.4212589,1.797929,1.5386835,1.5865922,TP1,TP2,False,0.003308430824727159,0.9956506444468132,0.0004490849460730414,0.000591839782386708,1,42
A767,0,0,0,1.636,2,57,1,1,-1,-1,3,21,3,-4.639152,266,139,58,0,1,0.537662304,1,12,30,18,60,0.059,-0.198,0.26,-0.389,1.966,1.963,2.089,2.217,21104.636,21071.81,23793.893,1.046,2.281,6.199,3.266,3.735847915,3.321125508,0.414722407,-0.47,0.2,0.07,0.03,-0.06,0.56,-0.02,-0.97,-2.063,3.849,2.502,1.8,2.204,0.924,2.657,3.497,0.512,-7.213,-0.455,1.107,0.218,2.8,6,1,0,0,1,1,0,0,1,0,0,0.59311235,0.53786683,0.8612541,0.3543787,TP4,TP2,False,0.00020101246138862623,0.9831150902001313,0.011485428060828416,0.0051984692776516845,1,42
T185,1,1,0,0.0,0,35,1,1,1,-1,3,33,3,-3.312091596,162,71,34,0,1,0.310181997,0,13,13,8,34,-0.603,0.157,-0.529,-0.385,1.333,1.579,1.432,1.675,19047.742,22556.459,23927.819,0.721,0.755,11.27,2.058,3.415859864,4.831610042,-1.415750178,-0.65,0.24,0.03,0.01,0.0,-1.1,-0.81,-1.69,-0.767,3.891,1.502,0.752,-1.019,0.241,0.781,-1.523,-2.387,-6.996,-1.044,0.789,-0.203,0.276,7,1,0,0,1,1,1,1,0,0,0,0.46084583,0.48025525,0.40574786,0.6260681,TP3,TP1,False,0.963620874138704,0.015066373004352651,0.014147163372204894,0.007165589484738499,1,42
T186,1,1,0,0.0,0,59,1,-1,1,1,2,31,0,-3.316680922,122,63,4,1,1,0.224818283,0,10,15,5,30,0.387,-0.114,0.446,-0.438,1.604,1.57,1.709,1.688,22922.301,22428.001,24110.094,-1.038,-0.049,9.939,4.459,3.179686802,4.301734332,-1.12204753,0.17,-1.74,-0.12,-0.14,-0.01,-0.11,0.35,-0.37,2.725,5.989,3.112,2.979,1.591,2.047,2.406,-1.364,-0.954,-5.528,0.854,3.225,1.953,1.422,7,1,0,0,1,1,1,1,0,0,0,0.54991853,0.9931245,1.3247697,0.91474223,TP1,TP1,True,0.9701348952005294,0.0005638920840106942,0.015218828047952028,0.014082384667507776,1,42
T187,0,1,0,1.271,1,59,1,-1,1,1,3,18,0,-3.717039868,159,69,29,0,0,0.399803081,0,11,30,12,53,0.429,-0.283,0.346,-0.471,1.584,1.539,1.682,1.664,22630.398,21980.86,23773.649,-2.962,1.482,11.512,4.771,3.107285154,4.113504298,-1.006219144,-0.11,-1.62,-0.06,-0.14,-0.04,0.17,0.26,-0.13,0.29,5.44,3.375,2.972,2.515,2.28,2.535,0.49,-2.092,-1.443,1.005,2.632,1.672,1.37,4,1,0,0,1,1,1,1,0,0,0,0.4244194,0.7244809,0.82043004,0.75731933,TP1,TP1,True,0.9884059869162997,0.0013712128061769597,0.0084965802707081,0.0017262200068152813,1,42
T188,1,1,0,0.0,0,76,1,1,1,-1,2,60,4,-3.804741411,272,127,47,1,0,0.456585263,0,11,32,17,60,-0.572,-0.121,-0.519,-0.497,1.358,1.589,1.454,1.674,19406.281,22698.272,23909.996,-2.165,0.184,8.893,2.431,3.627961172,4.008441251,-0.380480079,-0.61,-1.12,-0.03,-0.13,-0.01,-1.05,-0.52,-1.85,-2.754,4.046,1.256,0.981,0.37,0.592,0.934,0.664,-1.553,-6.049,-0.559,1.148,0.289,1.213,4,1,0,0,0,0,1,0,0,1,0,0.42497152,0.65863925,0.919559,0.70790243,TP1,TP3,False,0.16365045581754759,0.018280254776420743,0.8139852632115226,0.0040840261945090505,1,42
T190,1,1,0,0.0,0,55,1,-1,1,-1,2,24,2,-3.103020701,553,226,160,0,1,0.254328117,0,8,15,7,30,0.425,-0.272,0.531,-0.517,1.638,1.558,1.757,1.674,23394.972,22256.71,23923.193,-0.209,1.305,10.191,5.215,3.1625986,4.797027108,-1.634428508,0.67,-2.76,-0.21,-0.17,-0.03,-0.14,0.25,1.04,2.264,6.559,4.619,3.332,3.256,3.061,3.556,1.365,-0.469,-2.0,1.645,4.115,2.795,1.226,4,1,0,0,0,0,1,0,0,1,0,0.5784704,1.1608528,1.4450057,1.1173642,TP1,TP3,False,0.13802796323525493,0.001599215155553856,0.8525485756301832,0.007824245979008113,1,42
T193,0,0,0,2.062,2,48,1,1,1,-1,3,60,8,-3.696416533,118,41,20,0,1,0.210341122,0,12,22,18,52,-0.728,-0.472,-0.846,-0.472,1.154,1.471,1.114,1.668,16489.989,21012.215,23836.549,4.719,5.379,6.725,1.255,2.787236521,5.657549582,-2.870313061,-1.19,-0.14,0.03,-0.11,0.06,-3.18,-1.24,-2.18,-4.102,3.234,0.79,-0.584,0.0,-0.099,0.085,-1.063,-2.503,-7.403,-1.806,-0.296,-2.623,-1.681,7,0,1,1,0,1,1,1,0,0,0,1.4658055,2.0750868,1.0678141,2.3776464,TP3,TP1,False,0.9459897879556577,0.036845384382969006,0.015171976285903966,0.001992851375469327,1,42
T196,1,1,0,0.0,0,58,1,1,1,1,3,43,8,-4.059252546,181,76,60,0,0,0.216415773,0,3,23,11,37,-0.788,0.302,-0.879,-0.302,1.046,1.64,1.048,1.708,14944.395,23435.887,24397.029,-1.659,7.454,9.53,-0.68,3.587597391,5.028907608,-1.441310217,-0.88,0.34,0.03,-0.03,0.07,-3.82,-2.31,-3.19,-3.942,1.989,-1.483,-2.627,-0.56,-1.133,0.858,0.656,-4.172,-7.366,-3.775,-2.282,-2.846,-0.746,7,0,1,1,0,1,1,1,0,0,0,1.8414922,2.812113,1.5306096,3.2268512,TP3,TP1,False,0.9227393518094242,0.06976703644876146,0.006882447969461121,0.0006111637723531327,1,42
T197,0,0,0,1.543,2,62,1,1,1,-1,3,21,8,-4.506213774,103,36,17,1,0,0.168124561,0,2,4,0,6,-0.618,-0.592,-0.693,-0.672,1.227,1.445,1.193,1.612,17528.606,20637.722,23023.688,2.255,5.755,10.175,0.122,2.010624551,3.720853853,-1.710229302,0.01,-0.91,-0.06,-0.1,0.03,-3.08,-1.45,-3.33,-3.407,2.745,-2.761,-2.068,-2.075,-1.291,0.601,-2.698,-2.79,-5.148,-3.365,-1.98,-2.299,-1.321,7,1,0,0,1,1,1,1,0,0,0,1.550129,2.2087626,1.3089428,2.253252,TP3,TP1,False,0.9784077732348263,0.01709375113469085,0.0026312908028342952,0.0018671848276486263,1,42
T204,1,1,0,0.0,0,55,1,-1,1,-1,2,20,0,-3.924618631,559,228,130,0,0,0.511475517,0,5,17,2,24,-0.575,-0.025,-0.647,-0.282,1.293,1.568,1.387,1.682,18472.227,22401.564,24024.598,-2.2,4.629,10.484,1.847,2.963166789,4.910284202,-1.947117413,-0.84,-1.02,-0.04,-0.16,0.04,-2.27,-1.47,-2.24,-2.283,3.807,0.673,0.338,0.03,0.259,1.506,1.012,-3.613,-7.414,-1.234,0.951,-0.729,-0.038,7,1,0,0,1,1,1,1,0,0,0,0.78383607,1.772679,1.0498362,2.0107753,TP1,TP1,True,0.8819176411359556,0.016203063015760234,0.07444589653411766,0.027433399314166527,1,42
T205,0,0,0,2.303,2,53,1,1,1,-1,3,15,3,-3.628473125,58,26,19,0,1,0.403673599,0,13,21,17,51,-0.662,-0.614,-0.813,-0.553,1.277,1.418,1.27,1.652,18247.675,20264.924,23596.227,4.332,4.792,9.439,2.474,2.608048068,4.396220439,-1.788172371,-1.05,-0.32,-0.02,-0.09,0.06,-2.62,-1.31,-1.71,0.202,4.587,1.449,1.1,-0.56,0.703,0.284,-0.015,-2.465,-4.813,-1.328,1.983,-0.163,-0.323,7,0,1,1,0,1,1,1,0,0,0,0.64833045,0.8321774,0.6367482,0.8141471,TP3,TP1,False,0.960318857519834,0.0030421800588988903,0.018319424873739835,0.018319537547527274,1,42
T206,0,1,0,1.331,1,55,1,1,1,-1,3,36,8,-4.640040532,125,50,9,0,1,0.276452734,0,4,23,15,42,-0.556,-0.388,-0.594,-0.566,1.332,1.501,1.34,1.63,19027.834,21447.797,23283.873,4.136,5.235,9.221,2.154,4.174804083,5.018694901,-0.843890818,-0.54,0.06,-0.06,0.09,0.0,-1.74,-0.37,-1.91,-2.553,5.178,1.168,0.69,1.001,1.017,3.066,4.663,-1.07,-5.223,-2.724,1.193,-0.807,2.359,4,1,0,0,0,0,1,0,0,1,0,0.90865695,0.86014503,0.9422147,0.63746774,TP4,TP3,False,0.17626967165465499,0.03924841702243992,0.7839311883309236,0.0005507229919815923,1,42
T207,1,1,0,0.0,0,61,1,-1,1,1,3,97,0,-3.82360593,204,92,15,0,0,0.432253389,1,16,26,14,56,-0.251,0.457,-0.287,0.219,1.336,1.544,1.374,1.636,19081.872,22054.448,23379.901,-1.269,1.25,10.747,2.077,3.712787663,4.179430223,-0.466642561,-0.69,0.32,0.0,0.05,0.0,-1.72,-0.72,-1.81,-1.365,6.021,1.122,0.141,-2.686,-0.095,0.174,2.772,-2.379,-6.96,-1.658,1.897,0.228,3.049,7,1,0,0,1,1,1,1,0,0,0,0.74363095,0.97300404,1.1116582,1.1053514,TP1,TP1,True,0.9389004557030818,0.043456367186989794,0.016827832086525288,0.0008153450234032287,1,42
T209,1,1,0,0.0,0,55,1,1,1,-1,3,60,5,-5.043132153,130,45,19,0,0,0.273259908,0,5,15,15,35,-0.76,-0.6,-0.887,-0.693,1.099,1.406,1.073,1.592,15705.013,20084.148,22747.69,1.89,1.915,10.439,1.061,2.575944427,4.372911687,-1.79696726,-0.41,-0.56,-0.02,-0.1,0.05,-3.54,-1.78,-2.2,-1.317,3.08,0.744,-0.269,-0.606,-0.115,0.699,-0.378,-3.93,-7.468,-1.616,-0.069,-2.423,0.282,7,1,0,0,1,1,1,1,0,0,0,1.2115544,1.738228,1.0378041,1.965445,TP3,TP1,False,0.9367716661010607,0.033007344976889896,0.027000996316985753,0.003219992605063775,1,42
T210,1,1,0,0.0,0,48,1,1,1,-1,2,23,3,-4.298068302,83,39,32,1,0,0.065527027,0,1,5,0,6,-0.807,-0.458,-0.872,-0.517,0.954,1.449,0.912,1.621,13624.828,20705.247,23153.23,1.484,2.966,11.224,-0.648,3.411614752,4.3587682,-0.947153448,-1.32,0.85,0.03,0.06,0.05,-3.65,-2.04,-3.19,-3.982,2.626,-1.455,-1.739,-1.935,-0.597,0.752,0.954,-3.924,-6.889,-5.785,-2.009,-2.326,0.379,7,1,0,0,1,1,1,1,0,0,0,1.3379936,2.3983111,1.4630761,2.3847895,TP1,TP1,True,0.9450775527692238,0.030725986437575643,0.01693939879963946,0.007257061993561145,1,42
T213,1,1,0,0.0,0,50,1,-1,1,1,3,18,0,-2.79471863,87,47,7,1,1,0.296527441,1,6,20,13,39,-0.503,-0.396,-0.644,-0.501,1.384,1.541,1.394,1.672,19773.538,22018.09,23886.701,-1.261,0.264,9.827,1.591,3.246470374,3.103918841,0.142551533,0.04,-1.01,-0.01,-0.14,0.0,-2.15,-0.55,-2.17,-0.059,3.478,0.779,0.091,-1.009,0.235,0.888,0.037,-1.245,-4.459,-1.575,1.141,-0.151,1.723,7,1,0,0,1,1,1,1,0,0,0,0.36171198,0.35308653,0.6733154,0.27843904,TP4,TP1,False,0.9181550188166345,0.0012360205325732583,0.007259406096414255,0.07334955455437803,1,42
T215,1,1,0,0.0,0,33,1,-1,1,-1,3,29,0,-3.501901475,196,86,87,0,0,0.581378073,0,22,37,23,82,0.009,0.161,-0.11,-0.462,1.517,1.641,1.577,1.691,21675.333,23451.147,24159.382,0.424,1.154,8.789,3.132,4.180658851,3.634218203,0.546440648,-0.62,-0.9,0.0,-0.08,-0.04,-0.16,0.55,-0.93,0.068,4.619,2.441,2.071,0.271,1.45,1.748,-1.402,-1.679,-2.223,0.424,2.102,1.492,1.648,7,1,0,0,1,1,1,1,0,0,0,0.2861114,0.06781224,0.31712565,0.13768682,TP2,TP1,False,0.9718339137567756,0.015335682689260655,0.011775762833728722,0.0010546407202349888,1,42
T217,0,1,0,1.004,1,61,1,1,1,-1,2,25,7,-3.651364875,177,74,67,1,0,0.292553961,0,9,17,6,32,0.277,-0.249,-0.098,-0.576,1.558,1.545,1.568,1.643,22261.026,22077.442,23472.801,3.884,6.85,9.492,3.377,3.483856926,4.852187651,-1.368330725,0.09,-1.97,-0.14,-0.12,-0.03,-0.91,-0.17,-1.29,1.893,5.626,2.007,1.88,1.232,1.417,3.399,1.643,-1.941,-3.86,0.218,2.812,1.383,2.589,7,1,0,0,1,1,1,1,0,0,0,0.7651931,1.1462597,1.4804065,1.0139805,TP1,TP1,True,0.9065936348614103,0.028739200852163218,0.06458337692948257,8.378735694402957e-05,1,42
T218,0,0,0,3.072,2,40,1,1,1,1,3,34,8,-3.607653008,67,33,11,1,1,0.252727084,0,9,13,6,28,-0.613,-0.409,-0.698,-0.492,1.312,1.51,1.328,1.665,18738.522,21566.504,23793.166,3.272,6.405,5.784,1.321,3.205838073,4.825693524,-1.619855451,-0.89,-0.25,-0.02,-0.03,0.01,-1.44,-1.06,-2.18,-2.634,4.083,0.702,0.332,-0.919,0.15,1.591,1.377,-2.838,-5.677,-0.463,0.54,-0.604,0.146,7,1,0,0,1,1,1,1,0,0,0,0.9935727,1.3286906,0.99031496,1.348733,TP3,TP1,False,0.959642442257325,0.030756596601999187,0.003648361379957896,0.005952599760717935,1,42
T177,0,1,0,1.014,1,49,1,1,-1,-1,3,35,8,-3.842312436,146,89,26,0,0,0.319808818,0,9,30,19,58,-0.588,-0.291,-0.724,-0.555,1.255,1.551,1.235,1.645,17931.089,22165.373,23502.919,4.198,6.027,6.08,0.975,3.34557227,3.944710554,-0.599138283,-0.61,-0.24,-0.02,-0.01,0.02,-2.17,-0.78,-2.45,-5.092,3.339,0.035,-1.346,-0.443,-0.361,1.77,0.707,-2.512,-5.931,-3.464,-0.551,-1.288,0.268,7,1,0,0,1,1,0,0,1,0,0,0.7785706,1.4784036,0.60528225,0.71443814,TP3,TP2,False,0.021232575782677687,0.9743833133691613,0.0039039727951941075,0.0004801380529670189,2,43
T179,1,1,0,0.0,0,57,1,1,-1,1,3,12,6,-3.491669617,67,23,15,0,1,0.52915936,0,5,19,11,35,0.622,0.48,0.636,0.222,1.67,1.691,1.766,1.746,23865.905,24164.468,24943.247,-3.106,2.85,5.02,5.209,4.831343569,3.820626177,1.010717392,-0.57,-1.65,-0.06,-0.16,-0.04,0.86,0.82,0.12,1.779,6.099,3.633,3.574,1.987,2.64,2.984,-1.379,-0.533,-2.572,1.284,3.475,2.633,1.889,6,1,0,0,1,1,0,0,1,0,0,1.0556357,1.2266637,1.2364833,0.76957965,TP4,TP2,False,0.032488473013476876,0.8597643392301858,0.006125071216097803,0.10162211654023938,2,43
T182,0,1,0,1.102,1,39,1,1,-1,-1,3,29,8,-3.451055872,49,20,56,0,0,0.195487734,0,7,10,7,24,-0.63,0.133,-0.652,-0.431,1.324,1.61,1.403,1.703,18915.927,23007.751,24335.642,1.658,6.325,6.024,1.64,3.220976545,3.721792269,-0.500815723,-0.66,-0.25,0.01,-0.08,0.04,-2.15,-1.15,-2.17,-2.064,3.372,0.773,0.01,-1.038,-0.423,0.247,-0.723,-3.789,-7.113,-1.512,0.109,-0.482,-1.056,6,1,0,0,1,1,0,0,1,0,0,0.9651989,2.069843,0.6399768,1.7204561,TP3,TP2,False,0.01228327711067576,0.9847006436069372,9.435668527701825e-05,0.0029217225971099434,2,43
T183,0,0,0,3.093,2,58,1,1,-1,1,3,59,8,-3.944314469,361,155,62,0,0,0.311916754,1,8,24,11,43,-0.686,0.065,-0.798,-0.486,1.144,1.62,1.066,1.689,16346.261,23149.843,24133.836,-1.417,7.011,6.592,-0.283,3.029618327,4.382125851,-1.352507523,-0.76,-0.53,0.02,-0.13,0.05,-3.55,-2.07,-3.21,-5.882,1.792,-1.697,-2.773,-1.488,-1.447,-0.037,-1.146,-3.648,-7.564,-5.692,-1.957,-3.832,-1.889,6,1,0,0,1,1,0,0,1,0,0,2.0089755,3.5261233,2.4178152,3.9553335,TP1,TP2,False,0.05450520113871494,0.9435319246944985,0.0005747938815394214,0.0013880802852470817,2,43
T184,0,0,0,1.41,2,53,1,-1,-1,1,3,43,0,-3.837849823,275,111,59,1,0,0.509950682,0,14,27,25,66,-0.579,0.446,-0.637,0.098,1.152,1.627,1.215,1.666,16457.168,23248.185,23801.602,-3.304,-0.406,6.643,0.55,4.597681093,3.731863168,0.865817925,-0.8,-0.44,0.06,-0.15,0.02,-3.53,-2.17,-2.4,-2.307,4.466,-0.389,-2.515,-2.602,-1.952,-1.697,-0.588,-3.644,-7.557,-2.287,1.571,-2.22,0.068,4,1,0,0,0,0,0,0,0,0,1,1.156047,1.4753788,1.2683669,1.4958929,TP1,TP4,False,0.06145879366536031,0.04465100558252133,0.0016964558591691175,0.8921937448929492,2,43
T189,0,0,1,3.395,3,39,1,1,-1,1,3,52,8,-3.853311033,840,342,137,0,0,0.333798182,0,11,13,8,32,0.036,-0.555,0.228,-0.655,1.522,1.434,1.626,1.603,21741.694,20487.338,22906.097,0.138,0.588,4.384,3.2,2.873665562,4.541716136,-1.668050574,0.24,-0.51,-0.11,0.12,-0.06,0.27,0.65,-1.44,-2.124,5.444,1.82,1.456,3.174,1.581,2.639,1.025,-1.563,-3.97,-0.343,2.218,0.813,2.215,6,1,0,0,1,1,0,0,1,0,0,0.54441196,1.1051474,0.5379772,0.9994004,TP3,TP2,False,0.003074014115615135,0.9484558986306323,0.025269903938713183,0.02320018331503942,2,43
T191,0,0,1,3.536,3,60,0,1,-1,1,2,58,8,-3.834474131,232,103,53,0,0,0.357497927,0,8,27,25,60,0.407,-0.457,0.652,-0.557,1.639,1.506,1.825,1.652,23413.105,21510.549,23607.102,3.383,5.232,5.69,5.582,2.892490145,4.846769618,-1.954279473,0.55,-3.33,-0.26,-0.13,-0.1,0.88,2.08,0.66,0.931,6.76,4.223,3.835,4.867,3.277,3.897,4.742,-0.374,-1.138,1.529,3.639,2.826,0.467,7,0,1,1,0,1,1,1,0,0,0,1.5816168,1.5045012,1.9476742,1.1989764,TP4,TP1,False,0.8111593657594194,0.13165072440057504,0.05621915096897369,0.0009707588710319841,2,43
T192,0,0,0,1.5,2,32,1,1,-1,1,3,27,8,-3.445286445,113,50,14,0,0,0.252283258,0,10,11,10,31,-0.642,0.194,-0.764,-0.403,1.301,1.598,1.291,1.682,18583.736,22832.593,24028.632,3.552,5.56,5.223,1.274,3.411623701,4.544771343,-1.133147642,-0.77,0.09,0.0,-0.02,0.05,-2.45,-1.49,-2.44,-1.741,3.457,0.277,0.123,-1.075,-0.103,-0.649,1.624,-4.221,-5.828,-0.645,0.487,-1.219,-0.051,6,0,1,1,0,1,0,0,1,0,0,1.0256734,2.2615058,0.72669524,1.9363836,TP3,TP2,False,0.07284283819101983,0.9158558910214883,9.209967179227392e-05,0.011209171115699487,2,43
T194,0,0,0,3.061,2,43,1,1,-1,1,3,50,8,-3.931041192,82,33,28,0,1,0.350404122,0,8,15,4,27,-0.193,0.075,-0.55,-0.3,1.391,1.587,1.305,1.683,19870.835,22676.92,24048.918,3.708,5.989,6.478,0.321,3.853877012,5.083187852,-1.22931084,-1.26,-1.09,0.01,-0.15,-0.02,-1.17,1.13,-3.03,-5.391,2.981,-1.028,-1.312,-2.736,-0.841,-0.725,-0.087,-3.823,-6.59,-2.104,-1.595,-2.591,-1.575,7,1,0,0,1,1,1,1,0,0,0,1.6055832,2.604607,1.6312273,2.48286,TP1,TP1,True,0.8447981926660724,0.15468210024472095,0.00010904714244680799,0.0004106599467598218,2,43
T195,0,1,0,1.341,1,74,1,-1,-1,-1,3,40,0,-3.711672496,379,183,60,1,1,0.44612918,0,8,24,14,46,-0.416,0.627,-0.385,0.415,1.342,1.699,1.431,1.718,19178.35,24278.264,24550.719,-3.826,-0.787,5.562,2.152,4.726718604,4.114715864,0.61200274,-1.19,-0.43,0.03,-0.11,0.02,-1.48,-1.3,-2.04,-0.756,5.07,0.643,0.512,1.084,1.141,-1.19,0.153,-3.927,-0.872,0.344,1.927,-0.388,1.777,4,1,0,0,0,0,0,0,0,0,1,0.7474738,1.0189357,0.8402493,0.92025864,TP1,TP4,False,0.0011108688422553936,0.10709804068266704,0.015175119352446996,0.8766159711226306,2,43
T198,1,1,0,0.0,0,63,1,-1,-1,1,3,8,0,-3.412114954,174,80,76,0,1,0.690270867,0,8,20,8,36,0.409,0.185,0.343,-0.374,1.604,1.619,1.714,1.704,22917.31,23127.291,24341.382,-4.266,0.127,4.583,4.244,3.714560439,4.01301383,-0.298453391,-0.08,-1.42,-0.05,-0.14,-0.03,0.51,1.16,-0.78,1.083,5.587,2.61,2.925,3.486,2.441,2.717,-0.051,0.073,-2.753,0.38,2.684,1.783,1.261,4,1,0,0,0,0,0,0,0,0,1,0.51246995,0.9293951,0.57828385,0.74837756,TP1,TP4,False,0.022774207677857938,0.1121837809123205,0.00718661261245556,0.857855398797366,2,43
T200,0,0,0,3.08,2,73,1,1,-1,1,3,18,4,-3.378179938,109,48,12,0,1,0.414165569,0,12,16,6,34,-0.521,-0.513,-0.615,-0.653,1.391,1.578,1.443,1.672,19873.472,22543.163,23885.957,-4.192,-0.692,3.382,2.085,2.446839077,3.315522604,-0.868683527,0.7,-1.87,-0.05,-0.2,-0.03,-2.51,-0.69,-2.71,-1.082,2.302,-0.19,0.286,0.154,0.283,0.143,-3.54,0.862,-6.976,-4.203,-0.86,-0.907,1.111,3,1,0,0,0,0,0,0,0,0,1,1.02583,1.3982698,1.2944616,1.4883306,TP1,TP4,False,0.005649278000089929,0.10124387773210096,0.0018975614142620785,0.8912092828535471,2,43
T201,1,1,0,0.0,0,55,1,-1,-1,-1,3,10,0,-4.262156726,219,84,43,0,1,0.705949115,1,9,28,23,60,-0.657,-0.332,-0.679,-0.574,1.268,1.575,1.354,1.672,18122.095,22500.731,23892.775,-2.348,-1.599,4.608,2.481,3.422970924,2.890560758,0.532410166,-0.38,-0.14,-0.01,0.0,0.0,-2.28,-1.15,-1.69,-4.6,3.283,1.463,0.955,-2.815,0.821,0.875,-1.232,-2.072,-7.095,-2.292,0.47,-0.955,0.019,3,1,0,0,0,0,0,0,0,0,1,0.7725179,0.6970626,0.95325243,0.32406735,TP4,TP4,True,0.002849457322772825,0.1462212263727554,0.007917497106756774,0.843011819197715,2,43
T203,0,0,0,3.151,2,48,0,1,-1,-1,3,35,8,-4.293275778,53,25,15,0,0,0.099216303,0,3,8,4,15,-0.711,-0.461,-0.887,-0.532,1.039,1.531,0.973,1.662,14847.423,21872.203,23748.589,2.915,7.069,5.841,-0.727,2.58363052,5.02211762,-2.4384871,-1.03,-0.75,0.02,-0.19,0.06,-4.11,-2.14,-3.42,-7.498,0.37,-3.051,-2.468,-4.809,-2.042,-1.627,0.003,-6.429,-7.947,-6.221,-2.895,-3.847,-3.098,6,1,0,0,1,1,0,0,1,0,0,2.7297997,5.1638565,3.1572368,5.3141327,TP1,TP2,False,0.10158802977932119,0.8908074351021453,1.5236149155526508e-05,0.007589298969377827,2,43
T208,1,1,0,0.0,0,53,1,1,-1,-1,3,45,4,-4.506024837,158,69,40,0,1,0.527670676,1,18,27,25,70,0.077,0.415,-0.181,0.131,1.503,1.664,1.533,1.742,21474.115,23769.645,24884.84,-2.607,1.929,5.998,3.142,4.898400311,4.71739267,0.181007641,-1.47,0.02,0.09,-0.03,-0.06,0.47,0.51,-1.56,-0.791,5.082,1.609,2.127,1.802,1.622,2.273,-0.775,-0.482,-3.697,0.454,1.877,1.049,1.747,7,0,1,1,0,1,0,0,1,0,0,0.85117364,0.49063626,0.6726831,0.1291994,TP4,TP2,False,0.011189502660708851,0.9806639297991843,0.006515272880627839,0.001631294659479175,2,43
T211,1,1,0,0.0,0,49,0,1,-1,-1,3,32,4,-3.263202088,87,37,15,0,1,0.166424472,0,5,15,9,29,0.418,-0.517,0.559,-0.635,1.725,1.456,1.861,1.602,24646.875,20807.214,22894.64,-0.068,2.818,5.355,6.836,3.512646818,4.900744087,-1.388097269,1.12,-2.41,-0.2,-0.09,-0.07,1.3,2.19,1.21,3.182,7.282,4.786,5.544,4.213,4.179,3.766,1.974,0.49,-0.681,3.395,4.703,4.068,3.763,6,1,0,0,1,1,0,0,1,0,0,1.563479,1.9161347,2.2417543,1.4671022,TP4,TP2,False,0.041972826582414025,0.8197897939780546,0.04045428265426632,0.09778309678526499,2,43
T212,0,0,0,1.482,2,74,1,-1,-1,-1,3,26,0,-4.04021842,140,65,28,1,0,0.221599854,0,9,20,6,35,-0.731,0.017,-0.855,-0.327,1.174,1.54,1.062,1.666,16776.111,21996.516,23801.182,0.158,1.274,7.88,1.188,4.208137362,4.943526725,-0.735389363,-1.43,0.18,0.04,-0.01,0.0,-2.38,-0.65,-2.27,-4.091,3.86,0.658,-0.333,-1.628,-0.225,1.389,0.256,-0.56,-7.358,-1.248,-0.129,-1.109,1.131,6,1,0,0,1,1,0,0,1,0,0,0.91049814,1.2975091,1.4684819,1.2518575,TP1,TP2,False,0.04987817030067989,0.802317516173239,0.028440233350722155,0.1193640801753591,2,43
T214,0,0,0,1.611,2,72,1,-1,-1,-1,3,50,0,-3.955823426,159,70,23,0,1,0.410079347,0,10,31,14,55,-0.719,-0.225,-0.812,-0.453,1.11,1.562,1.103,1.678,15853.496,22312.77,23972.056,-0.836,1.118,5.337,0.089,2.949051287,2.954778891,-0.005727604,-1.36,0.23,0.07,-0.07,0.04,-2.83,-1.54,-2.7,-3.842,1.915,-0.137,-1.365,0.328,0.008,-0.459,-2.917,-4.875,-7.222,-2.84,-1.292,-0.83,-0.428,6,1,0,0,1,1,0,0,1,0,0,1.4995539,1.839102,1.9132092,1.8238667,TP1,TP2,False,0.015791589994683736,0.8319701505534759,0.004759871516085866,0.14747838793575455,2,43
T216,0,0,1,3.706,3,50,1,1,-1,1,3,108,8,-3.66600874,340,134,111,0,1,0.376794378,0,5,3,5,13,0.359,-0.68,-0.153,-0.682,1.57,1.395,1.572,1.609,22424.983,19930.444,22993.451,6.222,4.476,4.641,3.338,2.017332247,4.401735057,-2.38440281,0.16,-1.43,-0.11,-0.08,-0.02,-1.02,-0.24,-1.16,1.195,5.188,2.178,1.267,-0.064,1.312,0.808,1.392,-1.973,-5.25,-0.19,2.636,1.257,1.323,6,1,0,0,1,1,0,0,1,0,0,1.1030576,2.5441222,1.2881867,2.3959904,TP1,TP2,False,0.04512596212753852,0.9321743092240296,0.006250554542305506,0.01644917410612655,2,43
A002,0,0,0,4.381,3,57,1,1,-1,1,3,70,8,-3.967478,262,134,60,0,0,0.261300406,1,3,9,4,16,0.588,0.624,0.637,0.314,2.055,2.194,2.221,2.284,22059.99,23555.511,24517.194,1.619,6.752,6.59,4.086,4.042607109,4.265593169,-0.22298606,0.06,-1.16,0.03,-0.19,-0.02,0.05,-0.41,-0.41,-0.484,4.019,3.131,2.863,1.85,1.91,2.937,3.127,0.469,-1.213,0.896,2.65,1.594,4.069,6,1,0,0,1,1,0,0,1,0,0,1.0401303,1.3592654,1.0525968,1.0260999,TP4,TP2,False,1.9034306838794178e-05,0.9999463597475374,2.4531297062595455e-05,1.0074648561142919e-05,2,43
A004,0,0,0,2.865,2,45,1,1,-1,1,2,44,8,-7.0739864,33,19,0,1,0,0.146476691,0,5,6,0,11,-0.077,-0.732,0.129,-0.603,1.894,1.572,2.048,2.109,20331.419,16870.777,22634.52,1.807,3.317,5.124,3.74,0.829679163,4.501917816,-3.672238653,0.17,1.96,-0.05,0.33,0.04,-1.61,-0.53,-0.3,-0.785,4.554,3.266,2.446,2.62,1.88,3.462,3.631,0.635,-5.597,-1.253,2.288,0.606,1.288,6,1,0,0,1,1,0,0,1,0,0,0.81141114,1.8267703,0.79644704,1.4393531,TP3,TP2,False,0.0005272917532570056,0.9463606023992065,0.0015811222823785942,0.05153098356515794,2,43
A005,1,0,0,0.0,0,27,1,1,-1,1,3,51,4,-3.5832833,269,138,68,0,1,0.507686998,1,21,35,30,86,0.672,0.582,0.664,0.499,2.233,2.252,2.367,2.346,23970.414,24177.888,25181.154,-2.354,-0.308,5.327,5.618,5.043276825,4.346703404,0.696573421,-0.59,-1.26,0.08,-0.19,-0.1,1.87,2.0,0.66,2.234,5.09,4.284,4.522,1.37,3.308,3.098,0.665,-0.468,-1.237,2.998,3.48,2.867,4.362,6,1,0,0,1,1,0,0,1,0,0,1.4174966,1.4789479,1.5296365,0.8166257,TP4,TP2,False,0.004558141264881507,0.9926745846836261,0.001277108660742237,0.0014901653907500871,2,43
A007,0,0,0,2.722,2,40,1,1,-1,1,2,21,7,-6.827391,49,29,12,1,0,0.123499002,0,4,6,2,12,-0.034,-0.656,0.229,-0.339,1.923,1.755,2.08,2.186,20639.638,18835.798,23461.553,4.063,3.608,5.134,4.029,1.474393935,3.850658318,-2.376264384,0.57,-0.05,-0.04,-0.03,0.08,-1.33,-1.33,-0.38,-1.654,3.819,3.175,2.329,3.512,1.42,2.79,4.783,-0.048,-2.732,0.083,2.4,0.577,2.162,6,1,0,0,1,1,0,0,1,0,0,0.8044194,1.5323532,0.74099004,1.2179486,TP3,TP2,False,0.0006538635768266298,0.9383514217877952,0.0008570707919268235,0.060137643843451376,2,43
A010,1,0,0,0.0,0,42,1,1,-1,-1,3,22,8,-4.2699236,136,64,38,1,1,0.291685107,0,8,14,8,30,0.225,0.171,0.481,-0.197,2.001,2.047,2.192,2.256,21483.666,21976.766,24218.342,4.223,5.166,5.367,3.912,3.913295771,4.082472133,-0.169176363,-0.45,-0.24,0.04,-0.06,0.0,0.55,-0.08,-0.59,-0.419,4.274,2.913,2.702,2.913,1.724,2.535,3.853,-1.428,-3.286,0.551,2.683,1.194,4.097,6,1,0,0,1,1,0,0,1,0,0,1.0679051,1.1733634,1.0560573,0.4871009,TP4,TP2,False,0.00010790124714702157,0.9967967709324833,0.0007874860724551046,0.0023078417479145577,2,43
A012,0,0,0,1.185,1,48,1,1,-1,-1,3,56,8,-3.594931,132,69,19,0,0,0.352518589,0,13,29,12,54,0.638,0.562,0.712,0.444,2.207,2.222,2.414,2.34,23693.915,23851.88,25119.744,3.949,5.457,5.02,6.064,4.46376819,4.559770293,-0.096002103,-0.1,-2.02,0.03,-0.31,-0.02,1.65,1.16,1.18,2.174,4.939,4.838,4.828,3.694,3.472,2.594,0.941,-0.391,-1.044,2.836,4.216,3.131,4.411,6,1,0,0,1,1,0,0,1,0,0,1.6336409,1.9099427,2.2322452,1.3004365,TP4,TP2,False,3.720967677918759e-05,0.9999185255756716,3.889304119212245e-05,5.371706357106277e-06,2,43
A014,0,0,0,3.677,3,63,0,1,-1,1,2,47,8,-5.0733694,25,21,22,0,0,0.162486057,0,5,8,1,14,-0.116,-0.503,-0.497,-0.62,1.914,1.836,2.021,2.174,20549.555,19703.476,23333.628,-0.835,7.804,5.688,3.354,1.898142253,4.995984077,-3.097841824,-0.34,-1.3,-0.01,-0.2,0.03,-1.19,-0.78,-0.81,-1.346,3.22,2.688,1.759,0.429,1.122,0.97,3.7,-3.504,-5.122,0.193,1.599,-0.038,0.907,6,1,0,0,1,1,0,0,1,0,0,1.72541,2.7445264,1.8006424,2.9512463,TP1,TP2,False,0.010010404405884707,0.965395020197029,0.00012200727297266909,0.024472568124113667,2,43
A017,0,0,0,1.625,2,57,1,1,-1,-1,3,26,8,-4.859264,116,65,47,0,1,0.338163615,0,9,15,5,29,-0.415,0.187,-0.392,-0.117,1.821,2.035,1.957,2.23,19545.062,21842.44,23940.294,3.885,7.253,5.896,2.105,3.664123247,4.430635574,-0.766512327,-0.59,0.35,0.08,-0.03,0.0,-0.29,-0.65,-1.84,-1.639,3.381,1.361,1.106,1.443,1.05,2.024,4.886,-0.092,-4.456,-0.546,0.819,0.076,2.591,6,1,0,0,1,1,0,0,1,0,0,0.71527416,0.78784204,0.4534558,0.1680928,TP4,TP2,False,9.147248701905224e-05,0.998507501448306,0.000816519891142918,0.000584506173532005,2,43
A023,0,0,0,1.073,1,47,1,1,-1,-1,3,34,8,-3.4648956,92,58,27,0,0,0.431404706,0,14,28,21,63,0.126,0.259,0.372,0.021,1.988,2.064,2.136,2.268,21341.057,22157.625,24345.681,1.082,6.057,7.26,4.004,3.729377229,5.301504943,-1.572127714,-0.62,0.37,0.08,-0.03,0.01,0.13,-0.18,0.24,0.834,4.62,3.852,2.917,0.655,2.118,2.017,3.78,-0.268,-2.874,0.806,3.033,1.232,3.098,6,1,0,0,1,1,0,0,1,0,0,0.9418422,1.163772,0.7965747,0.598564,TP4,TP2,False,0.0005200637723808516,0.9978933023391348,0.0009633239782079012,0.0006233099102764721,2,43
A042,0,0,0,0.946,1,50,0,-1,-1,-1,3,22,0,-4.407352,32,17,7,1,0,0.511694128,1,3,10,2,15,0.102,0.444,0.418,0.458,1.965,2.163,2.152,2.314,21088.277,23216.108,24841.633,-1.245,-0.583,3.392,4.05,4.559614381,4.477975082,0.081639299,-0.69,1.23,0.08,0.12,-0.01,-0.23,0.79,-1.02,-2.637,4.471,2.43,2.775,4.119,2.143,4.053,7.261,-2.101,-3.923,1.539,1.54,0.674,2.907,6,1,0,0,1,1,0,0,1,0,0,0.61824703,0.70710695,0.65384996,0.55021954,TP4,TP2,False,5.568873929445225e-06,0.9979931213617698,5.915585236874488e-06,0.001995394179063917,2,43
A057,0,0,0,1.518,2,54,1,1,-1,1,2,32,8,-3.2928437,25,14,10,0,0,0.153638526,0,2,3,0,5,-0.312,-0.316,-0.623,0.201,1.858,1.959,1.942,2.251,19944.942,21025.657,24159.55,5.598,4.668,5.78,2.991,2.479851189,3.828840618,-1.348989429,-0.54,-0.89,-0.03,-0.19,0.09,-1.74,-1.63,-1.59,-0.26,3.726,1.733,1.848,1.77,0.548,3.563,1.728,-1.432,-4.827,-0.038,1.396,1.691,0.346,6,1,0,0,1,1,0,0,1,0,0,1.1955565,2.0542934,1.0979263,2.0981624,TP3,TP2,False,0.0026667325537049814,0.992785316458804,0.00010786447298409309,0.004440086514507037,2,43
A067,0,0,0,2.926,2,39,1,1,-1,1,3,33,7,-3.7422008,76,41,39,0,0,0.2613614,0,2,14,0,16,-0.37,-0.248,-0.502,-0.329,1.849,1.938,1.916,2.198,19843.0,20804.509,23598.013,3.612,6.037,7.389,2.778,2.870601405,6.16264448,-3.292043075,-0.74,-0.66,0.05,-0.16,0.02,-1.25,-0.62,-0.55,-0.548,3.503,2.981,1.797,1.006,0.925,1.421,3.558,-1.62,-6.283,0.126,1.781,0.338,2.341,6,1,0,0,1,1,0,0,1,0,0,0.8658774,2.0987895,0.62008893,1.6072047,TP3,TP2,False,0.014925896982788482,0.9782873897035375,0.00023076639422041608,0.006555946919453714,2,43
A102,0,0,0,3.772,3,49,1,1,-1,1,3,39,7,-3.557008,110,59,23,1,1,0.389188076,0,11,13,8,32,0.408,0.515,0.494,0.465,2.032,2.16,2.171,2.314,21816.038,23185.861,24836.315,1.47,3.127,5.61,3.706,3.820032491,4.353574721,-0.53354223,-0.91,-0.6,0.05,-0.2,0.05,0.04,-0.22,-0.51,1.621,4.778,3.023,2.941,4.273,1.976,2.364,5.029,-2.124,-2.306,1.201,2.962,1.178,3.156,6,1,0,0,1,1,0,0,1,0,0,1.3460349,1.3485883,1.4025766,0.9499984,TP4,TP2,False,0.001447207578477472,0.9748416374618153,0.0006748432294995337,0.023036311730207683,2,43
A149,0,0,0,3.128,2,50,1,1,-1,1,2,44,8,-3.658615,87,41,8,1,0,0.301982012,0,3,6,0,9,-0.36,-0.68,-0.343,-0.437,1.857,1.676,1.991,2.158,19934.927,17995.343,23163.217,3.459,6.832,6.902,2.941,1.21228227,4.427390079,-3.215107809,-0.32,0.82,-0.02,0.11,0.05,-1.31,-0.88,-0.79,-0.324,4.17,2.711,1.814,1.802,1.177,2.951,5.097,-1.109,-4.129,-0.338,2.071,0.737,1.16,6,1,0,0,1,1,0,0,1,0,0,0.9027109,2.0471797,0.71863866,1.5014391,TP3,TP2,False,0.00978016831135895,0.9546091482758221,0.0015897406318232715,0.03402094278099572,2,43
A248,0,0,0,1.141,1,48,1,1,-1,-1,3,36,5,-3.77829,105,54,18,0,1,0.396386059,0,6,19,7,32,0.504,0.662,0.616,0.589,2.126,2.305,2.283,2.394,22823.283,24743.133,25694.975,-2.923,1.812,5.371,4.966,5.179385861,2.780366264,2.399019597,-0.81,-1.06,0.08,-0.24,-0.01,1.03,0.25,-0.37,1.313,4.466,3.175,3.344,3.149,2.487,2.58,-0.585,-0.541,-2.228,1.164,3.243,1.951,3.975,6,1,0,0,1,1,0,0,1,0,0,1.3562517,1.1843771,1.6094812,0.7907075,TP4,TP2,False,1.885008701377932e-05,0.9964911604761938,0.00019351818784212903,0.0032964712489503794,2,43
A253,0,0,0,1.788,2,49,1,1,-1,1,2,25,7,-3.929318,19,12,10,0,0,0.373339895,0,9,6,2,17,0.614,-0.446,0.783,-0.357,2.234,1.895,2.397,2.213,23976.471,20346.268,23755.721,1.319,2.981,5.147,6.286,3.048211354,4.567470736,-1.519259382,0.92,-1.53,-0.09,-0.13,0.0,1.42,0.48,1.92,3.459,6.291,5.598,4.777,3.301,3.636,3.339,4.343,0.2,-3.541,2.343,5.024,2.988,3.72,6,1,0,0,1,1,0,0,1,0,0,1.0120112,1.7248985,1.3516787,1.2282071,TP1,TP2,False,0.0009628952671130233,0.9904213045958689,0.0006880878341114226,0.00792771230290667,2,43
A280,0,0,0,3.366,3,46,1,1,-1,1,2,56,8,-3.8205074,113,60,24,0,0,0.140250641,0,4,4,1,9,-0.629,-0.069,-0.671,-0.221,1.794,1.997,1.889,2.241,19255.948,21433.542,24054.313,6.312,6.82,6.869,2.746,2.985221288,5.090291771,-2.105070484,-1.08,0.89,0.09,-0.02,0.08,-1.87,-1.37,-0.9,-0.756,3.746,2.577,1.439,1.206,0.636,2.038,4.778,-3.53,-5.222,-1.159,1.622,-0.403,1.815,6,1,0,0,1,1,0,0,1,0,0,1.2033573,2.6348457,1.0301667,2.3739207,TP3,TP2,False,0.0007513066023033829,0.9987156244108566,8.141933585987213e-05,0.00045164965098009187,2,43
A292,0,0,0,1.696,2,49,1,1,-1,-1,2,58,8,-3.6879086,29,17,18,0,0,0.250253873,0,1,6,0,7,-0.727,-0.769,-0.83,-0.687,1.565,1.472,1.593,2.103,16795.469,15804.31,22570.398,4.795,5.526,5.782,0.398,0.014029768,4.129527116,-4.115497348,-0.8,-0.02,0.0,-0.05,0.07,-2.87,-1.57,-2.53,-2.01,2.02,0.299,-0.419,-2.193,-0.777,-0.676,3.055,-3.328,-7.068,-3.955,-0.248,-3.042,-0.71,6,1,0,0,1,1,0,0,1,0,0,1.8315531,4.265069,1.9694446,4.115986,TP1,TP2,False,0.02404368077120135,0.8997173005498574,0.00028219020918737736,0.07595682846975385,2,43
A304,0,0,0,1.859,2,48,1,1,-1,-1,3,48,3,-3.2654308,100,62,9,0,1,0.50035382,0,8,29,13,50,-0.151,0.468,-0.253,0.436,1.91,2.157,1.995,2.333,20500.733,23159.453,25040.717,-1.618,0.315,5.443,3.462,4.579334546,4.001047637,0.578286908,-1.72,0.81,0.12,0.02,-0.02,-0.13,-0.39,-0.61,0.183,4.588,2.854,1.988,3.791,1.052,3.488,2.618,1.142,-5.075,-0.397,1.351,-0.222,2.159,6,1,0,0,1,1,0,0,1,0,0,0.83885366,0.6284642,0.781821,0.42818654,TP4,TP2,False,0.00014564061713359612,0.969342965809168,0.004666113083703833,0.025845280489994613,2,43
A332,0,0,0,3.233,2,46,0,1,-1,1,2,60,8,-4.262513,15,10,7,1,0,0.160713418,1,4,7,0,11,-0.49,-0.803,-0.508,-0.6,1.822,1.529,1.956,2.134,19559.944,16416.456,22910.788,1.307,4.439,6.743,3.396,0.658067247,4.829245437,-4.17117819,-0.2,0.17,0.01,0.02,0.01,-1.77,-0.77,0.04,-0.455,3.586,3.634,2.042,0.214,1.82,1.335,6.356,-1.348,-3.599,0.404,2.02,0.358,0.71,6,1,0,0,1,1,0,0,1,0,0,1.2476128,2.5069222,1.5345539,2.3648036,TP1,TP2,False,0.020371847921929243,0.808569928518403,0.00034146461306601753,0.17071675894660163,2,43
A354,0,0,0,3.298,3,48,1,1,-1,1,2,21,8,-3.767925,24,14,2,0,0,0.277264442,0,7,11,3,21,-0.709,-0.034,-0.797,-0.191,1.622,1.977,1.697,2.224,17411.053,21226.921,23874.241,4.09,5.86,6.236,1.419,3.324847782,5.420570177,-2.095722396,-0.86,0.73,0.07,0.01,0.05,-2.16,-1.4,-2.29,-4.635,2.87,0.645,0.184,-1.297,-0.326,1.731,4.694,-2.655,-7.279,-4.385,-0.117,-1.201,0.482,6,1,0,0,1,1,0,0,1,0,0,1.1105746,2.396632,1.0100677,2.0534663,TP3,TP2,False,0.004250286559082795,0.994264524383192,0.00015122792769030138,0.0013339611300348985,2,43
A359,1,0,0,0.0,0,54,1,1,-1,1,3,23,3,-3.7284383,144,78,33,0,1,0.673810745,0,11,18,9,38,0.559,0.485,0.516,0.337,2.133,2.181,2.207,2.31,22893.275,23410.199,24795.498,-1.448,2.749,5.177,3.627,5.014147539,4.091313888,0.922833651,-0.95,-0.19,0.1,-0.03,-0.1,1.09,0.34,-0.45,0.814,4.613,3.091,2.517,1.389,2.324,2.516,1.129,0.51,-4.244,-0.005,2.692,1.187,2.902,6,1,0,0,1,1,0,0,1,0,0,0.9223756,0.8869673,0.854627,0.53333336,TP4,TP2,False,0.0006090259335435541,0.9837635444731277,0.0006239016780176633,0.015003527915311175,2,43
A398,0,0,0,3.467,3,50,0,1,-1,1,2,46,8,-4.3015813,20,15,2,1,0,0.13515221,0,2,6,0,8,-0.521,-0.782,-0.512,-0.492,1.809,1.553,1.957,2.135,19418.756,16673.453,22917.628,3.64,5.251,6.954,3.357,0.972370178,4.764021388,-3.791651209,-0.83,1.28,0.03,0.13,0.05,-1.22,-0.85,-0.5,0.002,3.785,3.034,2.1,0.867,1.262,1.177,5.13,-1.467,-6.674,-0.629,1.952,0.621,2.315,2,1,0,0,0,0,0,0,0,0,1,1.3470511,2.712739,1.2802483,2.233095,TP3,TP4,False,0.0065117151023576835,0.44225349289362215,0.0004697635210784575,0.5507650284829417,2,43
A419,0,0,0,2.645,2,52,0,1,-1,1,2,30,8,-4.3875174,64,37,17,0,0,0.238990012,0,4,7,3,14,-0.117,-0.377,0.22,-0.572,1.951,1.97,2.108,2.208,20947.222,21147.059,23703.517,2.211,5.662,4.522,3.584,2.637564074,4.496545044,-1.85898097,0.18,0.5,0.03,0.03,0.04,-1.33,-1.09,-0.48,0.271,4.062,3.054,2.05,0.338,1.313,1.734,3.348,-2.175,-6.913,-0.022,2.789,0.445,2.166,6,1,0,0,1,1,0,0,1,0,0,0.8242878,1.509718,0.5464526,1.0875827,TP3,TP2,False,0.0002365508958116262,0.9799263889212001,4.614175959102918e-05,0.019790918423397145,2,43
A463,0,0,0,1.217,1,48,1,1,-1,-1,3,21,8,-4.074614,52,27,26,0,1,0.323486358,0,6,7,4,17,0.472,0.218,0.432,0.303,2.067,2.036,2.174,2.269,22182.684,21851.099,24361.506,5.155,4.759,6.097,3.992,3.674381673,4.50797251,-0.833590837,-0.57,-0.58,0.02,-0.09,-0.01,0.37,-0.18,0.16,0.386,5.079,3.757,3.137,2.394,2.286,2.835,4.302,-0.572,-1.68,1.896,3.3,1.696,3.867,6,1,0,0,1,1,0,0,1,0,0,1.0416133,1.3037075,1.1624175,0.73875976,TP4,TP2,False,0.0001075450229958737,0.9987365254712878,0.0002936859338247999,0.0008622435718915047,2,43
A476,0,0,0,2.126,2,36,1,1,-1,1,2,33,8,-4.5464367,37,18,42,0,0,0.315726418,1,4,15,3,22,0.133,0.131,-0.247,-0.321,1.98,2.01,2.019,2.217,21258.253,21577.621,23803.036,3.126,6.445,6.475,3.624,3.350323489,5.491409062,-2.141085573,-0.62,-0.48,0.05,-0.14,0.02,-0.27,-0.74,-1.0,1.177,4.481,2.438,2.419,1.805,1.571,1.77,4.134,-2.218,-2.189,0.592,2.724,0.851,2.846,5,1,0,0,1,1,0,0,1,0,0,0.8064178,1.3033022,0.5959754,0.7964957,TP3,TP2,False,0.004441298051310366,0.9951814039966259,5.5213960730831635e-05,0.0003220839913329474,2,43
A524,0,0,0,3.233,2,49,1,1,-1,1,2,51,8,-4.3377627,84,45,19,1,0,0.191741168,1,4,6,0,10,0.213,-0.405,0.192,-0.257,1.983,1.887,2.058,2.211,21288.127,20257.141,23729.78,-0.761,4.883,6.145,3.361,2.322623341,5.247790404,-2.925167063,0.1,-0.42,-0.12,0.06,0.01,-1.08,-0.54,-0.84,-2.077,4.682,2.639,2.168,1.623,1.515,4.074,3.97,0.042,-4.97,-0.721,2.374,0.245,2.626,6,1,0,0,1,1,0,0,1,0,0,0.92526406,1.5193881,0.94565153,1.2035879,TP1,TP2,False,0.0021023220105479577,0.9956795365617916,0.000696054636259565,0.0015220867914008634,2,43
A530,0,0,0,2.025,2,45,1,1,-1,-1,3,28,7,-3.2068948,83,42,18,0,1,0.637201551,0,7,13,5,25,0.586,-0.719,0.564,-0.34,2.099,1.63,2.243,2.168,22532.717,17495.46,23277.079,1.651,6.144,5.983,4.053,0.59884803,3.542538614,-2.943690584,0.13,-1.43,-0.07,-0.14,0.0,0.03,-0.27,-0.09,0.888,4.305,3.495,2.632,1.54,1.871,2.554,6.286,-1.557,-5.915,0.833,2.792,1.293,3.845,6,1,0,0,1,1,0,0,1,0,0,0.91290754,1.5293771,0.773399,0.6989622,TP4,TP2,False,0.0044986249747826276,0.924761214861095,0.0015258447163033362,0.06921431544781906,2,43
A538,0,0,0,3.593,3,56,1,1,-1,1,2,36,8,-3.169434,33,16,26,0,0,0.307718769,0,9,10,5,24,0.382,0.003,-0.128,-0.059,1.988,1.952,2.0,2.192,21337.418,20949.634,23535.044,-2.063,6.857,5.365,3.563,3.175250914,5.43277705,-2.257526136,-0.34,-0.93,-0.01,-0.14,0.0,-0.81,-0.44,-0.49,-2.324,4.37,3.029,2.052,1.999,1.605,3.819,3.646,-0.938,-6.352,-0.257,2.18,0.588,1.446,6,1,0,0,1,1,0,0,1,0,0,0.90671265,1.420029,0.66079056,1.0059808,TP3,TP2,False,0.002579509521586015,0.9963982674565669,0.00021060774631715556,0.0008116152755298333,2,43
A565,0,0,0,2.37,2,35,1,1,-1,-1,3,30,5,-4.0813316,26,14,0,0,1,0.0,0,0,0,0,0,0.342,-0.661,0.477,-0.486,2.049,1.718,2.199,2.182,21993.163,18444.321,23420.833,0.427,3.685,5.294,4.918,1.376476646,4.230769398,-2.854292752,-0.64,-1.65,-0.09,-0.18,0.03,-0.39,-0.51,0.51,1.495,5.002,4.132,3.717,2.706,2.182,2.867,3.418,0.954,-1.872,1.53,3.123,1.13,1.009,3,1,0,0,0,0,0,0,0,0,1,0.9706925,1.8376669,1.304119,1.410915,TP1,TP4,False,0.0015040856461804965,0.2806894842465006,0.0008121390700258117,0.7169942910372932,2,43
A581,0,0,0,1.916,2,53,1,-1,-1,-1,2,34,0,-4.5693983,46,27,10,0,0,0.150315527,0,1,3,0,4,-0.218,-0.112,0.162,0.238,1.909,1.929,2.039,2.252,20488.409,20707.619,24176.202,0.597,0.316,5.21,3.49,3.517262332,4.713586168,-1.196323837,-1.24,0.86,0.04,0.06,0.03,-0.69,-0.45,-0.94,1.263,5.507,2.528,2.101,3.831,1.653,4.058,1.215,0.435,-4.894,-0.196,2.518,0.446,2.915,6,1,0,0,1,1,0,0,1,0,0,0.47762507,0.99148214,0.5165692,0.91021955,TP1,TP2,False,0.00015170601815949345,0.9579831490659718,0.000429580072255333,0.0414355648436133,2,43
A637,0,0,0,0.947,1,65,1,-1,-1,1,3,38,0,-3.2755877,151,70,46,0,1,0.661300329,1,9,22,10,41,0.223,0.678,0.093,0.564,1.983,2.311,2.079,2.371,21288.331,24812.389,25447.508,-1.204,0.235,6.109,3.41,5.980248183,3.871326955,2.108921228,-1.35,0.6,0.13,-0.03,-0.02,0.81,0.99,-0.88,-0.489,4.753,2.613,2.184,3.845,1.664,2.942,3.205,0.109,-5.648,0.165,1.722,0.745,3.878,6,1,0,0,1,1,0,0,1,0,0,0.86449665,0.89106417,0.8137893,0.72162336,TP4,TP2,False,0.00024314011932078376,0.9937444809019791,0.0009522062200802954,0.005060172758619807,2,43
A665,0,0,0,1.437,2,55,1,1,-1,-1,2,40,8,-4.2098955,60,37,10,0,0,0.244228168,0,6,6,0,12,0.351,0.55,-0.16,0.243,1.997,2.151,2.03,2.287,21439.745,23087.879,24551.66,4.138,8.511,6.32,3.55,4.146680517,5.744134728,-1.597454211,-1.24,-0.41,0.06,-0.14,0.01,-0.53,-0.18,-0.24,-0.739,4.58,3.317,1.983,1.381,1.623,1.672,3.301,-2.341,-4.952,-0.841,2.783,1.123,2.532,6,1,0,0,1,1,0,0,1,0,0,1.3866316,1.7674867,1.2438043,1.4745706,TP3,TP2,False,0.00012284945909605397,0.9998402274063002,2.270849276457161e-05,1.4214641839292548e-05,2,43
A734,0,0,0,1.537,2,46,1,1,-1,-1,2,33,8,-4.279512,75,29,9,1,0,0.083559309,0,3,3,4,10,0.273,0.297,-0.009,-0.081,1.969,1.997,2.0,2.201,21139.333,21438.502,23631.468,2.394,5.263,6.608,2.081,3.564338518,5.829256695,-2.264918178,-0.37,-1.25,-0.04,-0.15,0.0,-0.31,-0.59,-1.37,-2.625,4.857,2.015,1.069,0.42,0.764,3.133,0.632,-0.653,-3.454,-0.219,1.117,-0.555,2.944,6,1,0,0,1,1,0,0,1,0,0,1.2412556,1.7000107,1.2628835,1.3330553,TP1,TP2,False,0.003308430824727159,0.9956506444468132,0.0004490849460730414,0.000591839782386708,2,43
A767,0,0,0,1.636,2,57,1,1,-1,-1,3,21,3,-4.639152,266,139,58,0,1,0.537662304,1,12,30,18,60,0.059,-0.198,0.26,-0.389,1.966,1.963,2.089,2.217,21104.636,21071.81,23793.893,1.046,2.281,6.199,3.266,3.735847915,3.321125508,0.414722407,-0.47,0.2,0.07,0.03,-0.06,0.56,-0.02,-0.97,-2.063,3.849,2.502,1.8,2.204,0.924,2.657,3.497,0.512,-7.213,-0.455,1.107,0.218,2.8,6,1,0,0,1,1,0,0,1,0,0,0.4408025,0.3749641,0.18986295,-0.11396739,TP4,TP2,False,0.00020101246138862623,0.9831150902001313,0.011485428060828416,0.0051984692776516845,2,43
T185,1,1,0,0.0,0,35,1,1,1,-1,3,33,3,-3.312091596,162,71,34,0,1,0.310181997,0,13,13,8,34,-0.603,0.157,-0.529,-0.385,1.333,1.579,1.432,1.675,19047.742,22556.459,23927.819,0.721,0.755,11.27,2.058,3.415859864,4.831610042,-1.415750178,-0.65,0.24,0.03,0.01,0.0,-1.1,-0.81,-1.69,-0.767,3.891,1.502,0.752,-1.019,0.241,0.781,-1.523,-2.387,-6.996,-1.044,0.789,-0.203,0.276,7,1,0,0,1,1,1,1,0,0,0,0.4886788,0.6011183,0.35030735,0.2433304,TP4,TP1,False,0.963620874138704,0.015066373004352651,0.014147163372204894,0.007165589484738499,2,43
T186,1,1,0,0.0,0,59,1,-1,1,1,2,31,0,-3.316680922,122,63,4,1,1,0.224818283,0,10,15,5,30,0.387,-0.114,0.446,-0.438,1.604,1.57,1.709,1.688,22922.301,22428.001,24110.094,-1.038,-0.049,9.939,4.459,3.179686802,4.301734332,-1.12204753,0.17,-1.74,-0.12,-0.14,-0.01,-0.11,0.35,-0.37,2.725,5.989,3.112,2.979,1.591,2.047,2.406,-1.364,-0.954,-5.528,0.854,3.225,1.953,1.422,7,1,0,0,1,1,1,1,0,0,0,0.87268084,0.7866721,1.1327032,0.5434171,TP4,TP1,False,0.9701348952005294,0.0005638920840106942,0.015218828047952028,0.014082384667507776,2,43
T187,0,1,0,1.271,1,59,1,-1,1,1,3,18,0,-3.717039868,159,69,29,0,0,0.399803081,0,11,30,12,53,0.429,-0.283,0.346,-0.471,1.584,1.539,1.682,1.664,22630.398,21980.86,23773.649,-2.962,1.482,11.512,4.771,3.107285154,4.113504298,-1.006219144,-0.11,-1.62,-0.06,-0.14,-0.04,0.17,0.26,-0.13,0.29,5.44,3.375,2.972,2.515,2.28,2.535,0.49,-2.092,-1.443,1.005,2.632,1.672,1.37,4,1,0,0,1,1,1,1,0,0,0,0.75094485,0.74811256,0.6948053,0.47235262,TP4,TP1,False,0.9884059869162997,0.0013712128061769597,0.0084965802707081,0.0017262200068152813,2,43
T188,1,1,0,0.0,0,76,1,1,1,-1,2,60,4,-3.804741411,272,127,47,1,0,0.456585263,0,11,32,17,60,-0.572,-0.121,-0.519,-0.497,1.358,1.589,1.454,1.674,19406.281,22698.272,23909.996,-2.165,0.184,8.893,2.431,3.627961172,4.008441251,-0.380480079,-0.61,-1.12,-0.03,-0.13,-0.01,-1.05,-0.52,-1.85,-2.754,4.046,1.256,0.981,0.37,0.592,0.934,0.664,-1.553,-6.049,-0.559,1.148,0.289,1.213,4,1,0,0,0,0,1,0,0,1,0,0.9411267,0.76995564,0.99354184,0.6475971,TP4,TP3,False,0.16365045581754759,0.018280254776420743,0.8139852632115226,0.0040840261945090505,2,43
T190,1,1,0,0.0,0,55,1,-1,1,-1,2,24,2,-3.103020701,553,226,160,0,1,0.254328117,0,8,15,7,30,0.425,-0.272,0.531,-0.517,1.638,1.558,1.757,1.674,23394.972,22256.71,23923.193,-0.209,1.305,10.191,5.215,3.1625986,4.797027108,-1.634428508,0.67,-2.76,-0.21,-0.17,-0.03,-0.14,0.25,1.04,2.264,6.559,4.619,3.332,3.256,3.061,3.556,1.365,-0.469,-2.0,1.645,4.115,2.795,1.226,4,1,0,0,0,0,1,0,0,1,0,0.8470186,0.85677505,0.93766034,0.58607817,TP4,TP3,False,0.13802796323525493,0.001599215155553856,0.8525485756301832,0.007824245979008113,2,43
T193,0,0,0,2.062,2,48,1,1,1,-1,3,60,8,-3.696416533,118,41,20,0,1,0.210341122,0,12,22,18,52,-0.728,-0.472,-0.846,-0.472,1.154,1.471,1.114,1.668,16489.989,21012.215,23836.549,4.719,5.379,6.725,1.255,2.787236521,5.657549582,-2.870313061,-1.19,-0.14,0.03,-0.11,0.06,-3.18,-1.24,-2.18,-4.102,3.234,0.79,-0.584,0.0,-0.099,0.085,-1.063,-2.503,-7.403,-1.806,-0.296,-2.623,-1.681,7,0,1,1,0,1,1,1,0,0,0,1.3801042,2.3435307,1.385527,2.072194,TP1,TP1,True,0.9459897879556577,0.036845384382969006,0.015171976285903966,0.001992851375469327,2,43
T196,1,1,0,0.0,0,58,1,1,1,1,3,43,8,-4.059252546,181,76,60,0,0,0.216415773,0,3,23,11,37,-0.788,0.302,-0.879,-0.302,1.046,1.64,1.048,1.708,14944.395,23435.887,24397.029,-1.659,7.454,9.53,-0.68,3.587597391,5.028907608,-1.441310217,-0.88,0.34,0.03,-0.03,0.07,-3.82,-2.31,-3.19,-3.942,1.989,-1.483,-2.627,-0.56,-1.133,0.858,0.656,-4.172,-7.366,-3.775,-2.282,-2.846,-0.746,7,0,1,1,0,1,1,1,0,0,0,1.884183,2.893519,2.060945,2.7980711,TP1,TP1,True,0.9227393518094242,0.06976703644876146,0.006882447969461121,0.0006111637723531327,2,43
T197,0,0,0,1.543,2,62,1,1,1,-1,3,21,8,-4.506213774,103,36,17,1,0,0.168124561,0,2,4,0,6,-0.618,-0.592,-0.693,-0.672,1.227,1.445,1.193,1.612,17528.606,20637.722,23023.688,2.255,5.755,10.175,0.122,2.010624551,3.720853853,-1.710229302,0.01,-0.91,-0.06,-0.1,0.03,-3.08,-1.45,-3.33,-3.407,2.745,-2.761,-2.068,-2.075,-1.291,0.601,-2.698,-2.79,-5.148,-3.365,-1.98,-2.299,-1.321,7,1,0,0,1,1,1,1,0,0,0,1.8523006,2.9310398,2.22175,2.7693567,TP1,TP1,True,0.9784077732348263,0.01709375113469085,0.0026312908028342952,0.0018671848276486263,2,43
T204,1,1,0,0.0,0,55,1,-1,1,-1,2,20,0,-3.924618631,559,228,130,0,0,0.511475517,0,5,17,2,24,-0.575,-0.025,-0.647,-0.282,1.293,1.568,1.387,1.682,18472.227,22401.564,24024.598,-2.2,4.629,10.484,1.847,2.963166789,4.910284202,-1.947117413,-0.84,-1.02,-0.04,-0.16,0.04,-2.27,-1.47,-2.24,-2.283,3.807,0.673,0.338,0.03,0.259,1.506,1.012,-3.613,-7.414,-1.234,0.951,-0.729,-0.038,7,1,0,0,1,1,1,1,0,0,0,1.2249383,1.5047033,1.1323267,1.7226851,TP3,TP1,False,0.8819176411359556,0.016203063015760234,0.07444589653411766,0.027433399314166527,2,43
T205,0,0,0,2.303,2,53,1,1,1,-1,3,15,3,-3.628473125,58,26,19,0,1,0.403673599,0,13,21,17,51,-0.662,-0.614,-0.813,-0.553,1.277,1.418,1.27,1.652,18247.675,20264.924,23596.227,4.332,4.792,9.439,2.474,2.608048068,4.396220439,-1.788172371,-1.05,-0.32,-0.02,-0.09,0.06,-2.62,-1.31,-1.71,0.202,4.587,1.449,1.1,-0.56,0.703,0.284,-0.015,-2.465,-4.813,-1.328,1.983,-0.163,-0.323,7,0,1,1,0,1,1,1,0,0,0,0.8664493,1.0710881,0.5270381,0.4502285,TP4,TP1,False,0.960318857519834,0.0030421800588988903,0.018319424873739835,0.018319537547527274,2,43
T206,0,1,0,1.331,1,55,1,1,1,-1,3,36,8,-4.640040532,125,50,9,0,1,0.276452734,0,4,23,15,42,-0.556,-0.388,-0.594,-0.566,1.332,1.501,1.34,1.63,19027.834,21447.797,23283.873,4.136,5.235,9.221,2.154,4.174804083,5.018694901,-0.843890818,-0.54,0.06,-0.06,0.09,0.0,-1.74,-0.37,-1.91,-2.553,5.178,1.168,0.69,1.001,1.017,3.066,4.663,-1.07,-5.223,-2.724,1.193,-0.807,2.359,4,1,0,0,0,0,1,0,0,1,0,0.7848288,0.70810926,0.7140182,0.03941211,TP4,TP3,False,0.17626967165465499,0.03924841702243992,0.7839311883309236,0.0005507229919815923,2,43
T207,1,1,0,0.0,0,61,1,-1,1,1,3,97,0,-3.82360593,204,92,15,0,0,0.432253389,1,16,26,14,56,-0.251,0.457,-0.287,0.219,1.336,1.544,1.374,1.636,19081.872,22054.448,23379.901,-1.269,1.25,10.747,2.077,3.712787663,4.179430223,-0.466642561,-0.69,0.32,0.0,0.05,0.0,-1.72,-0.72,-1.81,-1.365,6.021,1.122,0.141,-2.686,-0.095,0.174,2.772,-2.379,-6.96,-1.658,1.897,0.228,3.049,7,1,0,0,1,1,1,1,0,0,0,0.86129487,0.7595533,0.95699334,0.67787874,TP4,TP1,False,0.9389004557030818,0.043456367186989794,0.016827832086525288,0.0008153450234032287,2,43
T209,1,1,0,0.0,0,55,1,1,1,-1,3,60,5,-5.043132153,130,45,19,0,0,0.273259908,0,5,15,15,35,-0.76,-0.6,-0.887,-0.693,1.099,1.406,1.073,1.592,15705.013,20084.148,22747.69,1.89,1.915,10.439,1.061,2.575944427,4.372911687,-1.79696726,-0.41,-0.56,-0.02,-0.1,0.05,-3.54,-1.78,-2.2,-1.317,3.08,0.744,-0.269,-0.606,-0.115,0.699,-0.378,-3.93,-7.468,-1.616,-0.069,-2.423,0.282,7,1,0,0,1,1,1,1,0,0,0,1.277989,2.1446745,1.3994024,1.7984657,TP1,TP1,True,0.9367716661010607,0.033007344976889896,0.027000996316985753,0.003219992605063775,2,43
T210,1,1,0,0.0,0,48,1,1,1,-1,2,23,3,-4.298068302,83,39,32,1,0,0.065527027,0,1,5,0,6,-0.807,-0.458,-0.872,-0.517,0.954,1.449,0.912,1.621,13624.828,20705.247,23153.23,1.484,2.966,11.224,-0.648,3.411614752,4.3587682,-0.947153448,-1.32,0.85,0.03,0.06,0.05,-3.65,-2.04,-3.19,-3.982,2.626,-1.455,-1.739,-1.935,-0.597,0.752,0.954,-3.924,-6.889,-5.785,-2.009,-2.326,0.379,7,1,0,0,1,1,1,1,0,0,0,1.6438786,2.7800891,2.2540848,2.403167,TP1,TP1,True,0.9450775527692238,0.030725986437575643,0.01693939879963946,0.007257061993561145,2,43
T213,1,1,0,0.0,0,50,1,-1,1,1,3,18,0,-2.79471863,87,47,7,1,1,0.296527441,1,6,20,13,39,-0.503,-0.396,-0.644,-0.501,1.384,1.541,1.394,1.672,19773.538,22018.09,23886.701,-1.261,0.264,9.827,1.591,3.246470374,3.103918841,0.142551533,0.04,-1.01,-0.01,-0.14,0.0,-2.15,-0.55,-2.17,-0.059,3.478,0.779,0.091,-1.009,0.235,0.888,0.037,-1.245,-4.459,-1.575,1.141,-0.151,1.723,7,1,0,0,1,1,1,1,0,0,0,0.71500224,0.6526674,0.90929925,0.5870961,TP4,TP1,False,0.9181550188166345,0.0012360205325732583,0.007259406096414255,0.07334955455437803,2,43
T215,1,1,0,0.0,0,33,1,-1,1,-1,3,29,0,-3.501901475,196,86,87,0,0,0.581378073,0,22,37,23,82,0.009,0.161,-0.11,-0.462,1.517,1.641,1.577,1.691,21675.333,23451.147,24159.382,0.424,1.154,8.789,3.132,4.180658851,3.634218203,0.546440648,-0.62,-0.9,0.0,-0.08,-0.04,-0.16,0.55,-0.93,0.068,4.619,2.441,2.071,0.271,1.45,1.748,-1.402,-1.679,-2.223,0.424,2.102,1.492,1.648,7,1,0,0,1,1,1,1,0,0,0,0.60267603,0.5000154,0.36338097,0.26180667,TP4,TP1,False,0.9718339137567756,0.015335682689260655,0.011775762833728722,0.0010546407202349888,2,43
T217,0,1,0,1.004,1,61,1,1,1,-1,2,25,7,-3.651364875,177,74,67,1,0,0.292553961,0,9,17,6,32,0.277,-0.249,-0.098,-0.576,1.558,1.545,1.568,1.643,22261.026,22077.442,23472.801,3.884,6.85,9.492,3.377,3.483856926,4.852187651,-1.368330725,0.09,-1.97,-0.14,-0.12,-0.03,-0.91,-0.17,-1.29,1.893,5.626,2.007,1.88,1.232,1.417,3.399,1.643,-1.941,-3.86,0.218,2.812,1.383,2.589,7,1,0,0,1,1,1,1,0,0,0,1.2510822,1.0059006,1.1103642,0.5441721,TP4,TP1,False,0.9065936348614103,0.028739200852163218,0.06458337692948257,8.378735694402957e-05,2,43
T218,0,0,0,3.072,2,40,1,1,1,1,3,34,8,-3.607653008,67,33,11,1,1,0.252727084,0,9,13,6,28,-0.613,-0.409,-0.698,-0.492,1.312,1.51,1.328,1.665,18738.522,21566.504,23793.166,3.272,6.405,5.784,1.321,3.205838073,4.825693524,-1.619855451,-0.89,-0.25,-0.02,-0.03,0.01,-1.44,-1.06,-2.18,-2.634,4.083,0.702,0.332,-0.919,0.15,1.591,1.377,-2.838,-5.677,-0.463,0.54,-0.604,0.146,7,1,0,0,1,1,1,1,0,0,0,1.2913146,1.8461407,1.3985854,1.4750735,TP1,TP1,True,0.959642442257325,0.030756596601999187,0.003648361379957896,0.005952599760717935,2,43
T177,0,1,0,1.014,1,49,1,1,-1,-1,3,35,8,-3.842312436,146,89,26,0,0,0.319808818,0,9,30,19,58,-0.588,-0.291,-0.724,-0.555,1.255,1.551,1.235,1.645,17931.089,22165.373,23502.919,4.198,6.027,6.08,0.975,3.34557227,3.944710554,-0.599138283,-0.61,-0.24,-0.02,-0.01,0.02,-2.17,-0.78,-2.45,-5.092,3.339,0.035,-1.346,-0.443,-0.361,1.77,0.707,-2.512,-5.931,-3.464,-0.551,-1.288,0.268,7,1,0,0,1,1,0,0,1,0,0,0.9093947,1.3661351,0.7573926,0.9009621,TP3,TP2,False,0.021232575782677687,0.9743833133691613,0.0039039727951941075,0.0004801380529670189,3,44
T179,1,1,0,0.0,0,57,1,1,-1,1,3,12,6,-3.491669617,67,23,15,0,1,0.52915936,0,5,19,11,35,0.622,0.48,0.636,0.222,1.67,1.691,1.766,1.746,23865.905,24164.468,24943.247,-3.106,2.85,5.02,5.209,4.831343569,3.820626177,1.010717392,-0.57,-1.65,-0.06,-0.16,-0.04,0.86,0.82,0.12,1.779,6.099,3.633,3.574,1.987,2.64,2.984,-1.379,-0.533,-2.572,1.284,3.475,2.633,1.889,6,1,0,0,1,1,0,0,1,0,0,0.99120516,1.0854366,1.293437,0.66822815,TP4,TP2,False,0.032488473013476876,0.8597643392301858,0.006125071216097803,0.10162211654023938,3,44
T182,0,1,0,1.102,1,39,1,1,-1,-1,3,29,8,-3.451055872,49,20,56,0,0,0.195487734,0,7,10,7,24,-0.63,0.133,-0.652,-0.431,1.324,1.61,1.403,1.703,18915.927,23007.751,24335.642,1.658,6.325,6.024,1.64,3.220976545,3.721792269,-0.500815723,-0.66,-0.25,0.01,-0.08,0.04,-2.15,-1.15,-2.17,-2.064,3.372,0.773,0.01,-1.038,-0.423,0.247,-0.723,-3.789,-7.113,-1.512,0.109,-0.482,-1.056,6,1,0,0,1,1,0,0,1,0,0,0.7510159,1.3393044,0.5558915,1.4147434,TP3,TP2,False,0.01228327711067576,0.9847006436069372,9.435668527701825e-05,0.0029217225971099434,3,44
T183,0,0,0,3.093,2,58,1,1,-1,1,3,59,8,-3.944314469,361,155,62,0,0,0.311916754,1,8,24,11,43,-0.686,0.065,-0.798,-0.486,1.144,1.62,1.066,1.689,16346.261,23149.843,24133.836,-1.417,7.011,6.592,-0.283,3.029618327,4.382125851,-1.352507523,-0.76,-0.53,0.02,-0.13,0.05,-3.55,-2.07,-3.21,-5.882,1.792,-1.697,-2.773,-1.488,-1.447,-0.037,-1.146,-3.648,-7.564,-5.692,-1.957,-3.832,-1.889,6,1,0,0,1,1,0,0,1,0,0,1.8607001,2.4497352,2.14408,4.3989987,TP1,TP2,False,0.05450520113871494,0.9435319246944985,0.0005747938815394214,0.0013880802852470817,3,44
T184,0,0,0,1.41,2,53,1,-1,-1,1,3,43,0,-3.837849823,275,111,59,1,0,0.509950682,0,14,27,25,66,-0.579,0.446,-0.637,0.098,1.152,1.627,1.215,1.666,16457.168,23248.185,23801.602,-3.304,-0.406,6.643,0.55,4.597681093,3.731863168,0.865817925,-0.8,-0.44,0.06,-0.15,0.02,-3.53,-2.17,-2.4,-2.307,4.466,-0.389,-2.515,-2.602,-1.952,-1.697,-0.588,-3.644,-7.557,-2.287,1.571,-2.22,0.068,4,1,0,0,0,0,0,0,0,0,1,1.0917864,1.2247111,1.5254805,1.9478712,TP1,TP4,False,0.06145879366536031,0.04465100558252133,0.0016964558591691175,0.8921937448929492,3,44
T189,0,0,1,3.395,3,39,1,1,-1,1,3,52,8,-3.853311033,840,342,137,0,0,0.333798182,0,11,13,8,32,0.036,-0.555,0.228,-0.655,1.522,1.434,1.626,1.603,21741.694,20487.338,22906.097,0.138,0.588,4.384,3.2,2.873665562,4.541716136,-1.668050574,0.24,-0.51,-0.11,0.12,-0.06,0.27,0.65,-1.44,-2.124,5.444,1.82,1.456,3.174,1.581,2.639,1.025,-1.563,-3.97,-0.343,2.218,0.813,2.215,6,1,0,0,1,1,0,0,1,0,0,1.0600548,1.3118534,1.2685096,1.5303998,TP1,TP2,False,0.003074014115615135,0.9484558986306323,0.025269903938713183,0.02320018331503942,3,44
T191,0,0,1,3.536,3,60,0,1,-1,1,2,58,8,-3.834474131,232,103,53,0,0,0.357497927,0,8,27,25,60,0.407,-0.457,0.652,-0.557,1.639,1.506,1.825,1.652,23413.105,21510.549,23607.102,3.383,5.232,5.69,5.582,2.892490145,4.846769618,-1.954279473,0.55,-3.33,-0.26,-0.13,-0.1,0.88,2.08,0.66,0.931,6.76,4.223,3.835,4.867,3.277,3.897,4.742,-0.374,-1.138,1.529,3.639,2.826,0.467,7,0,1,1,0,1,1,1,0,0,0,1.8127122,2.1636374,2.4901922,0.8644133,TP4,TP1,False,0.8111593657594194,0.13165072440057504,0.05621915096897369,0.0009707588710319841,3,44
T192,0,0,0,1.5,2,32,1,1,-1,1,3,27,8,-3.445286445,113,50,14,0,0,0.252283258,0,10,11,10,31,-0.642,0.194,-0.764,-0.403,1.301,1.598,1.291,1.682,18583.736,22832.593,24028.632,3.552,5.56,5.223,1.274,3.411623701,4.544771343,-1.133147642,-0.77,0.09,0.0,-0.02,0.05,-2.45,-1.49,-2.44,-1.741,3.457,0.277,0.123,-1.075,-0.103,-0.649,1.624,-4.221,-5.828,-0.645,0.487,-1.219,-0.051,6,0,1,1,0,1,0,0,1,0,0,1.0000293,1.8616202,0.7437039,1.7416553,TP3,TP2,False,0.07284283819101983,0.9158558910214883,9.209967179227392e-05,0.011209171115699487,3,44
T194,0,0,0,3.061,2,43,1,1,-1,1,3,50,8,-3.931041192,82,33,28,0,1,0.350404122,0,8,15,4,27,-0.193,0.075,-0.55,-0.3,1.391,1.587,1.305,1.683,19870.835,22676.92,24048.918,3.708,5.989,6.478,0.321,3.853877012,5.083187852,-1.22931084,-1.26,-1.09,0.01,-0.15,-0.02,-1.17,1.13,-3.03,-5.391,2.981,-1.028,-1.312,-2.736,-0.841,-0.725,-0.087,-3.823,-6.59,-2.104,-1.595,-2.591,-1.575,7,1,0,0,1,1,1,1,0,0,0,1.0190861,1.7295562,0.9946985,2.2618923,TP3,TP1,False,0.8447981926660724,0.15468210024472095,0.00010904714244680799,0.0004106599467598218,3,44
T195,0,1,0,1.341,1,74,1,-1,-1,-1,3,40,0,-3.711672496,379,183,60,1,1,0.44612918,0,8,24,14,46,-0.416,0.627,-0.385,0.415,1.342,1.699,1.431,1.718,19178.35,24278.264,24550.719,-3.826,-0.787,5.562,2.152,4.726718604,4.114715864,0.61200274,-1.19,-0.43,0.03,-0.11,0.02,-1.48,-1.3,-2.04,-0.756,5.07,0.643,0.512,1.084,1.141,-1.19,0.153,-3.927,-0.872,0.344,1.927,-0.388,1.777,4,1,0,0,0,0,0,0,0,0,1,0.9002481,0.83299124,1.0788021,1.8390115,TP2,TP4,False,0.0011108688422553936,0.10709804068266704,0.015175119352446996,0.8766159711226306,3,44
T198,1,1,0,0.0,0,63,1,-1,-1,1,3,8,0,-3.412114954,174,80,76,0,1,0.690270867,0,8,20,8,36,0.409,0.185,0.343,-0.374,1.604,1.619,1.714,1.704,22917.31,23127.291,24341.382,-4.266,0.127,4.583,4.244,3.714560439,4.01301383,-0.298453391,-0.08,-1.42,-0.05,-0.14,-0.03,0.51,1.16,-0.78,1.083,5.587,2.61,2.925,3.486,2.441,2.717,-0.051,0.073,-2.753,0.38,2.684,1.783,1.261,4,1,0,0,0,0,0,0,0,0,1,0.5876368,0.78053486,0.7356979,0.6894219,TP1,TP4,False,0.022774207677857938,0.1121837809123205,0.00718661261245556,0.857855398797366,3,44
T200,0,0,0,3.08,2,73,1,1,-1,1,3,18,4,-3.378179938,109,48,12,0,1,0.414165569,0,12,16,6,34,-0.521,-0.513,-0.615,-0.653,1.391,1.578,1.443,1.672,19873.472,22543.163,23885.957,-4.192,-0.692,3.382,2.085,2.446839077,3.315522604,-0.868683527,0.7,-1.87,-0.05,-0.2,-0.03,-2.51,-0.69,-2.71,-1.082,2.302,-0.19,0.286,0.154,0.283,0.143,-3.54,0.862,-6.976,-4.203,-0.86,-0.907,1.111,3,1,0,0,0,0,0,0,0,0,1,0.81098646,1.1743587,1.106806,1.378394,TP1,TP4,False,0.005649278000089929,0.10124387773210096,0.0018975614142620785,0.8912092828535471,3,44
T201,1,1,0,0.0,0,55,1,-1,-1,-1,3,10,0,-4.262156726,219,84,43,0,1,0.705949115,1,9,28,23,60,-0.657,-0.332,-0.679,-0.574,1.268,1.575,1.354,1.672,18122.095,22500.731,23892.775,-2.348,-1.599,4.608,2.481,3.422970924,2.890560758,0.532410166,-0.38,-0.14,-0.01,0.0,0.0,-2.28,-1.15,-1.69,-4.6,3.283,1.463,0.955,-2.815,0.821,0.875,-1.232,-2.072,-7.095,-2.292,0.47,-0.955,0.019,3,1,0,0,0,0,0,0,0,0,1,0.8124457,0.9544741,1.0664761,0.93919796,TP1,TP4,False,0.002849457322772825,0.1462212263727554,0.007917497106756774,0.843011819197715,3,44
T203,0,0,0,3.151,2,48,0,1,-1,-1,3,35,8,-4.293275778,53,25,15,0,0,0.099216303,0,3,8,4,15,-0.711,-0.461,-0.887,-0.532,1.039,1.531,0.973,1.662,14847.423,21872.203,23748.589,2.915,7.069,5.841,-0.727,2.58363052,5.02211762,-2.4384871,-1.03,-0.75,0.02,-0.19,0.06,-4.11,-2.14,-3.42,-7.498,0.37,-3.051,-2.468,-4.809,-2.042,-1.627,0.003,-6.429,-7.947,-6.221,-2.895,-3.847,-3.098,6,1,0,0,1,1,0,0,1,0,0,2.2534604,3.8449025,2.633008,4.960855,TP1,TP2,False,0.10158802977932119,0.8908074351021453,1.5236149155526508e-05,0.007589298969377827,3,44
T208,1,1,0,0.0,0,53,1,1,-1,-1,3,45,4,-4.506024837,158,69,40,0,1,0.527670676,1,18,27,25,70,0.077,0.415,-0.181,0.131,1.503,1.664,1.533,1.742,21474.115,23769.645,24884.84,-2.607,1.929,5.998,3.142,4.898400311,4.71739267,0.181007641,-1.47,0.02,0.09,-0.03,-0.06,0.47,0.51,-1.56,-0.791,5.082,1.609,2.127,1.802,1.622,2.273,-0.775,-0.482,-3.697,0.454,1.877,1.049,1.747,7,0,1,1,0,1,0,0,1,0,0,0.8729029,0.81842303,0.5907438,0.43934268,TP4,TP2,False,0.011189502660708851,0.9806639297991843,0.006515272880627839,0.001631294659479175,3,44
T211,1,1,0,0.0,0,49,0,1,-1,-1,3,32,4,-3.263202088,87,37,15,0,1,0.166424472,0,5,15,9,29,0.418,-0.517,0.559,-0.635,1.725,1.456,1.861,1.602,24646.875,20807.214,22894.64,-0.068,2.818,5.355,6.836,3.512646818,4.900744087,-1.388097269,1.12,-2.41,-0.2,-0.09,-0.07,1.3,2.19,1.21,3.182,7.282,4.786,5.544,4.213,4.179,3.766,1.974,0.49,-0.681,3.395,4.703,4.068,3.763,6,1,0,0,1,1,0,0,1,0,0,1.6140649,1.9913319,2.4739563,0.7275069,TP4,TP2,False,0.041972826582414025,0.8197897939780546,0.04045428265426632,0.09778309678526499,3,44
T212,0,0,0,1.482,2,74,1,-1,-1,-1,3,26,0,-4.04021842,140,65,28,1,0,0.221599854,0,9,20,6,35,-0.731,0.017,-0.855,-0.327,1.174,1.54,1.062,1.666,16776.111,21996.516,23801.182,0.158,1.274,7.88,1.188,4.208137362,4.943526725,-0.735389363,-1.43,0.18,0.04,-0.01,0.0,-2.38,-0.65,-2.27,-4.091,3.86,0.658,-0.333,-1.628,-0.225,1.389,0.256,-0.56,-7.358,-1.248,-0.129,-1.109,1.131,6,1,0,0,1,1,0,0,1,0,0,0.79670906,1.2836967,1.3382211,1.4282613,TP1,TP2,False,0.04987817030067989,0.802317516173239,0.028440233350722155,0.1193640801753591,3,44
T214,0,0,0,1.611,2,72,1,-1,-1,-1,3,50,0,-3.955823426,159,70,23,0,1,0.410079347,0,10,31,14,55,-0.719,-0.225,-0.812,-0.453,1.11,1.562,1.103,1.678,15853.496,22312.77,23972.056,-0.836,1.118,5.337,0.089,2.949051287,2.954778891,-0.005727604,-1.36,0.23,0.07,-0.07,0.04,-2.83,-1.54,-2.7,-3.842,1.915,-0.137,-1.365,0.328,0.008,-0.459,-2.917,-4.875,-7.222,-2.84,-1.292,-0.83,-0.428,6,1,0,0,1,1,0,0,1,0,0,1.0489068,1.2903378,1.4396436,1.9856253,TP1,TP2,False,0.015791589994683736,0.8319701505534759,0.004759871516085866,0.14747838793575455,3,44
T216,0,0,1,3.706,3,50,1,1,-1,1,3,108,8,-3.66600874,340,134,111,0,1,0.376794378,0,5,3,5,13,0.359,-0.68,-0.153,-0.682,1.57,1.395,1.572,1.609,22424.983,19930.444,22993.451,6.222,4.476,4.641,3.338,2.017332247,4.401735057,-2.38440281,0.16,-1.43,-0.11,-0.08,-0.02,-1.02,-0.24,-1.16,1.195,5.188,2.178,1.267,-0.064,1.312,0.808,1.392,-1.973,-5.25,-0.19,2.636,1.257,1.323,6,1,0,0,1,1,0,0,1,0,0,1.3653734,1.8429248,1.8770301,1.8693156,TP1,TP2,False,0.04512596212753852,0.9321743092240296,0.006250554542305506,0.01644917410612655,3,44
A002,0,0,0,4.381,3,57,1,1,-1,1,3,70,8,-3.967478,262,134,60,0,0,0.261300406,1,3,9,4,16,0.588,0.624,0.637,0.314,2.055,2.194,2.221,2.284,22059.99,23555.511,24517.194,1.619,6.752,6.59,4.086,4.042607109,4.265593169,-0.22298606,0.06,-1.16,0.03,-0.19,-0.02,0.05,-0.41,-0.41,-0.484,4.019,3.131,2.863,1.85,1.91,2.937,3.127,0.469,-1.213,0.896,2.65,1.594,4.069,6,1,0,0,1,1,0,0,1,0,0,1.7086942,1.7582779,1.9780712,1.1790458,TP4,TP2,False,1.9034306838794178e-05,0.9999463597475374,2.4531297062595455e-05,1.0074648561142919e-05,3,44
A004,0,0,0,2.865,2,45,1,1,-1,1,2,44,8,-7.0739864,33,19,0,1,0,0.146476691,0,5,6,0,11,-0.077,-0.732,0.129,-0.603,1.894,1.572,2.048,2.109,20331.419,16870.777,22634.52,1.807,3.317,5.124,3.74,0.829679163,4.501917816,-3.672238653,0.17,1.96,-0.05,0.33,0.04,-1.61,-0.53,-0.3,-0.785,4.554,3.266,2.446,2.62,1.88,3.462,3.631,0.635,-5.597,-1.253,2.288,0.606,1.288,6,1,0,0,1,1,0,0,1,0,0,2.406343,3.0496185,1.5559664,0.845694,TP4,TP2,False,0.0005272917532570056,0.9463606023992065,0.0015811222823785942,0.05153098356515794,3,44
A005,1,0,0,0.0,0,27,1,1,-1,1,3,51,4,-3.5832833,269,138,68,0,1,0.507686998,1,21,35,30,86,0.672,0.582,0.664,0.499,2.233,2.252,2.367,2.346,23970.414,24177.888,25181.154,-2.354,-0.308,5.327,5.618,5.043276825,4.346703404,0.696573421,-0.59,-1.26,0.08,-0.19,-0.1,1.87,2.0,0.66,2.234,5.09,4.284,4.522,1.37,3.308,3.098,0.665,-0.468,-1.237,2.998,3.48,2.867,4.362,6,1,0,0,1,1,0,0,1,0,0,1.3706694,1.3173995,1.1874434,1.0054339,TP4,TP2,False,0.004558141264881507,0.9926745846836261,0.001277108660742237,0.0014901653907500871,3,44
A007,0,0,0,2.722,2,40,1,1,-1,1,2,21,7,-6.827391,49,29,12,1,0,0.123499002,0,4,6,2,12,-0.034,-0.656,0.229,-0.339,1.923,1.755,2.08,2.186,20639.638,18835.798,23461.553,4.063,3.608,5.134,4.029,1.474393935,3.850658318,-2.376264384,0.57,-0.05,-0.04,-0.03,0.08,-1.33,-1.33,-0.38,-1.654,3.819,3.175,2.329,3.512,1.42,2.79,4.783,-0.048,-2.732,0.083,2.4,0.577,2.162,6,1,0,0,1,1,0,0,1,0,0,1.5032115,2.1907086,1.1949439,0.61257625,TP4,TP2,False,0.0006538635768266298,0.9383514217877952,0.0008570707919268235,0.060137643843451376,3,44
A010,1,0,0,0.0,0,42,1,1,-1,-1,3,22,8,-4.2699236,136,64,38,1,1,0.291685107,0,8,14,8,30,0.225,0.171,0.481,-0.197,2.001,2.047,2.192,2.256,21483.666,21976.766,24218.342,4.223,5.166,5.367,3.912,3.913295771,4.082472133,-0.169176363,-0.45,-0.24,0.04,-0.06,0.0,0.55,-0.08,-0.59,-0.419,4.274,2.913,2.702,2.913,1.724,2.535,3.853,-1.428,-3.286,0.551,2.683,1.194,4.097,6,1,0,0,1,1,0,0,1,0,0,0.7229325,0.8448627,1.1083233,0.38814086,TP4,TP2,False,0.00010790124714702157,0.9967967709324833,0.0007874860724551046,0.0023078417479145577,3,44
A012,0,0,0,1.185,1,48,1,1,-1,-1,3,56,8,-3.594931,132,69,19,0,0,0.352518589,0,13,29,12,54,0.638,0.562,0.712,0.444,2.207,2.222,2.414,2.34,23693.915,23851.88,25119.744,3.949,5.457,5.02,6.064,4.46376819,4.559770293,-0.096002103,-0.1,-2.02,0.03,-0.31,-0.02,1.65,1.16,1.18,2.174,4.939,4.838,4.828,3.694,3.472,2.594,0.941,-0.391,-1.044,2.836,4.216,3.131,4.411,6,1,0,0,1,1,0,0,1,0,0,1.6130426,1.7414122,2.4108393,0.97908646,TP4,TP2,False,3.720967677918759e-05,0.9999185255756716,3.889304119212245e-05,5.371706357106277e-06,3,44
A014,0,0,0,3.677,3,63,0,1,-1,1,2,47,8,-5.0733694,25,21,22,0,0,0.162486057,0,5,8,1,14,-0.116,-0.503,-0.497,-0.62,1.914,1.836,2.021,2.174,20549.555,19703.476,23333.628,-0.835,7.804,5.688,3.354,1.898142253,4.995984077,-3.097841824,-0.34,-1.3,-0.01,-0.2,0.03,-1.19,-0.78,-0.81,-1.346,3.22,2.688,1.759,0.429,1.122,0.97,3.7,-3.504,-5.122,0.193,1.599,-0.038,0.907,6,1,0,0,1,1,0,0,1,0,0,2.1382043,2.7486672,2.1601298,2.525221,TP1,TP2,False,0.010010404405884707,0.965395020197029,0.00012200727297266909,0.024472568124113667,3,44
A017,0,0,0,1.625,2,57,1,1,-1,-1,3,26,8,-4.859264,116,65,47,0,1,0.338163615,0,9,15,5,29,-0.415,0.187,-0.392,-0.117,1.821,2.035,1.957,2.23,19545.062,21842.44,23940.294,3.885,7.253,5.896,2.105,3.664123247,4.430635574,-0.766512327,-0.59,0.35,0.08,-0.03,0.0,-0.29,-0.65,-1.84,-1.639,3.381,1.361,1.106,1.443,1.05,2.024,4.886,-0.092,-4.456,-0.546,0.819,0.076,2.591,6,1,0,0,1,1,0,0,1,0,0,0.8081815,0.83822906,0.657546,0.3199542,TP4,TP2,False,9.147248701905224e-05,0.998507501448306,0.000816519891142918,0.000584506173532005,3,44
A023,0,0,0,1.073,1,47,1,1,-1,-1,3,34,8,-3.4648956,92,58,27,0,0,0.431404706,0,14,28,21,63,0.126,0.259,0.372,0.021,1.988,2.064,2.136,2.268,21341.057,22157.625,24345.681,1.082,6.057,7.26,4.004,3.729377229,5.301504943,-1.572127714,-0.62,0.37,0.08,-0.03,0.01,0.13,-0.18,0.24,0.834,4.62,3.852,2.917,0.655,2.118,2.017,3.78,-0.268,-2.874,0.806,3.033,1.232,3.098,6,1,0,0,1,1,0,0,1,0,0,0.9641143,1.113312,0.6919034,0.18696934,TP4,TP2,False,0.0005200637723808516,0.9978933023391348,0.0009633239782079012,0.0006233099102764721,3,44
A042,0,0,0,0.946,1,50,0,-1,-1,-1,3,22,0,-4.407352,32,17,7,1,0,0.511694128,1,3,10,2,15,0.102,0.444,0.418,0.458,1.965,2.163,2.152,2.314,21088.277,23216.108,24841.633,-1.245,-0.583,3.392,4.05,4.559614381,4.477975082,0.081639299,-0.69,1.23,0.08,0.12,-0.01,-0.23,0.79,-1.02,-2.637,4.471,2.43,2.775,4.119,2.143,4.053,7.261,-2.101,-3.923,1.539,1.54,0.674,2.907,6,1,0,0,1,1,0,0,1,0,0,1.0084739,1.2530515,0.8968019,0.49562532,TP4,TP2,False,5.568873929445225e-06,0.9979931213617698,5.915585236874488e-06,0.001995394179063917,3,44
A057,0,0,0,1.518,2,54,1,1,-1,1,2,32,8,-3.2928437,25,14,10,0,0,0.153638526,0,2,3,0,5,-0.312,-0.316,-0.623,0.201,1.858,1.959,1.942,2.251,19944.942,21025.657,24159.55,5.598,4.668,5.78,2.991,2.479851189,3.828840618,-1.348989429,-0.54,-0.89,-0.03,-0.19,0.09,-1.74,-1.63,-1.59,-0.26,3.726,1.733,1.848,1.77,0.548,3.563,1.728,-1.432,-4.827,-0.038,1.396,1.691,0.346,6,1,0,0,1,1,0,0,1,0,0,1.2458422,2.173536,1.0087266,2.0917385,TP3,TP2,False,0.0026667325537049814,0.992785316458804,0.00010786447298409309,0.004440086514507037,3,44
A067,0,0,0,2.926,2,39,1,1,-1,1,3,33,7,-3.7422008,76,41,39,0,0,0.2613614,0,2,14,0,16,-0.37,-0.248,-0.502,-0.329,1.849,1.938,1.916,2.198,19843.0,20804.509,23598.013,3.612,6.037,7.389,2.778,2.870601405,6.16264448,-3.292043075,-0.74,-0.66,0.05,-0.16,0.02,-1.25,-0.62,-0.55,-0.548,3.503,2.981,1.797,1.006,0.925,1.421,3.558,-1.62,-6.283,0.126,1.781,0.338,2.341,6,1,0,0,1,1,0,0,1,0,0,1.0021136,1.9353875,0.84704405,1.3097458,TP3,TP2,False,0.014925896982788482,0.9782873897035375,0.00023076639422041608,0.006555946919453714,3,44
A102,0,0,0,3.772,3,49,1,1,-1,1,3,39,7,-3.557008,110,59,23,1,1,0.389188076,0,11,13,8,32,0.408,0.515,0.494,0.465,2.032,2.16,2.171,2.314,21816.038,23185.861,24836.315,1.47,3.127,5.61,3.706,3.820032491,4.353574721,-0.53354223,-0.91,-0.6,0.05,-0.2,0.05,0.04,-0.22,-0.51,1.621,4.778,3.023,2.941,4.273,1.976,2.364,5.029,-2.124,-2.306,1.201,2.962,1.178,3.156,6,1,0,0,1,1,0,0,1,0,0,1.0971739,1.1905605,1.2274292,0.66178423,TP4,TP2,False,0.001447207578477472,0.9748416374618153,0.0006748432294995337,0.023036311730207683,3,44
A149,0,0,0,3.128,2,50,1,1,-1,1,2,44,8,-3.658615,87,41,8,1,0,0.301982012,0,3,6,0,9,-0.36,-0.68,-0.343,-0.437,1.857,1.676,1.991,2.158,19934.927,17995.343,23163.217,3.459,6.832,6.902,2.941,1.21228227,4.427390079,-3.215107809,-0.32,0.82,-0.02,0.11,0.05,-1.31,-0.88,-0.79,-0.324,4.17,2.711,1.814,1.802,1.177,2.951,5.097,-1.109,-4.129,-0.338,2.071,0.737,1.16,6,1,0,0,1,1,0,0,1,0,0,1.5611014,2.441727,0.9522589,1.0754794,TP3,TP2,False,0.00978016831135895,0.9546091482758221,0.0015897406318232715,0.03402094278099572,3,44
A248,0,0,0,1.141,1,48,1,1,-1,-1,3,36,5,-3.77829,105,54,18,0,1,0.396386059,0,6,19,7,32,0.504,0.662,0.616,0.589,2.126,2.305,2.283,2.394,22823.283,24743.133,25694.975,-2.923,1.812,5.371,4.966,5.179385861,2.780366264,2.399019597,-0.81,-1.06,0.08,-0.24,-0.01,1.03,0.25,-0.37,1.313,4.466,3.175,3.344,3.149,2.487,2.58,-0.585,-0.541,-2.228,1.164,3.243,1.951,3.975,6,1,0,0,1,1,0,0,1,0,0,1.388037,1.1482623,1.4725704,1.12661,TP4,TP2,False,1.885008701377932e-05,0.9964911604761938,0.00019351818784212903,0.0032964712489503794,3,44
A253,0,0,0,1.788,2,49,1,1,-1,1,2,25,7,-3.929318,19,12,10,0,0,0.373339895,0,9,6,2,17,0.614,-0.446,0.783,-0.357,2.234,1.895,2.397,2.213,23976.471,20346.268,23755.721,1.319,2.981,5.147,6.286,3.048211354,4.567470736,-1.519259382,0.92,-1.53,-0.09,-0.13,0.0,1.42,0.48,1.92,3.459,6.291,5.598,4.777,3.301,3.636,3.339,4.343,0.2,-3.541,2.343,5.024,2.988,3.72,6,1,0,0,1,1,0,0,1,0,0,1.6004105,2.137399,2.1385694,0.65236485,TP4,TP2,False,0.0009628952671130233,0.9904213045958689,0.0006880878341114226,0.00792771230290667,3,44
A280,0,0,0,3.366,3,46,1,1,-1,1,2,56,8,-3.8205074,113,60,24,0,0,0.140250641,0,4,4,1,9,-0.629,-0.069,-0.671,-0.221,1.794,1.997,1.889,2.241,19255.948,21433.542,24054.313,6.312,6.82,6.869,2.746,2.985221288,5.090291771,-2.105070484,-1.08,0.89,0.09,-0.02,0.08,-1.87,-1.37,-0.9,-0.756,3.746,2.577,1.439,1.206,0.636,2.038,4.778,-3.53,-5.222,-1.159,1.622,-0.403,1.815,6,1,0,0,1,1,0,0,1,0,0,1.5156121,2.4004996,0.91161704,2.1602776,TP3,TP2,False,0.0007513066023033829,0.9987156244108566,8.141933585987213e-05,0.00045164965098009187,3,44
A292,0,0,0,1.696,2,49,1,1,-1,-1,2,58,8,-3.6879086,29,17,18,0,0,0.250253873,0,1,6,0,7,-0.727,-0.769,-0.83,-0.687,1.565,1.472,1.593,2.103,16795.469,15804.31,22570.398,4.795,5.526,5.782,0.398,0.014029768,4.129527116,-4.115497348,-0.8,-0.02,0.0,-0.05,0.07,-2.87,-1.57,-2.53,-2.01,2.02,0.299,-0.419,-2.193,-0.777,-0.676,3.055,-3.328,-7.068,-3.955,-0.248,-3.042,-0.71,6,1,0,0,1,1,0,0,1,0,0,1.8705647,3.2942955,1.6688662,3.1220973,TP3,TP2,False,0.02404368077120135,0.8997173005498574,0.00028219020918737736,0.07595682846975385,3,44
A304,0,0,0,1.859,2,48,1,1,-1,-1,3,48,3,-3.2654308,100,62,9,0,1,0.50035382,0,8,29,13,50,-0.151,0.468,-0.253,0.436,1.91,2.157,1.995,2.333,20500.733,23159.453,25040.717,-1.618,0.315,5.443,3.462,4.579334546,4.001047637,0.578286908,-1.72,0.81,0.12,0.02,-0.02,-0.13,-0.39,-0.61,0.183,4.588,2.854,1.988,3.791,1.052,3.488,2.618,1.142,-5.075,-0.397,1.351,-0.222,2.159,6,1,0,0,1,1,0,0,1,0,0,0.91629237,0.760182,0.5263064,0.5158031,TP4,TP2,False,0.00014564061713359612,0.969342965809168,0.004666113083703833,0.025845280489994613,3,44
A332,0,0,0,3.233,2,46,0,1,-1,1,2,60,8,-4.262513,15,10,7,1,0,0.160713418,1,4,7,0,11,-0.49,-0.803,-0.508,-0.6,1.822,1.529,1.956,2.134,19559.944,16416.456,22910.788,1.307,4.439,6.743,3.396,0.658067247,4.829245437,-4.17117819,-0.2,0.17,0.01,0.02,0.01,-1.77,-0.77,0.04,-0.455,3.586,3.634,2.042,0.214,1.82,1.335,6.356,-1.348,-3.599,0.404,2.02,0.358,0.71,6,1,0,0,1,1,0,0,1,0,0,2.1116374,3.1244543,1.7901032,1.4847983,TP4,TP2,False,0.020371847921929243,0.808569928518403,0.00034146461306601753,0.17071675894660163,3,44
A354,0,0,0,3.298,3,48,1,1,-1,1,2,21,8,-3.767925,24,14,2,0,0,0.277264442,0,7,11,3,21,-0.709,-0.034,-0.797,-0.191,1.622,1.977,1.697,2.224,17411.053,21226.921,23874.241,4.09,5.86,6.236,1.419,3.324847782,5.420570177,-2.095722396,-0.86,0.73,0.07,0.01,0.05,-2.16,-1.4,-2.29,-4.635,2.87,0.645,0.184,-1.297,-0.326,1.731,4.694,-2.655,-7.279,-4.385,-0.117,-1.201,0.482,6,1,0,0,1,1,0,0,1,0,0,1.5821857,2.6601915,1.2228327,2.1663935,TP3,TP2,False,0.004250286559082795,0.994264524383192,0.00015122792769030138,0.0013339611300348985,3,44
A359,1,0,0,0.0,0,54,1,1,-1,1,3,23,3,-3.7284383,144,78,33,0,1,0.673810745,0,11,18,9,38,0.559,0.485,0.516,0.337,2.133,2.181,2.207,2.31,22893.275,23410.199,24795.498,-1.448,2.749,5.177,3.627,5.014147539,4.091313888,0.922833651,-0.95,-0.19,0.1,-0.03,-0.1,1.09,0.34,-0.45,0.814,4.613,3.091,2.517,1.389,2.324,2.516,1.129,0.51,-4.244,-0.005,2.692,1.187,2.902,6,1,0,0,1,1,0,0,1,0,0,1.0635098,0.9205346,0.8122339,0.67124563,TP4,TP2,False,0.0006090259335435541,0.9837635444731277,0.0006239016780176633,0.015003527915311175,3,44
A398,0,0,0,3.467,3,50,0,1,-1,1,2,46,8,-4.3015813,20,15,2,1,0,0.13515221,0,2,6,0,8,-0.521,-0.782,-0.512,-0.492,1.809,1.553,1.957,2.135,19418.756,16673.453,22917.628,3.64,5.251,6.954,3.357,0.972370178,4.764021388,-3.791651209,-0.83,1.28,0.03,0.13,0.05,-1.22,-0.85,-0.5,0.002,3.785,3.034,2.1,0.867,1.262,1.177,5.13,-1.467,-6.674,-0.629,1.952,0.621,2.315,2,1,0,0,0,0,0,0,0,0,1,2.1985583,3.1598597,1.7842617,1.3481655,TP4,TP4,True,0.0065117151023576835,0.44225349289362215,0.0004697635210784575,0.5507650284829417,3,44
A419,0,0,0,2.645,2,52,0,1,-1,1,2,30,8,-4.3875174,64,37,17,0,0,0.238990012,0,4,7,3,14,-0.117,-0.377,0.22,-0.572,1.951,1.97,2.108,2.208,20947.222,21147.059,23703.517,2.211,5.662,4.522,3.584,2.637564074,4.496545044,-1.85898097,0.18,0.5,0.03,0.03,0.04,-1.33,-1.09,-0.48,0.271,4.062,3.054,2.05,0.338,1.313,1.734,3.348,-2.175,-6.913,-0.022,2.789,0.445,2.166,6,1,0,0,1,1,0,0,1,0,0,1.6708617,2.3345883,1.4682784,0.72885096,TP4,TP2,False,0.0002365508958116262,0.9799263889212001,4.614175959102918e-05,0.019790918423397145,3,44
A463,0,0,0,1.217,1,48,1,1,-1,-1,3,21,8,-4.074614,52,27,26,0,1,0.323486358,0,6,7,4,17,0.472,0.218,0.432,0.303,2.067,2.036,2.174,2.269,22182.684,21851.099,24361.506,5.155,4.759,6.097,3.992,3.674381673,4.50797251,-0.833590837,-0.57,-0.58,0.02,-0.09,-0.01,0.37,-0.18,0.16,0.386,5.079,3.757,3.137,2.394,2.286,2.835,4.302,-0.572,-1.68,1.896,3.3,1.696,3.867,6,1,0,0,1,1,0,0,1,0,0,1.0888476,1.1792806,1.43681,0.4936021,TP4,TP2,False,0.0001075450229958737,0.9987365254712878,0.0002936859338247999,0.0008622435718915047,3,44
A476,0,0,0,2.126,2,36,1,1,-1,1,2,33,8,-4.5464367,37,18,42,0,0,0.315726418,1,4,15,3,22,0.133,0.131,-0.247,-0.321,1.98,2.01,2.019,2.217,21258.253,21577.621,23803.036,3.126,6.445,6.475,3.624,3.350323489,5.491409062,-2.141085573,-0.62,-0.48,0.05,-0.14,0.02,-0.27,-0.74,-1.0,1.177,4.481,2.438,2.419,1.805,1.571,1.77,4.134,-2.218,-2.189,0.592,2.724,0.851,2.846,5,1,0,0,1,1,0,0,1,0,0,1.3621616,1.9514358,1.0127225,0.8199427,TP4,TP2,False,0.004441298051310366,0.9951814039966259,5.5213960730831635e-05,0.0003220839913329474,3,44
A524,0,0,0,3.233,2,49,1,1,-1,1,2,51,8,-4.3377627,84,45,19,1,0,0.191741168,1,4,6,0,10,0.213,-0.405,0.192,-0.257,1.983,1.887,2.058,2.211,21288.127,20257.141,23729.78,-0.761,4.883,6.145,3.361,2.322623341,5.247790404,-2.925167063,0.1,-0.42,-0.12,0.06,0.01,-1.08,-0.54,-0.84,-2.077,4.682,2.639,2.168,1.623,1.515,4.074,3.97,0.042,-4.97,-0.721,2.374,0.245,2.626,6,1,0,0,1,1,0,0,1,0,0,1.6220219,2.6020548,1.238781,0.70751715,TP4,TP2,False,0.0021023220105479577,0.9956795365617916,0.000696054636259565,0.0015220867914008634,3,44
A530,0,0,0,2.025,2,45,1,1,-1,-1,3,28,7,-3.2068948,83,42,18,0,1,0.637201551,0,7,13,5,25,0.586,-0.719,0.564,-0.34,2.099,1.63,2.243,2.168,22532.717,17495.46,23277.079,1.651,6.144,5.983,4.053,0.59884803,3.542538614,-2.943690584,0.13,-1.43,-0.07,-0.14,0.0,0.03,-0.27,-0.09,0.888,4.305,3.495,2.632,1.54,1.871,2.554,6.286,-1.557,-5.915,0.833,2.792,1.293,3.845,6,1,0,0,1,1,0,0,1,0,0,0.90139955,1.1793652,1.263571,0.39360005,TP4,TP2,False,0.0044986249747826276,0.924761214861095,0.0015258447163033362,0.06921431544781906,3,44
A538,0,0,0,3.593,3,56,1,1,-1,1,2,36,8,-3.169434,33,16,26,0,0,0.307718769,0,9,10,5,24,0.382,0.003,-0.128,-0.059,1.988,1.952,2.0,2.192,21337.418,20949.634,23535.044,-2.063,6.857,5.365,3.563,3.175250914,5.43277705,-2.257526136,-0.34,-0.93,-0.01,-0.14,0.0,-0.81,-0.44,-0.49,-2.324,4.37,3.029,2.052,1.999,1.605,3.819,3.646,-0.938,-6.352,-0.257,2.18,0.588,1.446,6,1,0,0,1,1,0,0,1,0,0,1.2734439,1.7444367,1.0525821,0.94706523,TP4,TP2,False,0.002579509521586015,0.9963982674565669,0.00021060774631715556,0.0008116152755298333,3,44
A565,0,0,0,2.37,2,35,1,1,-1,-1,3,30,5,-4.0813316,26,14,0,0,1,0.0,0,0,0,0,0,0.342,-0.661,0.477,-0.486,2.049,1.718,2.199,2.182,21993.163,18444.321,23420.833,0.427,3.685,5.294,4.918,1.376476646,4.230769398,-2.854292752,-0.64,-1.65,-0.09,-0.18,0.03,-0.39,-0.51,0.51,1.495,5.002,4.132,3.717,2.706,2.182,2.867,3.418,0.954,-1.872,1.53,3.123,1.13,1.009,3,1,0,0,0,0,0,0,0,0,1,1.3039639,1.7292502,1.6585035,0.9228787,TP4,TP4,True,0.0015040856461804965,0.2806894842465006,0.0008121390700258117,0.7169942910372932,3,44
A581,0,0,0,1.916,2,53,1,-1,-1,-1,2,34,0,-4.5693983,46,27,10,0,0,0.150315527,0,1,3,0,4,-0.218,-0.112,0.162,0.238,1.909,1.929,2.039,2.252,20488.409,20707.619,24176.202,0.597,0.316,5.21,3.49,3.517262332,4.713586168,-1.196323837,-1.24,0.86,0.04,0.06,0.03,-0.69,-0.45,-0.94,1.263,5.507,2.528,2.101,3.831,1.653,4.058,1.215,0.435,-4.894,-0.196,2.518,0.446,2.915,6,1,0,0,1,1,0,0,1,0,0,0.7958781,1.2214346,0.7349979,0.5195193,TP4,TP2,False,0.00015170601815949345,0.9579831490659718,0.000429580072255333,0.0414355648436133,3,44
A637,0,0,0,0.947,1,65,1,-1,-1,1,3,38,0,-3.2755877,151,70,46,0,1,0.661300329,1,9,22,10,41,0.223,0.678,0.093,0.564,1.983,2.311,2.079,2.371,21288.331,24812.389,25447.508,-1.204,0.235,6.109,3.41,5.980248183,3.871326955,2.108921228,-1.35,0.6,0.13,-0.03,-0.02,0.81,0.99,-0.88,-0.489,4.753,2.613,2.184,3.845,1.664,2.942,3.205,0.109,-5.648,0.165,1.722,0.745,3.878,6,1,0,0,1,1,0,0,1,0,0,1.336164,1.1654493,0.91890115,0.9878827,TP3,TP2,False,0.00024314011932078376,0.9937444809019791,0.0009522062200802954,0.005060172758619807,3,44
A665,0,0,0,1.437,2,55,1,1,-1,-1,2,40,8,-4.2098955,60,37,10,0,0,0.244228168,0,6,6,0,12,0.351,0.55,-0.16,0.243,1.997,2.151,2.03,2.287,21439.745,23087.879,24551.66,4.138,8.511,6.32,3.55,4.146680517,5.744134728,-1.597454211,-1.24,-0.41,0.06,-0.14,0.01,-0.53,-0.18,-0.24,-0.739,4.58,3.317,1.983,1.381,1.623,1.672,3.301,-2.341,-4.952,-0.841,2.783,1.123,2.532,6,1,0,0,1,1,0,0,1,0,0,1.5779347,1.9377781,1.4009783,1.3243968,TP4,TP2,False,0.00012284945909605397,0.9998402274063002,2.270849276457161e-05,1.4214641839292548e-05,3,44
A734,0,0,0,1.537,2,46,1,1,-1,-1,2,33,8,-4.279512,75,29,9,1,0,0.083559309,0,3,3,4,10,0.273,0.297,-0.009,-0.081,1.969,1.997,2.0,2.201,21139.333,21438.502,23631.468,2.394,5.263,6.608,2.081,3.564338518,5.829256695,-2.264918178,-0.37,-1.25,-0.04,-0.15,0.0,-0.31,-0.59,-1.37,-2.625,4.857,2.015,1.069,0.42,0.764,3.133,0.632,-0.653,-3.454,-0.219,1.117,-0.555,2.944,6,1,0,0,1,1,0,0,1,0,0,1.1437552,2.020809,1.4229527,0.9422915,TP4,TP2,False,0.003308430824727159,0.9956506444468132,0.0004490849460730414,0.000591839782386708,3,44
A767,0,0,0,1.636,2,57,1,1,-1,-1,3,21,3,-4.639152,266,139,58,0,1,0.537662304,1,12,30,18,60,0.059,-0.198,0.26,-0.389,1.966,1.963,2.089,2.217,21104.636,21071.81,23793.893,1.046,2.281,6.199,3.266,3.735847915,3.321125508,0.414722407,-0.47,0.2,0.07,0.03,-0.06,0.56,-0.02,-0.97,-2.063,3.849,2.502,1.8,2.204,0.924,2.657,3.497,0.512,-7.213,-0.455,1.107,0.218,2.8,6,1,0,0,1,1,0,0,1,0,0,0.5681896,0.5446737,0.56892836,0.33483395,TP4,TP2,False,0.00020101246138862623,0.9831150902001313,0.011485428060828416,0.0051984692776516845,3,44
T185,1,1,0,0.0,0,35,1,1,1,-1,3,33,3,-3.312091596,162,71,34,0,1,0.310181997,0,13,13,8,34,-0.603,0.157,-0.529,-0.385,1.333,1.579,1.432,1.675,19047.742,22556.459,23927.819,0.721,0.755,11.27,2.058,3.415859864,4.831610042,-1.415750178,-0.65,0.24,0.03,0.01,0.0,-1.1,-0.81,-1.69,-0.767,3.891,1.502,0.752,-1.019,0.241,0.781,-1.523,-2.387,-6.996,-1.044,0.789,-0.203,0.276,7,1,0,0,1,1,1,1,0,0,0,0.5455862,0.63817793,0.5508733,0.33404806,TP4,TP1,False,0.963620874138704,0.015066373004352651,0.014147163372204894,0.007165589484738499,3,44
T186,1,1,0,0.0,0,59,1,-1,1,1,2,31,0,-3.316680922,122,63,4,1,1,0.224818283,0,10,15,5,30,0.387,-0.114,0.446,-0.438,1.604,1.57,1.709,1.688,22922.301,22428.001,24110.094,-1.038,-0.049,9.939,4.459,3.179686802,4.301734332,-1.12204753,0.17,-1.74,-0.12,-0.14,-0.01,-0.11,0.35,-0.37,2.725,5.989,3.112,2.979,1.591,2.047,2.406,-1.364,-0.954,-5.528,0.854,3.225,1.953,1.422,7,1,0,0,1,1,1,1,0,0,0,0.6552236,0.90437484,0.93085593,0.3923087,TP4,TP1,False,0.9701348952005294,0.0005638920840106942,0.015218828047952028,0.014082384667507776,3,44
T187,0,1,0,1.271,1,59,1,-1,1,1,3,18,0,-3.717039868,159,69,29,0,0,0.399803081,0,11,30,12,53,0.429,-0.283,0.346,-0.471,1.584,1.539,1.682,1.664,22630.398,21980.86,23773.649,-2.962,1.482,11.512,4.771,3.107285154,4.113504298,-1.006219144,-0.11,-1.62,-0.06,-0.14,-0.04,0.17,0.26,-0.13,0.29,5.44,3.375,2.972,2.515,2.28,2.535,0.49,-2.092,-1.443,1.005,2.632,1.672,1.37,4,1,0,0,1,1,1,1,0,0,0,0.6585602,0.6207566,0.9018041,0.6186463,TP4,TP1,False,0.9884059869162997,0.0013712128061769597,0.0084965802707081,0.0017262200068152813,3,44
T188,1,1,0,0.0,0,76,1,1,1,-1,2,60,4,-3.804741411,272,127,47,1,0,0.456585263,0,11,32,17,60,-0.572,-0.121,-0.519,-0.497,1.358,1.589,1.454,1.674,19406.281,22698.272,23909.996,-2.165,0.184,8.893,2.431,3.627961172,4.008441251,-0.380480079,-0.61,-1.12,-0.03,-0.13,-0.01,-1.05,-0.52,-1.85,-2.754,4.046,1.256,0.981,0.37,0.592,0.934,0.664,-1.553,-6.049,-0.559,1.148,0.289,1.213,4,1,0,0,0,0,1,0,0,1,0,0.53895795,0.64219534,0.8053425,0.8665514,TP1,TP3,False,0.16365045581754759,0.018280254776420743,0.8139852632115226,0.0040840261945090505,3,44
T190,1,1,0,0.0,0,55,1,-1,1,-1,2,24,2,-3.103020701,553,226,160,0,1,0.254328117,0,8,15,7,30,0.425,-0.272,0.531,-0.517,1.638,1.558,1.757,1.674,23394.972,22256.71,23923.193,-0.209,1.305,10.191,5.215,3.1625986,4.797027108,-1.634428508,0.67,-2.76,-0.21,-0.17,-0.03,-0.14,0.25,1.04,2.264,6.559,4.619,3.332,3.256,3.061,3.556,1.365,-0.469,-2.0,1.645,4.115,2.795,1.226,4,1,0,0,0,0,1,0,0,1,0,1.008366,1.2525133,1.6507914,0.8421069,TP4,TP3,False,0.13802796323525493,0.001599215155553856,0.8525485756301832,0.007824245979008113,3,44
T193,0,0,0,2.062,2,48,1,1,1,-1,3,60,8,-3.696416533,118,41,20,0,1,0.210341122,0,12,22,18,52,-0.728,-0.472,-0.846,-0.472,1.154,1.471,1.114,1.668,16489.989,21012.215,23836.549,4.719,5.379,6.725,1.255,2.787236521,5.657549582,-2.870313061,-1.19,-0.14,0.03,-0.11,0.06,-3.18,-1.24,-2.18,-4.102,3.234,0.79,-0.584,0.0,-0.099,0.085,-1.063,-2.503,-7.403,-1.806,-0.296,-2.623,-1.681,7,0,1,1,0,1,1,1,0,0,0,1.4480748,2.0502284,1.4357984,1.6993829,TP3,TP1,False,0.9459897879556577,0.036845384382969006,0.015171976285903966,0.001992851375469327,3,44
T196,1,1,0,0.0,0,58,1,1,1,1,3,43,8,-4.059252546,181,76,60,0,0,0.216415773,0,3,23,11,37,-0.788,0.302,-0.879,-0.302,1.046,1.64,1.048,1.708,14944.395,23435.887,24397.029,-1.659,7.454,9.53,-0.68,3.587597391,5.028907608,-1.441310217,-0.88,0.34,0.03,-0.03,0.07,-3.82,-2.31,-3.19,-3.942,1.989,-1.483,-2.627,-0.56,-1.133,0.858,0.656,-4.172,-7.366,-3.775,-2.282,-2.846,-0.746,7,0,1,1,0,1,1,1,0,0,0,1.6798458,2.5678852,1.8282661,3.4220483,TP1,TP1,True,0.9227393518094242,0.06976703644876146,0.006882447969461121,0.0006111637723531327,3,44
T197,0,0,0,1.543,2,62,1,1,1,-1,3,21,8,-4.506213774,103,36,17,1,0,0.168124561,0,2,4,0,6,-0.618,-0.592,-0.693,-0.672,1.227,1.445,1.193,1.612,17528.606,20637.722,23023.688,2.255,5.755,10.175,0.122,2.010624551,3.720853853,-1.710229302,0.01,-0.91,-0.06,-0.1,0.03,-3.08,-1.45,-3.33,-3.407,2.745,-2.761,-2.068,-2.075,-1.291,0.601,-2.698,-2.79,-5.148,-3.365,-1.98,-2.299,-1.321,7,1,0,0,1,1,1,1,0,0,0,1.3500743,2.4248934,1.7101369,2.6782637,TP1,TP1,True,0.9784077732348263,0.01709375113469085,0.0026312908028342952,0.0018671848276486263,3,44
T204,1,1,0,0.0,0,55,1,-1,1,-1,2,20,0,-3.924618631,559,228,130,0,0,0.511475517,0,5,17,2,24,-0.575,-0.025,-0.647,-0.282,1.293,1.568,1.387,1.682,18472.227,22401.564,24024.598,-2.2,4.629,10.484,1.847,2.963166789,4.910284202,-1.947117413,-0.84,-1.02,-0.04,-0.16,0.04,-2.27,-1.47,-2.24,-2.283,3.807,0.673,0.338,0.03,0.259,1.506,1.012,-3.613,-7.414,-1.234,0.951,-0.729,-0.038,7,1,0,0,1,1,1,1,0,0,0,1.0097191,1.2658862,1.5186958,2.2983303,TP1,TP1,True,0.8819176411359556,0.016203063015760234,0.07444589653411766,0.027433399314166527,3,44
T205,0,0,0,2.303,2,53,1,1,1,-1,3,15,3,-3.628473125,58,26,19,0,1,0.403673599,0,13,21,17,51,-0.662,-0.614,-0.813,-0.553,1.277,1.418,1.27,1.652,18247.675,20264.924,23596.227,4.332,4.792,9.439,2.474,2.608048068,4.396220439,-1.788172371,-1.05,-0.32,-0.02,-0.09,0.06,-2.62,-1.31,-1.71,0.202,4.587,1.449,1.1,-0.56,0.703,0.284,-0.015,-2.465,-4.813,-1.328,1.983,-0.163,-0.323,7,0,1,1,0,1,1,1,0,0,0,0.74210185,1.0008236,0.8353205,0.5017903,TP4,TP1,False,0.960318857519834,0.0030421800588988903,0.018319424873739835,0.018319537547527274,3,44
T206,0,1,0,1.331,1,55,1,1,1,-1,3,36,8,-4.640040532,125,50,9,0,1,0.276452734,0,4,23,15,42,-0.556,-0.388,-0.594,-0.566,1.332,1.501,1.34,1.63,19027.834,21447.797,23283.873,4.136,5.235,9.221,2.154,4.174804083,5.018694901,-0.843890818,-0.54,0.06,-0.06,0.09,0.0,-1.74,-0.37,-1.91,-2.553,5.178,1.168,0.69,1.001,1.017,3.066,4.663,-1.07,-5.223,-2.724,1.193,-0.807,2.359,4,1,0,0,0,0,1,0,0,1,0,1.1704495,1.4623959,0.9162369,0.45651263,TP4,TP3,False,0.17626967165465499,0.03924841702243992,0.7839311883309236,0.0005507229919815923,3,44
T207,1,1,0,0.0,0,61,1,-1,1,1,3,97,0,-3.82360593,204,92,15,0,0,0.432253389,1,16,26,14,56,-0.251,0.457,-0.287,0.219,1.336,1.544,1.374,1.636,19081.872,22054.448,23379.901,-1.269,1.25,10.747,2.077,3.712787663,4.179430223,-0.466642561,-0.69,0.32,0.0,0.05,0.0,-1.72,-0.72,-1.81,-1.365,6.021,1.122,0.141,-2.686,-0.095,0.174,2.772,-2.379,-6.96,-1.658,1.897,0.228,3.049,7,1,0,0,1,1,1,1,0,0,0,1.2956731,1.3338377,1.3569455,1.036387,TP4,TP1,False,0.9389004557030818,0.043456367186989794,0.016827832086525288,0.0008153450234032287,3,44
T209,1,1,0,0.0,0,55,1,1,1,-1,3,60,5,-5.043132153,130,45,19,0,0,0.273259908,0,5,15,15,35,-0.76,-0.6,-0.887,-0.693,1.099,1.406,1.073,1.592,15705.013,20084.148,22747.69,1.89,1.915,10.439,1.061,2.575944427,4.372911687,-1.79696726,-0.41,-0.56,-0.02,-0.1,0.05,-3.54,-1.78,-2.2,-1.317,3.08,0.744,-0.269,-0.606,-0.115,0.699,-0.378,-3.93,-7.468,-1.616,-0.069,-2.423,0.282,7,1,0,0,1,1,1,1,0,0,0,1.2250423,1.7008744,1.4118032,1.9217219,TP1,TP1,True,0.9367716661010607,0.033007344976889896,0.027000996316985753,0.003219992605063775,3,44
T210,1,1,0,0.0,0,48,1,1,1,-1,2,23,3,-4.298068302,83,39,32,1,0,0.065527027,0,1,5,0,6,-0.807,-0.458,-0.872,-0.517,0.954,1.449,0.912,1.621,13624.828,20705.247,23153.23,1.484,2.966,11.224,-0.648,3.411614752,4.3587682,-0.947153448,-1.32,0.85,0.03,0.06,0.05,-3.65,-2.04,-3.19,-3.982,2.626,-1.455,-1.739,-1.935,-0.597,0.752,0.954,-3.924,-6.889,-5.785,-2.009,-2.326,0.379,7,1,0,0,1,1,1,1,0,0,0,1.67891,2.8953629,1.9983552,2.792939,TP1,TP1,True,0.9450775527692238,0.030725986437575643,0.01693939879963946,0.007257061993561145,3,44
T213,1,1,0,0.0,0,50,1,-1,1,1,3,18,0,-2.79471863,87,47,7,1,1,0.296527441,1,6,20,13,39,-0.503,-0.396,-0.644,-0.501,1.384,1.541,1.394,1.672,19773.538,22018.09,23886.701,-1.261,0.264,9.827,1.591,3.246470374,3.103918841,0.142551533,0.04,-1.01,-0.01,-0.14,0.0,-2.15,-0.55,-2.17,-0.059,3.478,0.779,0.091,-1.009,0.235,0.888,0.037,-1.245,-4.459,-1.575,1.141,-0.151,1.723,7,1,0,0,1,1,1,1,0,0,0,0.62534386,0.8871027,0.91079277,0.9194455,TP1,TP1,True,0.9181550188166345,0.0012360205325732583,0.007259406096414255,0.07334955455437803,3,44
T215,1,1,0,0.0,0,33,1,-1,1,-1,3,29,0,-3.501901475,196,86,87,0,0,0.581378073,0,22,37,23,82,0.009,0.161,-0.11,-0.462,1.517,1.641,1.577,1.691,21675.333,23451.147,24159.382,0.424,1.154,8.789,3.132,4.180658851,3.634218203,0.546440648,-0.62,-0.9,0.0,-0.08,-0.04,-0.16,0.55,-0.93,0.068,4.619,2.441,2.071,0.271,1.45,1.748,-1.402,-1.679,-2.223,0.424,2.102,1.492,1.648,7,1,0,0,1,1,1,1,0,0,0,0.6019813,0.5878028,0.25441453,0.30644974,TP3,TP1,False,0.9718339137567756,0.015335682689260655,0.011775762833728722,0.0010546407202349888,3,44
T217,0,1,0,1.004,1,61,1,1,1,-1,2,25,7,-3.651364875,177,74,67,1,0,0.292553961,0,9,17,6,32,0.277,-0.249,-0.098,-0.576,1.558,1.545,1.568,1.643,22261.026,22077.442,23472.801,3.884,6.85,9.492,3.377,3.483856926,4.852187651,-1.368330725,0.09,-1.97,-0.14,-0.12,-0.03,-0.91,-0.17,-1.29,1.893,5.626,2.007,1.88,1.232,1.417,3.399,1.643,-1.941,-3.86,0.218,2.812,1.383,2.589,7,1,0,0,1,1,1,1,0,0,0,1.1350384,1.438861,1.5436823,0.5416432,TP4,TP1,False,0.9065936348614103,0.028739200852163218,0.06458337692948257,8.378735694402957e-05,3,44
T218,0,0,0,3.072,2,40,1,1,1,1,3,34,8,-3.607653008,67,33,11,1,1,0.252727084,0,9,13,6,28,-0.613,-0.409,-0.698,-0.492,1.312,1.51,1.328,1.665,18738.522,21566.504,23793.166,3.272,6.405,5.784,1.321,3.205838073,4.825693524,-1.619855451,-0.89,-0.25,-0.02,-0.03,0.01,-1.44,-1.06,-2.18,-2.634,4.083,0.702,0.332,-0.919,0.15,1.591,1.377,-2.838,-5.677,-0.463,0.54,-0.604,0.146,7,1,0,0,1,1,1,1,0,0,0,1.0252376,1.6517515,1.026414,0.9797056,TP4,TP1,False,0.959642442257325,0.030756596601999187,0.003648361379957896,0.005952599760717935,3,44
T177,0,1,0,1.014,1,49,1,1,-1,-1,3,35,8,-3.842312436,146,89,26,0,0,0.319808818,0,9,30,19,58,-0.588,-0.291,-0.724,-0.555,1.255,1.551,1.235,1.645,17931.089,22165.373,23502.919,4.198,6.027,6.08,0.975,3.34557227,3.944710554,-0.599138283,-0.61,-0.24,-0.02,-0.01,0.02,-2.17,-0.78,-2.45,-5.092,3.339,0.035,-1.346,-0.443,-0.361,1.77,0.707,-2.512,-5.931,-3.464,-0.551,-1.288,0.268,7,1,0,0,1,1,0,0,1,0,0,0.6979595,1.0405633,0.6503589,0.90461797,TP3,TP2,False,0.021232575782677687,0.9743833133691613,0.0039039727951941075,0.0004801380529670189,4,45
T179,1,1,0,0.0,0,57,1,1,-1,1,3,12,6,-3.491669617,67,23,15,0,1,0.52915936,0,5,19,11,35,0.622,0.48,0.636,0.222,1.67,1.691,1.766,1.746,23865.905,24164.468,24943.247,-3.106,2.85,5.02,5.209,4.831343569,3.820626177,1.010717392,-0.57,-1.65,-0.06,-0.16,-0.04,0.86,0.82,0.12,1.779,6.099,3.633,3.574,1.987,2.64,2.984,-1.379,-0.533,-2.572,1.284,3.475,2.633,1.889,6,1,0,0,1,1,0,0,1,0,0,0.9141154,0.9644806,1.3109318,-0.22987351,TP4,TP2,False,0.032488473013476876,0.8597643392301858,0.006125071216097803,0.10162211654023938,4,45
T182,0,1,0,1.102,1,39,1,1,-1,-1,3,29,8,-3.451055872,49,20,56,0,0,0.195487734,0,7,10,7,24,-0.63,0.133,-0.652,-0.431,1.324,1.61,1.403,1.703,18915.927,23007.751,24335.642,1.658,6.325,6.024,1.64,3.220976545,3.721792269,-0.500815723,-0.66,-0.25,0.01,-0.08,0.04,-2.15,-1.15,-2.17,-2.064,3.372,0.773,0.01,-1.038,-0.423,0.247,-0.723,-3.789,-7.113,-1.512,0.109,-0.482,-1.056,6,1,0,0,1,1,0,0,1,0,0,1.1142515,1.7126409,1.125828,2.0281706,TP1,TP2,False,0.01228327711067576,0.9847006436069372,9.435668527701825e-05,0.0029217225971099434,4,45
T183,0,0,0,3.093,2,58,1,1,-1,1,3,59,8,-3.944314469,361,155,62,0,0,0.311916754,1,8,24,11,43,-0.686,0.065,-0.798,-0.486,1.144,1.62,1.066,1.689,16346.261,23149.843,24133.836,-1.417,7.011,6.592,-0.283,3.029618327,4.382125851,-1.352507523,-0.76,-0.53,0.02,-0.13,0.05,-3.55,-2.07,-3.21,-5.882,1.792,-1.697,-2.773,-1.488,-1.447,-0.037,-1.146,-3.648,-7.564,-5.692,-1.957,-3.832,-1.889,6,1,0,0,1,1,0,0,1,0,0,2.0077977,3.5638885,2.827601,4.555379,TP1,TP2,False,0.05450520113871494,0.9435319246944985,0.0005747938815394214,0.0013880802852470817,4,45
T184,0,0,0,1.41,2,53,1,-1,-1,1,3,43,0,-3.837849823,275,111,59,1,0,0.509950682,0,14,27,25,66,-0.579,0.446,-0.637,0.098,1.152,1.627,1.215,1.666,16457.168,23248.185,23801.602,-3.304,-0.406,6.643,0.55,4.597681093,3.731863168,0.865817925,-0.8,-0.44,0.06,-0.15,0.02,-3.53,-2.17,-2.4,-2.307,4.466,-0.389,-2.515,-2.602,-1.952,-1.697,-0.588,-3.644,-7.557,-2.287,1.571,-2.22,0.068,4,1,0,0,0,0,0,0,0,0,1,1.2189136,1.6035907,1.6825258,1.9639792,TP1,TP4,False,0.06145879366536031,0.04465100558252133,0.0016964558591691175,0.8921937448929492,4,45
T189,0,0,1,3.395,3,39,1,1,-1,1,3,52,8,-3.853311033,840,342,137,0,0,0.333798182,0,11,13,8,32,0.036,-0.555,0.228,-0.655,1.522,1.434,1.626,1.603,21741.694,20487.338,22906.097,0.138,0.588,4.384,3.2,2.873665562,4.541716136,-1.668050574,0.24,-0.51,-0.11,0.12,-0.06,0.27,0.65,-1.44,-2.124,5.444,1.82,1.456,3.174,1.581,2.639,1.025,-1.563,-3.97,-0.343,2.218,0.813,2.215,6,1,0,0,1,1,0,0,1,0,0,0.4206309,1.257407,0.9448376,0.88581806,TP1,TP2,False,0.003074014115615135,0.9484558986306323,0.025269903938713183,0.02320018331503942,4,45
T191,0,0,1,3.536,3,60,0,1,-1,1,2,58,8,-3.834474131,232,103,53,0,0,0.357497927,0,8,27,25,60,0.407,-0.457,0.652,-0.557,1.639,1.506,1.825,1.652,23413.105,21510.549,23607.102,3.383,5.232,5.69,5.582,2.892490145,4.846769618,-1.954279473,0.55,-3.33,-0.26,-0.13,-0.1,0.88,2.08,0.66,0.931,6.76,4.223,3.835,4.867,3.277,3.897,4.742,-0.374,-1.138,1.529,3.639,2.826,0.467,7,0,1,1,0,1,1,1,0,0,0,1.7021611,2.4496124,2.511458,0.044483304,TP4,TP1,False,0.8111593657594194,0.13165072440057504,0.05621915096897369,0.0009707588710319841,4,45
T192,0,0,0,1.5,2,32,1,1,-1,1,3,27,8,-3.445286445,113,50,14,0,0,0.252283258,0,10,11,10,31,-0.642,0.194,-0.764,-0.403,1.301,1.598,1.291,1.682,18583.736,22832.593,24028.632,3.552,5.56,5.223,1.274,3.411623701,4.544771343,-1.133147642,-0.77,0.09,0.0,-0.02,0.05,-2.45,-1.49,-2.44,-1.741,3.457,0.277,0.123,-1.075,-0.103,-0.649,1.624,-4.221,-5.828,-0.645,0.487,-1.219,-0.051,6,0,1,1,0,1,0,0,1,0,0,1.282322,2.028582,1.1861978,2.401807,TP3,TP2,False,0.07284283819101983,0.9158558910214883,9.209967179227392e-05,0.011209171115699487,4,45
T194,0,0,0,3.061,2,43,1,1,-1,1,3,50,8,-3.931041192,82,33,28,0,1,0.350404122,0,8,15,4,27,-0.193,0.075,-0.55,-0.3,1.391,1.587,1.305,1.683,19870.835,22676.92,24048.918,3.708,5.989,6.478,0.321,3.853877012,5.083187852,-1.22931084,-1.26,-1.09,0.01,-0.15,-0.02,-1.17,1.13,-3.03,-5.391,2.981,-1.028,-1.312,-2.736,-0.841,-0.725,-0.087,-3.823,-6.59,-2.104,-1.595,-2.591,-1.575,7,1,0,0,1,1,1,1,0,0,0,1.4796392,2.3383317,1.793545,2.693908,TP1,TP1,True,0.8447981926660724,0.15468210024472095,0.00010904714244680799,0.0004106599467598218,4,45
T195,0,1,0,1.341,1,74,1,-1,-1,-1,3,40,0,-3.711672496,379,183,60,1,1,0.44612918,0,8,24,14,46,-0.416,0.627,-0.385,0.415,1.342,1.699,1.431,1.718,19178.35,24278.264,24550.719,-3.826,-0.787,5.562,2.152,4.726718604,4.114715864,0.61200274,-1.19,-0.43,0.03,-0.11,0.02,-1.48,-1.3,-2.04,-0.756,5.07,0.643,0.512,1.084,1.141,-1.19,0.153,-3.927,-0.872,0.344,1.927,-0.388,1.777,4,1,0,0,0,0,0,0,0,0,1,0.94049966,1.111665,1.1744254,1.3275714,TP1,TP4,False,0.0011108688422553936,0.10709804068266704,0.015175119352446996,0.8766159711226306,4,45
T198,1,1,0,0.0,0,63,1,-1,-1,1,3,8,0,-3.412114954,174,80,76,0,1,0.690270867,0,8,20,8,36,0.409,0.185,0.343,-0.374,1.604,1.619,1.714,1.704,22917.31,23127.291,24341.382,-4.266,0.127,4.583,4.244,3.714560439,4.01301383,-0.298453391,-0.08,-1.42,-0.05,-0.14,-0.03,0.51,1.16,-0.78,1.083,5.587,2.61,2.925,3.486,2.441,2.717,-0.051,0.073,-2.753,0.38,2.684,1.783,1.261,4,1,0,0,0,0,0,0,0,0,1,0.4286639,0.69304013,0.71691066,0.14400488,TP4,TP4,True,0.022774207677857938,0.1121837809123205,0.00718661261245556,0.857855398797366,4,45
T200,0,0,0,3.08,2,73,1,1,-1,1,3,18,4,-3.378179938,109,48,12,0,1,0.414165569,0,12,16,6,34,-0.521,-0.513,-0.615,-0.653,1.391,1.578,1.443,1.672,19873.472,22543.163,23885.957,-4.192,-0.692,3.382,2.085,2.446839077,3.315522604,-0.868683527,0.7,-1.87,-0.05,-0.2,-0.03,-2.51,-0.69,-2.71,-1.082,2.302,-0.19,0.286,0.154,0.283,0.143,-3.54,0.862,-6.976,-4.203,-0.86,-0.907,1.111,3,1,0,0,0,0,0,0,0,0,1,0.54081565,1.135591,1.2064289,1.4466963,TP1,TP4,False,0.005649278000089929,0.10124387773210096,0.0018975614142620785,0.8912092828535471,4,45
T201,1,1,0,0.0,0,55,1,-1,-1,-1,3,10,0,-4.262156726,219,84,43,0,1,0.705949115,1,9,28,23,60,-0.657,-0.332,-0.679,-0.574,1.268,1.575,1.354,1.672,18122.095,22500.731,23892.775,-2.348,-1.599,4.608,2.481,3.422970924,2.890560758,0.532410166,-0.38,-0.14,-0.01,0.0,0.0,-2.28,-1.15,-1.69,-4.6,3.283,1.463,0.955,-2.815,0.821,0.875,-1.232,-2.072,-7.095,-2.292,0.47,-0.955,0.019,3,1,0,0,0,0,0,0,0,0,1,0.55316216,0.59347457,0.91903526,0.5349392,TP4,TP4,True,0.002849457322772825,0.1462212263727554,0.007917497106756774,0.843011819197715,4,45
T203,0,0,0,3.151,2,48,0,1,-1,-1,3,35,8,-4.293275778,53,25,15,0,0,0.099216303,0,3,8,4,15,-0.711,-0.461,-0.887,-0.532,1.039,1.531,0.973,1.662,14847.423,21872.203,23748.589,2.915,7.069,5.841,-0.727,2.58363052,5.02211762,-2.4384871,-1.03,-0.75,0.02,-0.19,0.06,-4.11,-2.14,-3.42,-7.498,0.37,-3.051,-2.468,-4.809,-2.042,-1.627,0.003,-6.429,-7.947,-6.221,-2.895,-3.847,-3.098,6,1,0,0,1,1,0,0,1,0,0,2.9262273,4.9596786,3.296354,6.2062545,TP1,TP2,False,0.10158802977932119,0.8908074351021453,1.5236149155526508e-05,0.007589298969377827,4,45
T208,1,1,0,0.0,0,53,1,1,-1,-1,3,45,4,-4.506024837,158,69,40,0,1,0.527670676,1,18,27,25,70,0.077,0.415,-0.181,0.131,1.503,1.664,1.533,1.742,21474.115,23769.645,24884.84,-2.607,1.929,5.998,3.142,4.898400311,4.71739267,0.181007641,-1.47,0.02,0.09,-0.03,-0.06,0.47,0.51,-1.56,-0.791,5.082,1.609,2.127,1.802,1.622,2.273,-0.775,-0.482,-3.697,0.454,1.877,1.049,1.747,7,0,1,1,0,1,0,0,1,0,0,0.7201567,0.4729455,0.5806251,0.09959662,TP4,TP2,False,0.011189502660708851,0.9806639297991843,0.006515272880627839,0.001631294659479175,4,45
T211,1,1,0,0.0,0,49,0,1,-1,-1,3,32,4,-3.263202088,87,37,15,0,1,0.166424472,0,5,15,9,29,0.418,-0.517,0.559,-0.635,1.725,1.456,1.861,1.602,24646.875,20807.214,22894.64,-0.068,2.818,5.355,6.836,3.512646818,4.900744087,-1.388097269,1.12,-2.41,-0.2,-0.09,-0.07,1.3,2.19,1.21,3.182,7.282,4.786,5.544,4.213,4.179,3.766,1.974,0.49,-0.681,3.395,4.703,4.068,3.763,6,1,0,0,1,1,0,0,1,0,0,1.5254445,2.4014425,2.7378447,-0.34649867,TP4,TP2,False,0.041972826582414025,0.8197897939780546,0.04045428265426632,0.09778309678526499,4,45
T212,0,0,0,1.482,2,74,1,-1,-1,-1,3,26,0,-4.04021842,140,65,28,1,0,0.221599854,0,9,20,6,35,-0.731,0.017,-0.855,-0.327,1.174,1.54,1.062,1.666,16776.111,21996.516,23801.182,0.158,1.274,7.88,1.188,4.208137362,4.943526725,-0.735389363,-1.43,0.18,0.04,-0.01,0.0,-2.38,-0.65,-2.27,-4.091,3.86,0.658,-0.333,-1.628,-0.225,1.389,0.256,-0.56,-7.358,-1.248,-0.129,-1.109,1.131,6,1,0,0,1,1,0,0,1,0,0,0.98808306,1.3478804,1.5961709,1.5785389,TP1,TP2,False,0.04987817030067989,0.802317516173239,0.028440233350722155,0.1193640801753591,4,45
T214,0,0,0,1.611,2,72,1,-1,-1,-1,3,50,0,-3.955823426,159,70,23,0,1,0.410079347,0,10,31,14,55,-0.719,-0.225,-0.812,-0.453,1.11,1.562,1.103,1.678,15853.496,22312.77,23972.056,-0.836,1.118,5.337,0.089,2.949051287,2.954778891,-0.005727604,-1.36,0.23,0.07,-0.07,0.04,-2.83,-1.54,-2.7,-3.842,1.915,-0.137,-1.365,0.328,0.008,-0.459,-2.917,-4.875,-7.222,-2.84,-1.292,-0.83,-0.428,6,1,0,0,1,1,0,0,1,0,0,1.0444112,1.4450935,1.7436215,1.8108354,TP1,TP2,False,0.015791589994683736,0.8319701505534759,0.004759871516085866,0.14747838793575455,4,45
T216,0,0,1,3.706,3,50,1,1,-1,1,3,108,8,-3.66600874,340,134,111,0,1,0.376794378,0,5,3,5,13,0.359,-0.68,-0.153,-0.682,1.57,1.395,1.572,1.609,22424.983,19930.444,22993.451,6.222,4.476,4.641,3.338,2.017332247,4.401735057,-2.38440281,0.16,-1.43,-0.11,-0.08,-0.02,-1.02,-0.24,-1.16,1.195,5.188,2.178,1.267,-0.064,1.312,0.808,1.392,-1.973,-5.25,-0.19,2.636,1.257,1.323,6,1,0,0,1,1,0,0,1,0,0,1.3899233,2.712606,1.9708725,1.3541043,TP4,TP2,False,0.04512596212753852,0.9321743092240296,0.006250554542305506,0.01644917410612655,4,45
A002,0,0,0,4.381,3,57,1,1,-1,1,3,70,8,-3.967478,262,134,60,0,0,0.261300406,1,3,9,4,16,0.588,0.624,0.637,0.314,2.055,2.194,2.221,2.284,22059.99,23555.511,24517.194,1.619,6.752,6.59,4.086,4.042607109,4.265593169,-0.22298606,0.06,-1.16,0.03,-0.19,-0.02,0.05,-0.41,-0.41,-0.484,4.019,3.131,2.863,1.85,1.91,2.937,3.127,0.469,-1.213,0.896,2.65,1.594,4.069,6,1,0,0,1,1,0,0,1,0,0,0.99843055,1.2530047,1.1294231,0.38867003,TP4,TP2,False,1.9034306838794178e-05,0.9999463597475374,2.4531297062595455e-05,1.0074648561142919e-05,4,45
A004,0,0,0,2.865,2,45,1,1,-1,1,2,44,8,-7.0739864,33,19,0,1,0,0.146476691,0,5,6,0,11,-0.077,-0.732,0.129,-0.603,1.894,1.572,2.048,2.109,20331.419,16870.777,22634.52,1.807,3.317,5.124,3.74,0.829679163,4.501917816,-3.672238653,0.17,1.96,-0.05,0.33,0.04,-1.61,-0.53,-0.3,-0.785,4.554,3.266,2.446,2.62,1.88,3.462,3.631,0.635,-5.597,-1.253,2.288,0.606,1.288,6,1,0,0,1,1,0,0,1,0,0,1.4505002,2.3434906,1.6144692,1.0862823,TP4,TP2,False,0.0005272917532570056,0.9463606023992065,0.0015811222823785942,0.05153098356515794,4,45
A005,1,0,0,0.0,0,27,1,1,-1,1,3,51,4,-3.5832833,269,138,68,0,1,0.507686998,1,21,35,30,86,0.672,0.582,0.664,0.499,2.233,2.252,2.367,2.346,23970.414,24177.888,25181.154,-2.354,-0.308,5.327,5.618,5.043276825,4.346703404,0.696573421,-0.59,-1.26,0.08,-0.19,-0.1,1.87,2.0,0.66,2.234,5.09,4.284,4.522,1.37,3.308,3.098,0.665,-0.468,-1.237,2.998,3.48,2.867,4.362,6,1,0,0,1,1,0,0,1,0,0,0.80979794,1.0275166,0.7985942,0.072546795,TP4,TP2,False,0.004558141264881507,0.9926745846836261,0.001277108660742237,0.0014901653907500871,4,45
A007,0,0,0,2.722,2,40,1,1,-1,1,2,21,7,-6.827391,49,29,12,1,0,0.123499002,0,4,6,2,12,-0.034,-0.656,0.229,-0.339,1.923,1.755,2.08,2.186,20639.638,18835.798,23461.553,4.063,3.608,5.134,4.029,1.474393935,3.850658318,-2.376264384,0.57,-0.05,-0.04,-0.03,0.08,-1.33,-1.33,-0.38,-1.654,3.819,3.175,2.329,3.512,1.42,2.79,4.783,-0.048,-2.732,0.083,2.4,0.577,2.162,6,1,0,0,1,1,0,0,1,0,0,1.3003639,1.9941452,1.3649148,0.82805896,TP4,TP2,False,0.0006538635768266298,0.9383514217877952,0.0008570707919268235,0.060137643843451376,4,45
A010,1,0,0,0.0,0,42,1,1,-1,-1,3,22,8,-4.2699236,136,64,38,1,1,0.291685107,0,8,14,8,30,0.225,0.171,0.481,-0.197,2.001,2.047,2.192,2.256,21483.666,21976.766,24218.342,4.223,5.166,5.367,3.912,3.913295771,4.082472133,-0.169176363,-0.45,-0.24,0.04,-0.06,0.0,0.55,-0.08,-0.59,-0.419,4.274,2.913,2.702,2.913,1.724,2.535,3.853,-1.428,-3.286,0.551,2.683,1.194,4.097,6,1,0,0,1,1,0,0,1,0,0,0.82859546,1.0578458,1.1172203,-0.2046771,TP4,TP2,False,0.00010790124714702157,0.9967967709324833,0.0007874860724551046,0.0023078417479145577,4,45
A012,0,0,0,1.185,1,48,1,1,-1,-1,3,56,8,-3.594931,132,69,19,0,0,0.352518589,0,13,29,12,54,0.638,0.562,0.712,0.444,2.207,2.222,2.414,2.34,23693.915,23851.88,25119.744,3.949,5.457,5.02,6.064,4.46376819,4.559770293,-0.096002103,-0.1,-2.02,0.03,-0.31,-0.02,1.65,1.16,1.18,2.174,4.939,4.838,4.828,3.694,3.472,2.594,0.941,-0.391,-1.044,2.836,4.216,3.131,4.411,6,1,0,0,1,1,0,0,1,0,0,1.1704059,1.6377779,1.8125829,-0.29360074,TP4,TP2,False,3.720967677918759e-05,0.9999185255756716,3.889304119212245e-05,5.371706357106277e-06,4,45
A014,0,0,0,3.677,3,63,0,1,-1,1,2,47,8,-5.0733694,25,21,22,0,0,0.162486057,0,5,8,1,14,-0.116,-0.503,-0.497,-0.62,1.914,1.836,2.021,2.174,20549.555,19703.476,23333.628,-0.835,7.804,5.688,3.354,1.898142253,4.995984077,-3.097841824,-0.34,-1.3,-0.01,-0.2,0.03,-1.19,-0.78,-0.81,-1.346,3.22,2.688,1.759,0.429,1.122,0.97,3.7,-3.504,-5.122,0.193,1.599,-0.038,0.907,6,1,0,0,1,1,0,0,1,0,0,2.226136,3.0387115,1.929746,2.3459997,TP3,TP2,False,0.010010404405884707,0.965395020197029,0.00012200727297266909,0.024472568124113667,4,45
A017,0,0,0,1.625,2,57,1,1,-1,-1,3,26,8,-4.859264,116,65,47,0,1,0.338163615,0,9,15,5,29,-0.415,0.187,-0.392,-0.117,1.821,2.035,1.957,2.23,19545.062,21842.44,23940.294,3.885,7.253,5.896,2.105,3.664123247,4.430635574,-0.766512327,-0.59,0.35,0.08,-0.03,0.0,-0.29,-0.65,-1.84,-1.639,3.381,1.361,1.106,1.443,1.05,2.024,4.886,-0.092,-4.456,-0.546,0.819,0.076,2.591,6,1,0,0,1,1,0,0,1,0,0,0.64274263,0.56213635,0.44619596,0.07549694,TP4,TP2,False,9.147248701905224e-05,0.998507501448306,0.000816519891142918,0.000584506173532005,4,45
A023,0,0,0,1.073,1,47,1,1,-1,-1,3,34,8,-3.4648956,92,58,27,0,0,0.431404706,0,14,28,21,63,0.126,0.259,0.372,0.021,1.988,2.064,2.136,2.268,21341.057,22157.625,24345.681,1.082,6.057,7.26,4.004,3.729377229,5.301504943,-1.572127714,-0.62,0.37,0.08,-0.03,0.01,0.13,-0.18,0.24,0.834,4.62,3.852,2.917,0.655,2.118,2.017,3.78,-0.268,-2.874,0.806,3.033,1.232,3.098,6,1,0,0,1,1,0,0,1,0,0,0.6700776,0.8811419,0.66727775,-0.020745412,TP4,TP2,False,0.0005200637723808516,0.9978933023391348,0.0009633239782079012,0.0006233099102764721,4,45
A042,0,0,0,0.946,1,50,0,-1,-1,-1,3,22,0,-4.407352,32,17,7,1,0,0.511694128,1,3,10,2,15,0.102,0.444,0.418,0.458,1.965,2.163,2.152,2.314,21088.277,23216.108,24841.633,-1.245,-0.583,3.392,4.05,4.559614381,4.477975082,0.081639299,-0.69,1.23,0.08,0.12,-0.01,-0.23,0.79,-1.02,-2.637,4.471,2.43,2.775,4.119,2.143,4.053,7.261,-2.101,-3.923,1.539,1.54,0.674,2.907,6,1,0,0,1,1,0,0,1,0,0,0.9238662,0.8862289,0.9027713,0.7662567,TP4,TP2,False,5.568873929445225e-06,0.9979931213617698,5.915585236874488e-06,0.001995394179063917,4,45
A057,0,0,0,1.518,2,54,1,1,-1,1,2,32,8,-3.2928437,25,14,10,0,0,0.153638526,0,2,3,0,5,-0.312,-0.316,-0.623,0.201,1.858,1.959,1.942,2.251,19944.942,21025.657,24159.55,5.598,4.668,5.78,2.991,2.479851189,3.828840618,-1.348989429,-0.54,-0.89,-0.03,-0.19,0.09,-1.74,-1.63,-1.59,-0.26,3.726,1.733,1.848,1.77,0.548,3.563,1.728,-1.432,-4.827,-0.038,1.396,1.691,0.346,6,1,0,0,1,1,0,0,1,0,0,1.6674482,2.2828522,1.190056,1.9932973,TP3,TP2,False,0.0026667325537049814,0.992785316458804,0.00010786447298409309,0.004440086514507037,4,45
A067,0,0,0,2.926,2,39,1,1,-1,1,3,33,7,-3.7422008,76,41,39,0,0,0.2613614,0,2,14,0,16,-0.37,-0.248,-0.502,-0.329,1.849,1.938,1.916,2.198,19843.0,20804.509,23598.013,3.612,6.037,7.389,2.778,2.870601405,6.16264448,-3.292043075,-0.74,-0.66,0.05,-0.16,0.02,-1.25,-0.62,-0.55,-0.548,3.503,2.981,1.797,1.006,0.925,1.421,3.558,-1.62,-6.283,0.126,1.781,0.338,2.341,6,1,0,0,1,1,0,0,1,0,0,1.2913374,1.9036257,0.96536267,1.2875266,TP3,TP2,False,0.014925896982788482,0.9782873897035375,0.00023076639422041608,0.006555946919453714,4,45
A102,0,0,0,3.772,3,49,1,1,-1,1,3,39,7,-3.557008,110,59,23,1,1,0.389188076,0,11,13,8,32,0.408,0.515,0.494,0.465,2.032,2.16,2.171,2.314,21816.038,23185.861,24836.315,1.47,3.127,5.61,3.706,3.820032491,4.353574721,-0.53354223,-0.91,-0.6,0.05,-0.2,0.05,0.04,-0.22,-0.51,1.621,4.778,3.023,2.941,4.273,1.976,2.364,5.029,-2.124,-2.306,1.201,2.962,1.178,3.156,6,1,0,0,1,1,0,0,1,0,0,1.0965886,1.3141978,1.1492931,0.15637198,TP4,TP2,False,0.001447207578477472,0.9748416374618153,0.0006748432294995337,0.023036311730207683,4,45
A149,0,0,0,3.128,2,50,1,1,-1,1,2,44,8,-3.658615,87,41,8,1,0,0.301982012,0,3,6,0,9,-0.36,-0.68,-0.343,-0.437,1.857,1.676,1.991,2.158,19934.927,17995.343,23163.217,3.459,6.832,6.902,2.941,1.21228227,4.427390079,-3.215107809,-0.32,0.82,-0.02,0.11,0.05,-1.31,-0.88,-0.79,-0.324,4.17,2.711,1.814,1.802,1.177,2.951,5.097,-1.109,-4.129,-0.338,2.071,0.737,1.16,6,1,0,0,1,1,0,0,1,0,0,1.4959224,2.2693114,1.2540714,1.2913635,TP3,TP2,False,0.00978016831135895,0.9546091482758221,0.0015897406318232715,0.03402094278099572,4,45
A248,0,0,0,1.141,1,48,1,1,-1,-1,3,36,5,-3.77829,105,54,18,0,1,0.396386059,0,6,19,7,32,0.504,0.662,0.616,0.589,2.126,2.305,2.283,2.394,22823.283,24743.133,25694.975,-2.923,1.812,5.371,4.966,5.179385861,2.780366264,2.399019597,-0.81,-1.06,0.08,-0.24,-0.01,1.03,0.25,-0.37,1.313,4.466,3.175,3.344,3.149,2.487,2.58,-0.585,-0.541,-2.228,1.164,3.243,1.951,3.975,6,1,0,0,1,1,0,0,1,0,0,1.0368227,0.8635119,1.0247533,0.17460245,TP4,TP2,False,1.885008701377932e-05,0.9964911604761938,0.00019351818784212903,0.0032964712489503794,4,45
A253,0,0,0,1.788,2,49,1,1,-1,1,2,25,7,-3.929318,19,12,10,0,0,0.373339895,0,9,6,2,17,0.614,-0.446,0.783,-0.357,2.234,1.895,2.397,2.213,23976.471,20346.268,23755.721,1.319,2.981,5.147,6.286,3.048211354,4.567470736,-1.519259382,0.92,-1.53,-0.09,-0.13,0.0,1.42,0.48,1.92,3.459,6.291,5.598,4.777,3.301,3.636,3.339,4.343,0.2,-3.541,2.343,5.024,2.988,3.72,6,1,0,0,1,1,0,0,1,0,0,1.3391163,2.4205234,2.1295223,-0.07666455,TP4,TP2,False,0.0009628952671130233,0.9904213045958689,0.0006880878341114226,0.00792771230290667,4,45
A280,0,0,0,3.366,3,46,1,1,-1,1,2,56,8,-3.8205074,113,60,24,0,0,0.140250641,0,4,4,1,9,-0.629,-0.069,-0.671,-0.221,1.794,1.997,1.889,2.241,19255.948,21433.542,24054.313,6.312,6.82,6.869,2.746,2.985221288,5.090291771,-2.105070484,-1.08,0.89,0.09,-0.02,0.08,-1.87,-1.37,-0.9,-0.756,3.746,2.577,1.439,1.206,0.636,2.038,4.778,-3.53,-5.222,-1.159,1.622,-0.403,1.815,6,1,0,0,1,1,0,0,1,0,0,1.6605363,2.4940028,1.3186531,2.5044682,TP3,TP2,False,0.0007513066023033829,0.9987156244108566,8.141933585987213e-05,0.00045164965098009187,4,45
A292,0,0,0,1.696,2,49,1,1,-1,-1,2,58,8,-3.6879086,29,17,18,0,0,0.250253873,0,1,6,0,7,-0.727,-0.769,-0.83,-0.687,1.565,1.472,1.593,2.103,16795.469,15804.31,22570.398,4.795,5.526,5.782,0.398,0.014029768,4.129527116,-4.115497348,-0.8,-0.02,0.0,-0.05,0.07,-2.87,-1.57,-2.53,-2.01,2.02,0.299,-0.419,-2.193,-0.777,-0.676,3.055,-3.328,-7.068,-3.955,-0.248,-3.042,-0.71,6,1,0,0,1,1,0,0,1,0,0,1.9814281,3.4778504,1.9229501,4.0145144,TP3,TP2,False,0.02404368077120135,0.8997173005498574,0.00028219020918737736,0.07595682846975385,4,45
A304,0,0,0,1.859,2,48,1,1,-1,-1,3,48,3,-3.2654308,100,62,9,0,1,0.50035382,0,8,29,13,50,-0.151,0.468,-0.253,0.436,1.91,2.157,1.995,2.333,20500.733,23159.453,25040.717,-1.618,0.315,5.443,3.462,4.579334546,4.001047637,0.578286908,-1.72,0.81,0.12,0.02,-0.02,-0.13,-0.39,-0.61,0.183,4.588,2.854,1.988,3.791,1.052,3.488,2.618,1.142,-5.075,-0.397,1.351,-0.222,2.159,6,1,0,0,1,1,0,0,1,0,0,0.7339923,0.52159214,0.46449053,0.28907925,TP4,TP2,False,0.00014564061713359612,0.969342965809168,0.004666113083703833,0.025845280489994613,4,45
A332,0,0,0,3.233,2,46,0,1,-1,1,2,60,8,-4.262513,15,10,7,1,0,0.160713418,1,4,7,0,11,-0.49,-0.803,-0.508,-0.6,1.822,1.529,1.956,2.134,19559.944,16416.456,22910.788,1.307,4.439,6.743,3.396,0.658067247,4.829245437,-4.17117819,-0.2,0.17,0.01,0.02,0.01,-1.77,-0.77,0.04,-0.455,3.586,3.634,2.042,0.214,1.82,1.335,6.356,-1.348,-3.599,0.404,2.02,0.358,0.71,6,1,0,0,1,1,0,0,1,0,0,1.9720045,2.934027,1.7852751,2.1841052,TP3,TP2,False,0.020371847921929243,0.808569928518403,0.00034146461306601753,0.17071675894660163,4,45
A354,0,0,0,3.298,3,48,1,1,-1,1,2,21,8,-3.767925,24,14,2,0,0,0.277264442,0,7,11,3,21,-0.709,-0.034,-0.797,-0.191,1.622,1.977,1.697,2.224,17411.053,21226.921,23874.241,4.09,5.86,6.236,1.419,3.324847782,5.420570177,-2.095722396,-0.86,0.73,0.07,0.01,0.05,-2.16,-1.4,-2.29,-4.635,2.87,0.645,0.184,-1.297,-0.326,1.731,4.694,-2.655,-7.279,-4.385,-0.117,-1.201,0.482,6,1,0,0,1,1,0,0,1,0,0,1.668035,2.3199525,1.4054854,2.639794,TP3,TP2,False,0.004250286559082795,0.994264524383192,0.00015122792769030138,0.0013339611300348985,4,45
A359,1,0,0,0.0,0,54,1,1,-1,1,3,23,3,-3.7284383,144,78,33,0,1,0.673810745,0,11,18,9,38,0.559,0.485,0.516,0.337,2.133,2.181,2.207,2.31,22893.275,23410.199,24795.498,-1.448,2.749,5.177,3.627,5.014147539,4.091313888,0.922833651,-0.95,-0.19,0.1,-0.03,-0.1,1.09,0.34,-0.45,0.814,4.613,3.091,2.517,1.389,2.324,2.516,1.129,0.51,-4.244,-0.005,2.692,1.187,2.902,6,1,0,0,1,1,0,0,1,0,0,0.79578763,0.7092366,0.559874,0.095454186,TP4,TP2,False,0.0006090259335435541,0.9837635444731277,0.0006239016780176633,0.015003527915311175,4,45
A398,0,0,0,3.467,3,50,0,1,-1,1,2,46,8,-4.3015813,20,15,2,1,0,0.13515221,0,2,6,0,8,-0.521,-0.782,-0.512,-0.492,1.809,1.553,1.957,2.135,19418.756,16673.453,22917.628,3.64,5.251,6.954,3.357,0.972370178,4.764021388,-3.791651209,-0.83,1.28,0.03,0.13,0.05,-1.22,-0.85,-0.5,0.002,3.785,3.034,2.1,0.867,1.262,1.177,5.13,-1.467,-6.674,-0.629,1.952,0.621,2.315,2,1,0,0,0,0,0,0,0,0,1,2.0230184,2.883738,1.7092329,2.1999438,TP3,TP4,False,0.0065117151023576835,0.44225349289362215,0.0004697635210784575,0.5507650284829417,4,45
A419,0,0,0,2.645,2,52,0,1,-1,1,2,30,8,-4.3875174,64,37,17,0,0,0.238990012,0,4,7,3,14,-0.117,-0.377,0.22,-0.572,1.951,1.97,2.108,2.208,20947.222,21147.059,23703.517,2.211,5.662,4.522,3.584,2.637564074,4.496545044,-1.85898097,0.18,0.5,0.03,0.03,0.04,-1.33,-1.09,-0.48,0.271,4.062,3.054,2.05,0.338,1.313,1.734,3.348,-2.175,-6.913,-0.022,2.789,0.445,2.166,6,1,0,0,1,1,0,0,1,0,0,1.5314813,2.013383,1.3103925,1.2947328,TP4,TP2,False,0.0002365508958116262,0.9799263889212001,4.614175959102918e-05,0.019790918423397145,4,45
A463,0,0,0,1.217,1,48,1,1,-1,-1,3,21,8,-4.074614,52,27,26,0,1,0.323486358,0,6,7,4,17,0.472,0.218,0.432,0.303,2.067,2.036,2.174,2.269,22182.684,21851.099,24361.506,5.155,4.759,6.097,3.992,3.674381673,4.50797251,-0.833590837,-0.57,-0.58,0.02,-0.09,-0.01,0.37,-0.18,0.16,0.386,5.079,3.757,3.137,2.394,2.286,2.835,4.302,-0.572,-1.68,1.896,3.3,1.696,3.867,6,1,0,0,1,1,0,0,1,0,0,0.9990898,1.3513386,1.3235811,-0.1620633,TP4,TP2,False,0.0001075450229958737,0.9987365254712878,0.0002936859338247999,0.0008622435718915047,4,45
A476,0,0,0,2.126,2,36,1,1,-1,1,2,33,8,-4.5464367,37,18,42,0,0,0.315726418,1,4,15,3,22,0.133,0.131,-0.247,-0.321,1.98,2.01,2.019,2.217,21258.253,21577.621,23803.036,3.126,6.445,6.475,3.624,3.350323489,5.491409062,-2.141085573,-0.62,-0.48,0.05,-0.14,0.02,-0.27,-0.74,-1.0,1.177,4.481,2.438,2.419,1.805,1.571,1.77,4.134,-2.218,-2.189,0.592,2.724,0.851,2.846,5,1,0,0,1,1,0,0,1,0,0,1.1959698,1.843582,1.0468171,0.88649684,TP4,TP2,False,0.004441298051310366,0.9951814039966259,5.5213960730831635e-05,0.0003220839913329474,4,45
A524,0,0,0,3.233,2,49,1,1,-1,1,2,51,8,-4.3377627,84,45,19,1,0,0.191741168,1,4,6,0,10,0.213,-0.405,0.192,-0.257,1.983,1.887,2.058,2.211,21288.127,20257.141,23729.78,-0.761,4.883,6.145,3.361,2.322623341,5.247790404,-2.925167063,0.1,-0.42,-0.12,0.06,0.01,-1.08,-0.54,-0.84,-2.077,4.682,2.639,2.168,1.623,1.515,4.074,3.97,0.042,-4.97,-0.721,2.374,0.245,2.626,6,1,0,0,1,1,0,0,1,0,0,1.2561911,1.9702764,1.353051,0.9371684,TP4,TP2,False,0.0021023220105479577,0.9956795365617916,0.000696054636259565,0.0015220867914008634,4,45
A530,0,0,0,2.025,2,45,1,1,-1,-1,3,28,7,-3.2068948,83,42,18,0,1,0.637201551,0,7,13,5,25,0.586,-0.719,0.564,-0.34,2.099,1.63,2.243,2.168,22532.717,17495.46,23277.079,1.651,6.144,5.983,4.053,0.59884803,3.542538614,-2.943690584,0.13,-1.43,-0.07,-0.14,0.0,0.03,-0.27,-0.09,0.888,4.305,3.495,2.632,1.54,1.871,2.554,6.286,-1.557,-5.915,0.833,2.792,1.293,3.845,6,1,0,0,1,1,0,0,1,0,0,0.9679548,1.7074603,1.4071653,-0.00780499,TP4,TP2,False,0.0044986249747826276,0.924761214861095,0.0015258447163033362,0.06921431544781906,4,45
A538,0,0,0,3.593,3,56,1,1,-1,1,2,36,8,-3.169434,33,16,26,0,0,0.307718769,0,9,10,5,24,0.382,0.003,-0.128,-0.059,1.988,1.952,2.0,2.192,21337.418,20949.634,23535.044,-2.063,6.857,5.365,3.563,3.175250914,5.43277705,-2.257526136,-0.34,-0.93,-0.01,-0.14,0.0,-0.81,-0.44,-0.49,-2.324,4.37,3.029,2.052,1.999,1.605,3.819,3.646,-0.938,-6.352,-0.257,2.18,0.588,1.446,6,1,0,0,1,1,0,0,1,0,0,1.0751457,1.5039616,0.95625186,0.54712194,TP4,TP2,False,0.002579509521586015,0.9963982674565669,0.00021060774631715556,0.0008116152755298333,4,45
A565,0,0,0,2.37,2,35,1,1,-1,-1,3,30,5,-4.0813316,26,14,0,0,1,0.0,0,0,0,0,0,0.342,-0.661,0.477,-0.486,2.049,1.718,2.199,2.182,21993.163,18444.321,23420.833,0.427,3.685,5.294,4.918,1.376476646,4.230769398,-2.854292752,-0.64,-1.65,-0.09,-0.18,0.03,-0.39,-0.51,0.51,1.495,5.002,4.132,3.717,2.706,2.182,2.867,3.418,0.954,-1.872,1.53,3.123,1.13,1.009,3,1,0,0,0,0,0,0,0,0,1,1.3358617,2.1146288,2.0398812,0.30013555,TP4,TP4,True,0.0015040856461804965,0.2806894842465006,0.0008121390700258117,0.7169942910372932,4,45
A581,0,0,0,1.916,2,53,1,-1,-1,-1,2,34,0,-4.5693983,46,27,10,0,0,0.150315527,0,1,3,0,4,-0.218,-0.112,0.162,0.238,1.909,1.929,2.039,2.252,20488.409,20707.619,24176.202,0.597,0.316,5.21,3.49,3.517262332,4.713586168,-1.196323837,-1.24,0.86,0.04,0.06,0.03,-0.69,-0.45,-0.94,1.263,5.507,2.528,2.101,3.831,1.653,4.058,1.215,0.435,-4.894,-0.196,2.518,0.446,2.915,6,1,0,0,1,1,0,0,1,0,0,0.6195702,0.96701694,0.773917,0.7696205,TP1,TP2,False,0.00015170601815949345,0.9579831490659718,0.000429580072255333,0.0414355648436133,4,45
A637,0,0,0,0.947,1,65,1,-1,-1,1,3,38,0,-3.2755877,151,70,46,0,1,0.661300329,1,9,22,10,41,0.223,0.678,0.093,0.564,1.983,2.311,2.079,2.371,21288.331,24812.389,25447.508,-1.204,0.235,6.109,3.41,5.980248183,3.871326955,2.108921228,-1.35,0.6,0.13,-0.03,-0.02,0.81,0.99,-0.88,-0.489,4.753,2.613,2.184,3.845,1.664,2.942,3.205,0.109,-5.648,0.165,1.722,0.745,3.878,6,1,0,0,1,1,0,0,1,0,0,1.072504,0.82067084,0.8343535,0.58296174,TP4,TP2,False,0.00024314011932078376,0.9937444809019791,0.0009522062200802954,0.005060172758619807,4,45
A665,0,0,0,1.437,2,55,1,1,-1,-1,2,40,8,-4.2098955,60,37,10,0,0,0.244228168,0,6,6,0,12,0.351,0.55,-0.16,0.243,1.997,2.151,2.03,2.287,21439.745,23087.879,24551.66,4.138,8.511,6.32,3.55,4.146680517,5.744134728,-1.597454211,-1.24,-0.41,0.06,-0.14,0.01,-0.53,-0.18,-0.24,-0.739,4.58,3.317,1.983,1.381,1.623,1.672,3.301,-2.341,-4.952,-0.841,2.783,1.123,2.532,6,1,0,0,1,1,0,0,1,0,0,1.4617634,1.7024792,1.256399,0.8266516,TP4,TP2,False,0.00012284945909605397,0.9998402274063002,2.270849276457161e-05,1.4214641839292548e-05,4,45
A734,0,0,0,1.537,2,46,1,1,-1,-1,2,33,8,-4.279512,75,29,9,1,0,0.083559309,0,3,3,4,10,0.273,0.297,-0.009,-0.081,1.969,1.997,2.0,2.201,21139.333,21438.502,23631.468,2.394,5.263,6.608,2.081,3.564338518,5.829256695,-2.264918178,-0.37,-1.25,-0.04,-0.15,0.0,-0.31,-0.59,-1.37,-2.625,4.857,2.015,1.069,0.42,0.764,3.133,0.632,-0.653,-3.454,-0.219,1.117,-0.555,2.944,6,1,0,0,1,1,0,0,1,0,0,1.0427079,1.5284548,1.2624015,0.83225435,TP4,TP2,False,0.003308430824727159,0.9956506444468132,0.0004490849460730414,0.000591839782386708,4,45
A767,0,0,0,1.636,2,57,1,1,-1,-1,3,21,3,-4.639152,266,139,58,0,1,0.537662304,1,12,30,18,60,0.059,-0.198,0.26,-0.389,1.966,1.963,2.089,2.217,21104.636,21071.81,23793.893,1.046,2.281,6.199,3.266,3.735847915,3.321125508,0.414722407,-0.47,0.2,0.07,0.03,-0.06,0.56,-0.02,-0.97,-2.063,3.849,2.502,1.8,2.204,0.924,2.657,3.497,0.512,-7.213,-0.455,1.107,0.218,2.8,6,1,0,0,1,1,0,0,1,0,0,0.48210394,0.31217122,0.40700662,-0.09367758,TP4,TP2,False,0.00020101246138862623,0.9831150902001313,0.011485428060828416,0.0051984692776516845,4,45
T185,1,1,0,0.0,0,35,1,1,1,-1,3,33,3,-3.312091596,162,71,34,0,1,0.310181997,0,13,13,8,34,-0.603,0.157,-0.529,-0.385,1.333,1.579,1.432,1.675,19047.742,22556.459,23927.819,0.721,0.755,11.27,2.058,3.415859864,4.831610042,-1.415750178,-0.65,0.24,0.03,0.01,0.0,-1.1,-0.81,-1.69,-0.767,3.891,1.502,0.752,-1.019,0.241,0.781,-1.523,-2.387,-6.996,-1.044,0.789,-0.203,0.276,7,1,0,0,1,1,1,1,0,0,0,0.5656924,0.5509449,0.5604609,0.19237944,TP4,TP1,False,0.963620874138704,0.015066373004352651,0.014147163372204894,0.007165589484738499,4,45
T186,1,1,0,0.0,0,59,1,-1,1,1,2,31,0,-3.316680922,122,63,4,1,1,0.224818283,0,10,15,5,30,0.387,-0.114,0.446,-0.438,1.604,1.57,1.709,1.688,22922.301,22428.001,24110.094,-1.038,-0.049,9.939,4.459,3.179686802,4.301734332,-1.12204753,0.17,-1.74,-0.12,-0.14,-0.01,-0.11,0.35,-0.37,2.725,5.989,3.112,2.979,1.591,2.047,2.406,-1.364,-0.954,-5.528,0.854,3.225,1.953,1.422,7,1,0,0,1,1,1,1,0,0,0,0.84924126,1.0863581,1.3607565,-0.19756356,TP4,TP1,False,0.9701348952005294,0.0005638920840106942,0.015218828047952028,0.014082384667507776,4,45
T187,0,1,0,1.271,1,59,1,-1,1,1,3,18,0,-3.717039868,159,69,29,0,0,0.399803081,0,11,30,12,53,0.429,-0.283,0.346,-0.471,1.584,1.539,1.682,1.664,22630.398,21980.86,23773.649,-2.962,1.482,11.512,4.771,3.107285154,4.113504298,-1.006219144,-0.11,-1.62,-0.06,-0.14,-0.04,0.17,0.26,-0.13,0.29,5.44,3.375,2.972,2.515,2.28,2.535,0.49,-2.092,-1.443,1.005,2.632,1.672,1.37,4,1,0,0,1,1,1,1,0,0,0,0.72169584,0.69761705,0.94002444,-0.2671518,TP4,TP1,False,0.9884059869162997,0.0013712128061769597,0.0084965802707081,0.0017262200068152813,4,45
T188,1,1,0,0.0,0,76,1,1,1,-1,2,60,4,-3.804741411,272,127,47,1,0,0.456585263,0,11,32,17,60,-0.572,-0.121,-0.519,-0.497,1.358,1.589,1.454,1.674,19406.281,22698.272,23909.996,-2.165,0.184,8.893,2.431,3.627961172,4.008441251,-0.380480079,-0.61,-1.12,-0.03,-0.13,-0.01,-1.05,-0.52,-1.85,-2.754,4.046,1.256,0.981,0.37,0.592,0.934,0.664,-1.553,-6.049,-0.559,1.148,0.289,1.213,4,1,0,0,0,0,1,0,0,1,0,0.598504,0.75276196,0.7361027,0.46720493,TP4,TP3,False,0.16365045581754759,0.018280254776420743,0.8139852632115226,0.0040840261945090505,4,45
T190,1,1,0,0.0,0,55,1,-1,1,-1,2,24,2,-3.103020701,553,226,160,0,1,0.254328117,0,8,15,7,30,0.425,-0.272,0.531,-0.517,1.638,1.558,1.757,1.674,23394.972,22256.71,23923.193,-0.209,1.305,10.191,5.215,3.1625986,4.797027108,-1.634428508,0.67,-2.76,-0.21,-0.17,-0.03,-0.14,0.25,1.04,2.264,6.559,4.619,3.332,3.256,3.061,3.556,1.365,-0.469,-2.0,1.645,4.115,2.795,1.226,4,1,0,0,0,0,1,0,0,1,0,0.7537918,1.2707622,1.2620722,-0.13912113,TP4,TP3,False,0.13802796323525493,0.001599215155553856,0.8525485756301832,0.007824245979008113,4,45
T193,0,0,0,2.062,2,48,1,1,1,-1,3,60,8,-3.696416533,118,41,20,0,1,0.210341122,0,12,22,18,52,-0.728,-0.472,-0.846,-0.472,1.154,1.471,1.114,1.668,16489.989,21012.215,23836.549,4.719,5.379,6.725,1.255,2.787236521,5.657549582,-2.870313061,-1.19,-0.14,0.03,-0.11,0.06,-3.18,-1.24,-2.18,-4.102,3.234,0.79,-0.584,0.0,-0.099,0.085,-1.063,-2.503,-7.403,-1.806,-0.296,-2.623,-1.681,7,0,1,1,0,1,1,1,0,0,0,1.1730006,1.8829907,1.3134974,1.9881728,TP1,TP1,True,0.9459897879556577,0.036845384382969006,0.015171976285903966,0.001992851375469327,4,45
T196,1,1,0,0.0,0,58,1,1,1,1,3,43,8,-4.059252546,181,76,60,0,0,0.216415773,0,3,23,11,37,-0.788,0.302,-0.879,-0.302,1.046,1.64,1.048,1.708,14944.395,23435.887,24397.029,-1.659,7.454,9.53,-0.68,3.587597391,5.028907608,-1.441310217,-0.88,0.34,0.03,-0.03,0.07,-3.82,-2.31,-3.19,-3.942,1.989,-1.483,-2.627,-0.56,-1.133,0.858,0.656,-4.172,-7.366,-3.775,-2.282,-2.846,-0.746,7,0,1,1,0,1,1,1,0,0,0,1.8734324,2.848815,2.003304,3.3661387,TP1,TP1,True,0.9227393518094242,0.06976703644876146,0.006882447969461121,0.0006111637723531327,4,45
T197,0,0,0,1.543,2,62,1,1,1,-1,3,21,8,-4.506213774,103,36,17,1,0,0.168124561,0,2,4,0,6,-0.618,-0.592,-0.693,-0.672,1.227,1.445,1.193,1.612,17528.606,20637.722,23023.688,2.255,5.755,10.175,0.122,2.010624551,3.720853853,-1.710229302,0.01,-0.91,-0.06,-0.1,0.03,-3.08,-1.45,-3.33,-3.407,2.745,-2.761,-2.068,-2.075,-1.291,0.601,-2.698,-2.79,-5.148,-3.365,-1.98,-2.299,-1.321,7,1,0,0,1,1,1,1,0,0,0,1.4931266,2.5805616,2.027804,3.0587325,TP1,TP1,True,0.9784077732348263,0.01709375113469085,0.0026312908028342952,0.0018671848276486263,4,45
T204,1,1,0,0.0,0,55,1,-1,1,-1,2,20,0,-3.924618631,559,228,130,0,0,0.511475517,0,5,17,2,24,-0.575,-0.025,-0.647,-0.282,1.293,1.568,1.387,1.682,18472.227,22401.564,24024.598,-2.2,4.629,10.484,1.847,2.963166789,4.910284202,-1.947117413,-0.84,-1.02,-0.04,-0.16,0.04,-2.27,-1.47,-2.24,-2.283,3.807,0.673,0.338,0.03,0.259,1.506,1.012,-3.613,-7.414,-1.234,0.951,-0.729,-0.038,7,1,0,0,1,1,1,1,0,0,0,1.1342432,1.808078,1.4247947,1.8351152,TP1,TP1,True,0.8819176411359556,0.016203063015760234,0.07444589653411766,0.027433399314166527,4,45
T205,0,0,0,2.303,2,53,1,1,1,-1,3,15,3,-3.628473125,58,26,19,0,1,0.403673599,0,13,21,17,51,-0.662,-0.614,-0.813,-0.553,1.277,1.418,1.27,1.652,18247.675,20264.924,23596.227,4.332,4.792,9.439,2.474,2.608048068,4.396220439,-1.788172371,-1.05,-0.32,-0.02,-0.09,0.06,-2.62,-1.31,-1.71,0.202,4.587,1.449,1.1,-0.56,0.703,0.284,-0.015,-2.465,-4.813,-1.328,1.983,-0.163,-0.323,7,0,1,1,0,1,1,1,0,0,0,0.6500905,0.74258393,0.6174877,0.28553587,TP4,TP1,False,0.960318857519834,0.0030421800588988903,0.018319424873739835,0.018319537547527274,4,45
T206,0,1,0,1.331,1,55,1,1,1,-1,3,36,8,-4.640040532,125,50,9,0,1,0.276452734,0,4,23,15,42,-0.556,-0.388,-0.594,-0.566,1.332,1.501,1.34,1.63,19027.834,21447.797,23283.873,4.136,5.235,9.221,2.154,4.174804083,5.018694901,-0.843890818,-0.54,0.06,-0.06,0.09,0.0,-1.74,-0.37,-1.91,-2.553,5.178,1.168,0.69,1.001,1.017,3.066,4.663,-1.07,-5.223,-2.724,1.193,-0.807,2.359,4,1,0,0,0,0,1,0,0,1,0,0.95059055,0.84294903,0.99029857,-0.008579642,TP4,TP3,False,0.17626967165465499,0.03924841702243992,0.7839311883309236,0.0005507229919815923,4,45
T207,1,1,0,0.0,0,61,1,-1,1,1,3,97,0,-3.82360593,204,92,15,0,0,0.432253389,1,16,26,14,56,-0.251,0.457,-0.287,0.219,1.336,1.544,1.374,1.636,19081.872,22054.448,23379.901,-1.269,1.25,10.747,2.077,3.712787663,4.179430223,-0.466642561,-0.69,0.32,0.0,0.05,0.0,-1.72,-0.72,-1.81,-1.365,6.021,1.122,0.141,-2.686,-0.095,0.174,2.772,-2.379,-6.96,-1.658,1.897,0.228,3.049,7,1,0,0,1,1,1,1,0,0,0,0.88015443,0.86657524,0.9140875,0.65781534,TP4,TP1,False,0.9389004557030818,0.043456367186989794,0.016827832086525288,0.0008153450234032287,4,45
T209,1,1,0,0.0,0,55,1,1,1,-1,3,60,5,-5.043132153,130,45,19,0,0,0.273259908,0,5,15,15,35,-0.76,-0.6,-0.887,-0.693,1.099,1.406,1.073,1.592,15705.013,20084.148,22747.69,1.89,1.915,10.439,1.061,2.575944427,4.372911687,-1.79696726,-0.41,-0.56,-0.02,-0.1,0.05,-3.54,-1.78,-2.2,-1.317,3.08,0.744,-0.269,-0.606,-0.115,0.699,-0.378,-3.93,-7.468,-1.616,-0.069,-2.423,0.282,7,1,0,0,1,1,1,1,0,0,0,1.1557579,1.8477275,1.2878121,1.8294017,TP1,TP1,True,0.9367716661010607,0.033007344976889896,0.027000996316985753,0.003219992605063775,4,45
T210,1,1,0,0.0,0,48,1,1,1,-1,2,23,3,-4.298068302,83,39,32,1,0,0.065527027,0,1,5,0,6,-0.807,-0.458,-0.872,-0.517,0.954,1.449,0.912,1.621,13624.828,20705.247,23153.23,1.484,2.966,11.224,-0.648,3.411614752,4.3587682,-0.947153448,-1.32,0.85,0.03,0.06,0.05,-3.65,-2.04,-3.19,-3.982,2.626,-1.455,-1.739,-1.935,-0.597,0.752,0.954,-3.924,-6.889,-5.785,-2.009,-2.326,0.379,7,1,0,0,1,1,1,1,0,0,0,1.8487828,2.8836284,2.5353649,3.6195304,TP1,TP1,True,0.9450775527692238,0.030725986437575643,0.01693939879963946,0.007257061993561145,4,45
T213,1,1,0,0.0,0,50,1,-1,1,1,3,18,0,-2.79471863,87,47,7,1,1,0.296527441,1,6,20,13,39,-0.503,-0.396,-0.644,-0.501,1.384,1.541,1.394,1.672,19773.538,22018.09,23886.701,-1.261,0.264,9.827,1.591,3.246470374,3.103918841,0.142551533,0.04,-1.01,-0.01,-0.14,0.0,-2.15,-0.55,-2.17,-0.059,3.478,0.779,0.091,-1.009,0.235,0.888,0.037,-1.245,-4.459,-1.575,1.141,-0.151,1.723,7,1,0,0,1,1,1,1,0,0,0,0.31887823,0.3153207,0.5319765,0.2798445,TP4,TP1,False,0.9181550188166345,0.0012360205325732583,0.007259406096414255,0.07334955455437803,4,45
T215,1,1,0,0.0,0,33,1,-1,1,-1,3,29,0,-3.501901475,196,86,87,0,0,0.581378073,0,22,37,23,82,0.009,0.161,-0.11,-0.462,1.517,1.641,1.577,1.691,21675.333,23451.147,24159.382,0.424,1.154,8.789,3.132,4.180658851,3.634218203,0.546440648,-0.62,-0.9,0.0,-0.08,-0.04,-0.16,0.55,-0.93,0.068,4.619,2.441,2.071,0.271,1.45,1.748,-1.402,-1.679,-2.223,0.424,2.102,1.492,1.648,7,1,0,0,1,1,1,1,0,0,0,0.51227534,0.39830995,0.32604796,-0.16067049,TP4,TP1,False,0.9718339137567756,0.015335682689260655,0.011775762833728722,0.0010546407202349888,4,45
T217,0,1,0,1.004,1,61,1,1,1,-1,2,25,7,-3.651364875,177,74,67,1,0,0.292553961,0,9,17,6,32,0.277,-0.249,-0.098,-0.576,1.558,1.545,1.568,1.643,22261.026,22077.442,23472.801,3.884,6.85,9.492,3.377,3.483856926,4.852187651,-1.368330725,0.09,-1.97,-0.14,-0.12,-0.03,-0.91,-0.17,-1.29,1.893,5.626,2.007,1.88,1.232,1.417,3.399,1.643,-1.941,-3.86,0.218,2.812,1.383,2.589,7,1,0,0,1,1,1,1,0,0,0,1.2242322,1.3477297,1.720486,-0.21139655,TP4,TP1,False,0.9065936348614103,0.028739200852163218,0.06458337692948257,8.378735694402957e-05,4,45
T218,0,0,0,3.072,2,40,1,1,1,1,3,34,8,-3.607653008,67,33,11,1,1,0.252727084,0,9,13,6,28,-0.613,-0.409,-0.698,-0.492,1.312,1.51,1.328,1.665,18738.522,21566.504,23793.166,3.272,6.405,5.784,1.321,3.205838073,4.825693524,-1.619855451,-0.89,-0.25,-0.02,-0.03,0.01,-1.44,-1.06,-2.18,-2.634,4.083,0.702,0.332,-0.919,0.15,1.591,1.377,-2.838,-5.677,-0.463,0.54,-0.604,0.146,7,1,0,0,1,1,1,1,0,0,0,1.1856812,1.5920277,1.2561127,1.413285,TP1,TP1,True,0.959642442257325,0.030756596601999187,0.003648361379957896,0.005952599760717935,4,45
T177,0,1,0,1.014,1,49,1,1,-1,-1,3,35,8,-3.842312436,146,89,26,0,0,0.319808818,0,9,30,19,58,-0.588,-0.291,-0.724,-0.555,1.255,1.551,1.235,1.645,17931.089,22165.373,23502.919,4.198,6.027,6.08,0.975,3.34557227,3.944710554,-0.599138283,-0.61,-0.24,-0.02,-0.01,0.02,-2.17,-0.78,-2.45,-5.092,3.339,0.035,-1.346,-0.443,-0.361,1.77,0.707,-2.512,-5.931,-3.464,-0.551,-1.288,0.268,7,1,0,0,1,1,0,0,1,0,0,0.7919434,1.3212854,0.5750757,1.0854201,TP3,TP2,False,0.021232575782677687,0.9743833133691613,0.0039039727951941075,0.0004801380529670189,5,46
T179,1,1,0,0.0,0,57,1,1,-1,1,3,12,6,-3.491669617,67,23,15,0,1,0.52915936,0,5,19,11,35,0.622,0.48,0.636,0.222,1.67,1.691,1.766,1.746,23865.905,24164.468,24943.247,-3.106,2.85,5.02,5.209,4.831343569,3.820626177,1.010717392,-0.57,-1.65,-0.06,-0.16,-0.04,0.86,0.82,0.12,1.779,6.099,3.633,3.574,1.987,2.64,2.984,-1.379,-0.533,-2.572,1.284,3.475,2.633,1.889,6,1,0,0,1,1,0,0,1,0,0,1.0810106,1.2857028,1.6863852,1.162112,TP1,TP2,False,0.032488473013476876,0.8597643392301858,0.006125071216097803,0.10162211654023938,5,46
T182,0,1,0,1.102,1,39,1,1,-1,-1,3,29,8,-3.451055872,49,20,56,0,0,0.195487734,0,7,10,7,24,-0.63,0.133,-0.652,-0.431,1.324,1.61,1.403,1.703,18915.927,23007.751,24335.642,1.658,6.325,6.024,1.64,3.220976545,3.721792269,-0.500815723,-0.66,-0.25,0.01,-0.08,0.04,-2.15,-1.15,-2.17,-2.064,3.372,0.773,0.01,-1.038,-0.423,0.247,-0.723,-3.789,-7.113,-1.512,0.109,-0.482,-1.056,6,1,0,0,1,1,0,0,1,0,0,0.8004082,1.1513404,0.5174291,1.838243,TP3,TP2,False,0.01228327711067576,0.9847006436069372,9.435668527701825e-05,0.0029217225971099434,5,46
T183,0,0,0,3.093,2,58,1,1,-1,1,3,59,8,-3.944314469,361,155,62,0,0,0.311916754,1,8,24,11,43,-0.686,0.065,-0.798,-0.486,1.144,1.62,1.066,1.689,16346.261,23149.843,24133.836,-1.417,7.011,6.592,-0.283,3.029618327,4.382125851,-1.352507523,-0.76,-0.53,0.02,-0.13,0.05,-3.55,-2.07,-3.21,-5.882,1.792,-1.697,-2.773,-1.488,-1.447,-0.037,-1.146,-3.648,-7.564,-5.692,-1.957,-3.832,-1.889,6,1,0,0,1,1,0,0,1,0,0,2.1951454,2.6508522,2.2091155,4.373284,TP1,TP2,False,0.05450520113871494,0.9435319246944985,0.0005747938815394214,0.0013880802852470817,5,46
T184,0,0,0,1.41,2,53,1,-1,-1,1,3,43,0,-3.837849823,275,111,59,1,0,0.509950682,0,14,27,25,66,-0.579,0.446,-0.637,0.098,1.152,1.627,1.215,1.666,16457.168,23248.185,23801.602,-3.304,-0.406,6.643,0.55,4.597681093,3.731863168,0.865817925,-0.8,-0.44,0.06,-0.15,0.02,-3.53,-2.17,-2.4,-2.307,4.466,-0.389,-2.515,-2.602,-1.952,-1.697,-0.588,-3.644,-7.557,-2.287,1.571,-2.22,0.068,4,1,0,0,0,0,0,0,0,0,1,1.3218651,1.1338463,1.3003168,2.3038998,TP2,TP4,False,0.06145879366536031,0.04465100558252133,0.0016964558591691175,0.8921937448929492,5,46
T189,0,0,1,3.395,3,39,1,1,-1,1,3,52,8,-3.853311033,840,342,137,0,0,0.333798182,0,11,13,8,32,0.036,-0.555,0.228,-0.655,1.522,1.434,1.626,1.603,21741.694,20487.338,22906.097,0.138,0.588,4.384,3.2,2.873665562,4.541716136,-1.668050574,0.24,-0.51,-0.11,0.12,-0.06,0.27,0.65,-1.44,-2.124,5.444,1.82,1.456,3.174,1.581,2.639,1.025,-1.563,-3.97,-0.343,2.218,0.813,2.215,6,1,0,0,1,1,0,0,1,0,0,1.041657,2.0195394,1.1590198,1.4178725,TP1,TP2,False,0.003074014115615135,0.9484558986306323,0.025269903938713183,0.02320018331503942,5,46
T191,0,0,1,3.536,3,60,0,1,-1,1,2,58,8,-3.834474131,232,103,53,0,0,0.357497927,0,8,27,25,60,0.407,-0.457,0.652,-0.557,1.639,1.506,1.825,1.652,23413.105,21510.549,23607.102,3.383,5.232,5.69,5.582,2.892490145,4.846769618,-1.954279473,0.55,-3.33,-0.26,-0.13,-0.1,0.88,2.08,0.66,0.931,6.76,4.223,3.835,4.867,3.277,3.897,4.742,-0.374,-1.138,1.529,3.639,2.826,0.467,7,0,1,1,0,1,1,1,0,0,0,1.5345833,2.2797532,2.2586358,1.4542946,TP4,TP1,False,0.8111593657594194,0.13165072440057504,0.05621915096897369,0.0009707588710319841,5,46
T192,0,0,0,1.5,2,32,1,1,-1,1,3,27,8,-3.445286445,113,50,14,0,0,0.252283258,0,10,11,10,31,-0.642,0.194,-0.764,-0.403,1.301,1.598,1.291,1.682,18583.736,22832.593,24028.632,3.552,5.56,5.223,1.274,3.411623701,4.544771343,-1.133147642,-0.77,0.09,0.0,-0.02,0.05,-2.45,-1.49,-2.44,-1.741,3.457,0.277,0.123,-1.075,-0.103,-0.649,1.624,-4.221,-5.828,-0.645,0.487,-1.219,-0.051,6,0,1,1,0,1,0,0,1,0,0,1.0769597,1.5234756,0.5587477,2.1222064,TP3,TP2,False,0.07284283819101983,0.9158558910214883,9.209967179227392e-05,0.011209171115699487,5,46
T194,0,0,0,3.061,2,43,1,1,-1,1,3,50,8,-3.931041192,82,33,28,0,1,0.350404122,0,8,15,4,27,-0.193,0.075,-0.55,-0.3,1.391,1.587,1.305,1.683,19870.835,22676.92,24048.918,3.708,5.989,6.478,0.321,3.853877012,5.083187852,-1.22931084,-1.26,-1.09,0.01,-0.15,-0.02,-1.17,1.13,-3.03,-5.391,2.981,-1.028,-1.312,-2.736,-0.841,-0.725,-0.087,-3.823,-6.59,-2.104,-1.595,-2.591,-1.575,7,1,0,0,1,1,1,1,0,0,0,1.3994541,1.76132,0.9535759,2.9290617,TP3,TP1,False,0.8447981926660724,0.15468210024472095,0.00010904714244680799,0.0004106599467598218,5,46
T195,0,1,0,1.341,1,74,1,-1,-1,-1,3,40,0,-3.711672496,379,183,60,1,1,0.44612918,0,8,24,14,46,-0.416,0.627,-0.385,0.415,1.342,1.699,1.431,1.718,19178.35,24278.264,24550.719,-3.826,-0.787,5.562,2.152,4.726718604,4.114715864,0.61200274,-1.19,-0.43,0.03,-0.11,0.02,-1.48,-1.3,-2.04,-0.756,5.07,0.643,0.512,1.084,1.141,-1.19,0.153,-3.927,-0.872,0.344,1.927,-0.388,1.777,4,1,0,0,0,0,0,0,0,0,1,1.4134034,1.0029019,1.4805058,2.0732574,TP2,TP4,False,0.0011108688422553936,0.10709804068266704,0.015175119352446996,0.8766159711226306,5,46
T198,1,1,0,0.0,0,63,1,-1,-1,1,3,8,0,-3.412114954,174,80,76,0,1,0.690270867,0,8,20,8,36,0.409,0.185,0.343,-0.374,1.604,1.619,1.714,1.704,22917.31,23127.291,24341.382,-4.266,0.127,4.583,4.244,3.714560439,4.01301383,-0.298453391,-0.08,-1.42,-0.05,-0.14,-0.03,0.51,1.16,-0.78,1.083,5.587,2.61,2.925,3.486,2.441,2.717,-0.051,0.073,-2.753,0.38,2.684,1.783,1.261,4,1,0,0,0,0,0,0,0,0,1,0.74876696,0.93208176,0.69734246,0.8269092,TP3,TP4,False,0.022774207677857938,0.1121837809123205,0.00718661261245556,0.857855398797366,5,46
T200,0,0,0,3.08,2,73,1,1,-1,1,3,18,4,-3.378179938,109,48,12,0,1,0.414165569,0,12,16,6,34,-0.521,-0.513,-0.615,-0.653,1.391,1.578,1.443,1.672,19873.472,22543.163,23885.957,-4.192,-0.692,3.382,2.085,2.446839077,3.315522604,-0.868683527,0.7,-1.87,-0.05,-0.2,-0.03,-2.51,-0.69,-2.71,-1.082,2.302,-0.19,0.286,0.154,0.283,0.143,-3.54,0.862,-6.976,-4.203,-0.86,-0.907,1.111,3,1,0,0,0,0,0,0,0,0,1,0.83185524,0.910074,1.0747519,1.3894747,TP1,TP4,False,0.005649278000089929,0.10124387773210096,0.0018975614142620785,0.8912092828535471,5,46
T201,1,1,0,0.0,0,55,1,-1,-1,-1,3,10,0,-4.262156726,219,84,43,0,1,0.705949115,1,9,28,23,60,-0.657,-0.332,-0.679,-0.574,1.268,1.575,1.354,1.672,18122.095,22500.731,23892.775,-2.348,-1.599,4.608,2.481,3.422970924,2.890560758,0.532410166,-0.38,-0.14,-0.01,0.0,0.0,-2.28,-1.15,-1.69,-4.6,3.283,1.463,0.955,-2.815,0.821,0.875,-1.232,-2.072,-7.095,-2.292,0.47,-0.955,0.019,3,1,0,0,0,0,0,0,0,0,1,0.6151823,0.7570277,0.90018517,0.6737188,TP1,TP4,False,0.002849457322772825,0.1462212263727554,0.007917497106756774,0.843011819197715,5,46
T203,0,0,0,3.151,2,48,0,1,-1,-1,3,35,8,-4.293275778,53,25,15,0,0,0.099216303,0,3,8,4,15,-0.711,-0.461,-0.887,-0.532,1.039,1.531,0.973,1.662,14847.423,21872.203,23748.589,2.915,7.069,5.841,-0.727,2.58363052,5.02211762,-2.4384871,-1.03,-0.75,0.02,-0.19,0.06,-4.11,-2.14,-3.42,-7.498,0.37,-3.051,-2.468,-4.809,-2.042,-1.627,0.003,-6.429,-7.947,-6.221,-2.895,-3.847,-3.098,6,1,0,0,1,1,0,0,1,0,0,2.72953,3.6430407,2.3100693,5.5545993,TP3,TP2,False,0.10158802977932119,0.8908074351021453,1.5236149155526508e-05,0.007589298969377827,5,46
T208,1,1,0,0.0,0,53,1,1,-1,-1,3,45,4,-4.506024837,158,69,40,0,1,0.527670676,1,18,27,25,70,0.077,0.415,-0.181,0.131,1.503,1.664,1.533,1.742,21474.115,23769.645,24884.84,-2.607,1.929,5.998,3.142,4.898400311,4.71739267,0.181007641,-1.47,0.02,0.09,-0.03,-0.06,0.47,0.51,-1.56,-0.791,5.082,1.609,2.127,1.802,1.622,2.273,-0.775,-0.482,-3.697,0.454,1.877,1.049,1.747,7,0,1,1,0,1,0,0,1,0,0,0.70370454,0.7412252,0.79374987,0.66732204,TP4,TP2,False,0.011189502660708851,0.9806639297991843,0.006515272880627839,0.001631294659479175,5,46
T211,1,1,0,0.0,0,49,0,1,-1,-1,3,32,4,-3.263202088,87,37,15,0,1,0.166424472,0,5,15,9,29,0.418,-0.517,0.559,-0.635,1.725,1.456,1.861,1.602,24646.875,20807.214,22894.64,-0.068,2.818,5.355,6.836,3.512646818,4.900744087,-1.388097269,1.12,-2.41,-0.2,-0.09,-0.07,1.3,2.19,1.21,3.182,7.282,4.786,5.544,4.213,4.179,3.766,1.974,0.49,-0.681,3.395,4.703,4.068,3.763,6,1,0,0,1,1,0,0,1,0,0,1.4589763,2.0985813,2.6641698,1.1706773,TP4,TP2,False,0.041972826582414025,0.8197897939780546,0.04045428265426632,0.09778309678526499,5,46
T212,0,0,0,1.482,2,74,1,-1,-1,-1,3,26,0,-4.04021842,140,65,28,1,0,0.221599854,0,9,20,6,35,-0.731,0.017,-0.855,-0.327,1.174,1.54,1.062,1.666,16776.111,21996.516,23801.182,0.158,1.274,7.88,1.188,4.208137362,4.943526725,-0.735389363,-1.43,0.18,0.04,-0.01,0.0,-2.38,-0.65,-2.27,-4.091,3.86,0.658,-0.333,-1.628,-0.225,1.389,0.256,-0.56,-7.358,-1.248,-0.129,-1.109,1.131,6,1,0,0,1,1,0,0,1,0,0,0.98600435,1.2100282,1.2214756,1.2324829,TP1,TP2,False,0.04987817030067989,0.802317516173239,0.028440233350722155,0.1193640801753591,5,46
T214,0,0,0,1.611,2,72,1,-1,-1,-1,3,50,0,-3.955823426,159,70,23,0,1,0.410079347,0,10,31,14,55,-0.719,-0.225,-0.812,-0.453,1.11,1.562,1.103,1.678,15853.496,22312.77,23972.056,-0.836,1.118,5.337,0.089,2.949051287,2.954778891,-0.005727604,-1.36,0.23,0.07,-0.07,0.04,-2.83,-1.54,-2.7,-3.842,1.915,-0.137,-1.365,0.328,0.008,-0.459,-2.917,-4.875,-7.222,-2.84,-1.292,-0.83,-0.428,6,1,0,0,1,1,0,0,1,0,0,1.1553288,1.2861958,1.337092,1.7682753,TP1,TP2,False,0.015791589994683736,0.8319701505534759,0.004759871516085866,0.14747838793575455,5,46
T216,0,0,1,3.706,3,50,1,1,-1,1,3,108,8,-3.66600874,340,134,111,0,1,0.376794378,0,5,3,5,13,0.359,-0.68,-0.153,-0.682,1.57,1.395,1.572,1.609,22424.983,19930.444,22993.451,6.222,4.476,4.641,3.338,2.017332247,4.401735057,-2.38440281,0.16,-1.43,-0.11,-0.08,-0.02,-1.02,-0.24,-1.16,1.195,5.188,2.178,1.267,-0.064,1.312,0.808,1.392,-1.973,-5.25,-0.19,2.636,1.257,1.323,6,1,0,0,1,1,0,0,1,0,0,1.5598066,2.7610154,1.6887368,2.3364882,TP1,TP2,False,0.04512596212753852,0.9321743092240296,0.006250554542305506,0.01644917410612655,5,46
A002,0,0,0,4.381,3,57,1,1,-1,1,3,70,8,-3.967478,262,134,60,0,0,0.261300406,1,3,9,4,16,0.588,0.624,0.637,0.314,2.055,2.194,2.221,2.284,22059.99,23555.511,24517.194,1.619,6.752,6.59,4.086,4.042607109,4.265593169,-0.22298606,0.06,-1.16,0.03,-0.19,-0.02,0.05,-0.41,-0.41,-0.484,4.019,3.131,2.863,1.85,1.91,2.937,3.127,0.469,-1.213,0.896,2.65,1.594,4.069,6,1,0,0,1,1,0,0,1,0,0,1.6675423,1.7442497,2.0766327,1.7959641,TP1,TP2,False,1.9034306838794178e-05,0.9999463597475374,2.4531297062595455e-05,1.0074648561142919e-05,5,46
A004,0,0,0,2.865,2,45,1,1,-1,1,2,44,8,-7.0739864,33,19,0,1,0,0.146476691,0,5,6,0,11,-0.077,-0.732,0.129,-0.603,1.894,1.572,2.048,2.109,20331.419,16870.777,22634.52,1.807,3.317,5.124,3.74,0.829679163,4.501917816,-3.672238653,0.17,1.96,-0.05,0.33,0.04,-1.61,-0.53,-0.3,-0.785,4.554,3.266,2.446,2.62,1.88,3.462,3.631,0.635,-5.597,-1.253,2.288,0.606,1.288,6,1,0,0,1,1,0,0,1,0,0,1.9078276,3.051785,1.8400658,1.8020269,TP4,TP2,False,0.0005272917532570056,0.9463606023992065,0.0015811222823785942,0.05153098356515794,5,46
A005,1,0,0,0.0,0,27,1,1,-1,1,3,51,4,-3.5832833,269,138,68,0,1,0.507686998,1,21,35,30,86,0.672,0.582,0.664,0.499,2.233,2.252,2.367,2.346,23970.414,24177.888,25181.154,-2.354,-0.308,5.327,5.618,5.043276825,4.346703404,0.696573421,-0.59,-1.26,0.08,-0.19,-0.1,1.87,2.0,0.66,2.234,5.09,4.284,4.522,1.37,3.308,3.098,0.665,-0.468,-1.237,2.998,3.48,2.867,4.362,6,1,0,0,1,1,0,0,1,0,0,1.1247079,1.0684254,1.8741502,1.5646158,TP2,TP2,True,0.004558141264881507,0.9926745846836261,0.001277108660742237,0.0014901653907500871,5,46
A007,0,0,0,2.722,2,40,1,1,-1,1,2,21,7,-6.827391,49,29,12,1,0,0.123499002,0,4,6,2,12,-0.034,-0.656,0.229,-0.339,1.923,1.755,2.08,2.186,20639.638,18835.798,23461.553,4.063,3.608,5.134,4.029,1.474393935,3.850658318,-2.376264384,0.57,-0.05,-0.04,-0.03,0.08,-1.33,-1.33,-0.38,-1.654,3.819,3.175,2.329,3.512,1.42,2.79,4.783,-0.048,-2.732,0.083,2.4,0.577,2.162,6,1,0,0,1,1,0,0,1,0,0,1.6590014,2.520383,1.4271811,1.490045,TP3,TP2,False,0.0006538635768266298,0.9383514217877952,0.0008570707919268235,0.060137643843451376,5,46
A010,1,0,0,0.0,0,42,1,1,-1,-1,3,22,8,-4.2699236,136,64,38,1,1,0.291685107,0,8,14,8,30,0.225,0.171,0.481,-0.197,2.001,2.047,2.192,2.256,21483.666,21976.766,24218.342,4.223,5.166,5.367,3.912,3.913295771,4.082472133,-0.169176363,-0.45,-0.24,0.04,-0.06,0.0,0.55,-0.08,-0.59,-0.419,4.274,2.913,2.702,2.913,1.724,2.535,3.853,-1.428,-3.286,0.551,2.683,1.194,4.097,6,1,0,0,1,1,0,0,1,0,0,0.8607292,1.0866232,1.2597821,0.57116306,TP4,TP2,False,0.00010790124714702157,0.9967967709324833,0.0007874860724551046,0.0023078417479145577,5,46
A012,0,0,0,1.185,1,48,1,1,-1,-1,3,56,8,-3.594931,132,69,19,0,0,0.352518589,0,13,29,12,54,0.638,0.562,0.712,0.444,2.207,2.222,2.414,2.34,23693.915,23851.88,25119.744,3.949,5.457,5.02,6.064,4.46376819,4.559770293,-0.096002103,-0.1,-2.02,0.03,-0.31,-0.02,1.65,1.16,1.18,2.174,4.939,4.838,4.828,3.694,3.472,2.594,0.941,-0.391,-1.044,2.836,4.216,3.131,4.411,6,1,0,0,1,1,0,0,1,0,0,1.494531,1.7239563,2.7770295,1.6383028,TP1,TP2,False,3.720967677918759e-05,0.9999185255756716,3.889304119212245e-05,5.371706357106277e-06,5,46
A014,0,0,0,3.677,3,63,0,1,-1,1,2,47,8,-5.0733694,25,21,22,0,0,0.162486057,0,5,8,1,14,-0.116,-0.503,-0.497,-0.62,1.914,1.836,2.021,2.174,20549.555,19703.476,23333.628,-0.835,7.804,5.688,3.354,1.898142253,4.995984077,-3.097841824,-0.34,-1.3,-0.01,-0.2,0.03,-1.19,-0.78,-0.81,-1.346,3.22,2.688,1.759,0.429,1.122,0.97,3.7,-3.504,-5.122,0.193,1.599,-0.038,0.907,6,1,0,0,1,1,0,0,1,0,0,2.1076257,3.071796,1.6044794,2.753949,TP3,TP2,False,0.010010404405884707,0.965395020197029,0.00012200727297266909,0.024472568124113667,5,46
A017,0,0,0,1.625,2,57,1,1,-1,-1,3,26,8,-4.859264,116,65,47,0,1,0.338163615,0,9,15,5,29,-0.415,0.187,-0.392,-0.117,1.821,2.035,1.957,2.23,19545.062,21842.44,23940.294,3.885,7.253,5.896,2.105,3.664123247,4.430635574,-0.766512327,-0.59,0.35,0.08,-0.03,0.0,-0.29,-0.65,-1.84,-1.639,3.381,1.361,1.106,1.443,1.05,2.024,4.886,-0.092,-4.456,-0.546,0.819,0.076,2.591,6,1,0,0,1,1,0,0,1,0,0,0.68005157,0.8775149,0.4268689,0.30579704,TP4,TP2,False,9.147248701905224e-05,0.998507501448306,0.000816519891142918,0.000584506173532005,5,46
A023,0,0,0,1.073,1,47,1,1,-1,-1,3,34,8,-3.4648956,92,58,27,0,0,0.431404706,0,14,28,21,63,0.126,0.259,0.372,0.021,1.988,2.064,2.136,2.268,21341.057,22157.625,24345.681,1.082,6.057,7.26,4.004,3.729377229,5.301504943,-1.572127714,-0.62,0.37,0.08,-0.03,0.01,0.13,-0.18,0.24,0.834,4.62,3.852,2.917,0.655,2.118,2.017,3.78,-0.268,-2.874,0.806,3.033,1.232,3.098,6,1,0,0,1,1,0,0,1,0,0,0.7155445,0.90512574,0.88565964,0.50167626,TP4,TP2,False,0.0005200637723808516,0.9978933023391348,0.0009633239782079012,0.0006233099102764721,5,46
A042,0,0,0,0.946,1,50,0,-1,-1,-1,3,22,0,-4.407352,32,17,7,1,0,0.511694128,1,3,10,2,15,0.102,0.444,0.418,0.458,1.965,2.163,2.152,2.314,21088.277,23216.108,24841.633,-1.245,-0.583,3.392,4.05,4.559614381,4.477975082,0.081639299,-0.69,1.23,0.08,0.12,-0.01,-0.23,0.79,-1.02,-2.637,4.471,2.43,2.775,4.119,2.143,4.053,7.261,-2.101,-3.923,1.539,1.54,0.674,2.907,6,1,0,0,1,1,0,0,1,0,0,1.312951,1.6013609,1.257403,1.2892967,TP3,TP2,False,5.568873929445225e-06,0.9979931213617698,5.915585236874488e-06,0.001995394179063917,5,46
A057,0,0,0,1.518,2,54,1,1,-1,1,2,32,8,-3.2928437,25,14,10,0,0,0.153638526,0,2,3,0,5,-0.312,-0.316,-0.623,0.201,1.858,1.959,1.942,2.251,19944.942,21025.657,24159.55,5.598,4.668,5.78,2.991,2.479851189,3.828840618,-1.348989429,-0.54,-0.89,-0.03,-0.19,0.09,-1.74,-1.63,-1.59,-0.26,3.726,1.733,1.848,1.77,0.548,3.563,1.728,-1.432,-4.827,-0.038,1.396,1.691,0.346,6,1,0,0,1,1,0,0,1,0,0,1.5818105,2.05585,1.158875,2.148125,TP3,TP2,False,0.0026667325537049814,0.992785316458804,0.00010786447298409309,0.004440086514507037,5,46
A067,0,0,0,2.926,2,39,1,1,-1,1,3,33,7,-3.7422008,76,41,39,0,0,0.2613614,0,2,14,0,16,-0.37,-0.248,-0.502,-0.329,1.849,1.938,1.916,2.198,19843.0,20804.509,23598.013,3.612,6.037,7.389,2.778,2.870601405,6.16264448,-3.292043075,-0.74,-0.66,0.05,-0.16,0.02,-1.25,-0.62,-0.55,-0.548,3.503,2.981,1.797,1.006,0.925,1.421,3.558,-1.62,-6.283,0.126,1.781,0.338,2.341,6,1,0,0,1,1,0,0,1,0,0,1.2577591,1.944343,0.8673442,1.5074037,TP3,TP2,False,0.014925896982788482,0.9782873897035375,0.00023076639422041608,0.006555946919453714,5,46
A102,0,0,0,3.772,3,49,1,1,-1,1,3,39,7,-3.557008,110,59,23,1,1,0.389188076,0,11,13,8,32,0.408,0.515,0.494,0.465,2.032,2.16,2.171,2.314,21816.038,23185.861,24836.315,1.47,3.127,5.61,3.706,3.820032491,4.353574721,-0.53354223,-0.91,-0.6,0.05,-0.2,0.05,0.04,-0.22,-0.51,1.621,4.778,3.023,2.941,4.273,1.976,2.364,5.029,-2.124,-2.306,1.201,2.962,1.178,3.156,6,1,0,0,1,1,0,0,1,0,0,1.3973328,1.4985999,1.7358171,1.3573028,TP4,TP2,False,0.001447207578477472,0.9748416374618153,0.0006748432294995337,0.023036311730207683,5,46
A149,0,0,0,3.128,2,50,1,1,-1,1,2,44,8,-3.658615,87,41,8,1,0,0.301982012,0,3,6,0,9,-0.36,-0.68,-0.343,-0.437,1.857,1.676,1.991,2.158,19934.927,17995.343,23163.217,3.459,6.832,6.902,2.941,1.21228227,4.427390079,-3.215107809,-0.32,0.82,-0.02,0.11,0.05,-1.31,-0.88,-0.79,-0.324,4.17,2.711,1.814,1.802,1.177,2.951,5.097,-1.109,-4.129,-0.338,2.071,0.737,1.16,6,1,0,0,1,1,0,0,1,0,0,1.7655853,2.658803,1.4463569,1.6094788,TP3,TP2,False,0.00978016831135895,0.9546091482758221,0.0015897406318232715,0.03402094278099572,5,46
A248,0,0,0,1.141,1,48,1,1,-1,-1,3,36,5,-3.77829,105,54,18,0,1,0.396386059,0,6,19,7,32,0.504,0.662,0.616,0.589,2.126,2.305,2.283,2.394,22823.283,24743.133,25694.975,-2.923,1.812,5.371,4.966,5.179385861,2.780366264,2.399019597,-0.81,-1.06,0.08,-0.24,-0.01,1.03,0.25,-0.37,1.313,4.466,3.175,3.344,3.149,2.487,2.58,-0.585,-0.541,-2.228,1.164,3.243,1.951,3.975,6,1,0,0,1,1,0,0,1,0,0,1.4852386,1.1267332,2.080583,1.9589223,TP2,TP2,True,1.885008701377932e-05,0.9964911604761938,0.00019351818784212903,0.0032964712489503794,5,46
A253,0,0,0,1.788,2,49,1,1,-1,1,2,25,7,-3.929318,19,12,10,0,0,0.373339895,0,9,6,2,17,0.614,-0.446,0.783,-0.357,2.234,1.895,2.397,2.213,23976.471,20346.268,23755.721,1.319,2.981,5.147,6.286,3.048211354,4.567470736,-1.519259382,0.92,-1.53,-0.09,-0.13,0.0,1.42,0.48,1.92,3.459,6.291,5.598,4.777,3.301,3.636,3.339,4.343,0.2,-3.541,2.343,5.024,2.988,3.72,6,1,0,0,1,1,0,0,1,0,0,1.6888089,2.3595054,2.0939178,1.0885962,TP4,TP2,False,0.0009628952671130233,0.9904213045958689,0.0006880878341114226,0.00792771230290667,5,46
A280,0,0,0,3.366,3,46,1,1,-1,1,2,56,8,-3.8205074,113,60,24,0,0,0.140250641,0,4,4,1,9,-0.629,-0.069,-0.671,-0.221,1.794,1.997,1.889,2.241,19255.948,21433.542,24054.313,6.312,6.82,6.869,2.746,2.985221288,5.090291771,-2.105070484,-1.08,0.89,0.09,-0.02,0.08,-1.87,-1.37,-0.9,-0.756,3.746,2.577,1.439,1.206,0.636,2.038,4.778,-3.53,-5.222,-1.159,1.622,-0.403,1.815,6,1,0,0,1,1,0,0,1,0,0,1.7624416,2.4607306,1.1824049,2.500253,TP3,TP2,False,0.0007513066023033829,0.9987156244108566,8.141933585987213e-05,0.00045164965098009187,5,46
A292,0,0,0,1.696,2,49,1,1,-1,-1,2,58,8,-3.6879086,29,17,18,0,0,0.250253873,0,1,6,0,7,-0.727,-0.769,-0.83,-0.687,1.565,1.472,1.593,2.103,16795.469,15804.31,22570.398,4.795,5.526,5.782,0.398,0.014029768,4.129527116,-4.115497348,-0.8,-0.02,0.0,-0.05,0.07,-2.87,-1.57,-2.53,-2.01,2.02,0.299,-0.419,-2.193,-0.777,-0.676,3.055,-3.328,-7.068,-3.955,-0.248,-3.042,-0.71,6,1,0,0,1,1,0,0,1,0,0,2.1697185,3.1513286,1.7452189,3.8177927,TP3,TP2,False,0.02404368077120135,0.8997173005498574,0.00028219020918737736,0.07595682846975385,5,46
A304,0,0,0,1.859,2,48,1,1,-1,-1,3,48,3,-3.2654308,100,62,9,0,1,0.50035382,0,8,29,13,50,-0.151,0.468,-0.253,0.436,1.91,2.157,1.995,2.333,20500.733,23159.453,25040.717,-1.618,0.315,5.443,3.462,4.579334546,4.001047637,0.578286908,-1.72,0.81,0.12,0.02,-0.02,-0.13,-0.39,-0.61,0.183,4.588,2.854,1.988,3.791,1.052,3.488,2.618,1.142,-5.075,-0.397,1.351,-0.222,2.159,6,1,0,0,1,1,0,0,1,0,0,0.6564359,0.5274911,0.62708944,0.9180813,TP2,TP2,True,0.00014564061713359612,0.969342965809168,0.004666113083703833,0.025845280489994613,5,46
A332,0,0,0,3.233,2,46,0,1,-1,1,2,60,8,-4.262513,15,10,7,1,0,0.160713418,1,4,7,0,11,-0.49,-0.803,-0.508,-0.6,1.822,1.529,1.956,2.134,19559.944,16416.456,22910.788,1.307,4.439,6.743,3.396,0.658067247,4.829245437,-4.17117819,-0.2,0.17,0.01,0.02,0.01,-1.77,-0.77,0.04,-0.455,3.586,3.634,2.042,0.214,1.82,1.335,6.356,-1.348,-3.599,0.404,2.02,0.358,0.71,6,1,0,0,1,1,0,0,1,0,0,2.209421,3.3019097,1.9853996,2.0988097,TP3,TP2,False,0.020371847921929243,0.808569928518403,0.00034146461306601753,0.17071675894660163,5,46
A354,0,0,0,3.298,3,48,1,1,-1,1,2,21,8,-3.767925,24,14,2,0,0,0.277264442,0,7,11,3,21,-0.709,-0.034,-0.797,-0.191,1.622,1.977,1.697,2.224,17411.053,21226.921,23874.241,4.09,5.86,6.236,1.419,3.324847782,5.420570177,-2.095722396,-0.86,0.73,0.07,0.01,0.05,-2.16,-1.4,-2.29,-4.635,2.87,0.645,0.184,-1.297,-0.326,1.731,4.694,-2.655,-7.279,-4.385,-0.117,-1.201,0.482,6,1,0,0,1,1,0,0,1,0,0,1.4873012,1.9296733,1.0357445,2.3327458,TP3,TP2,False,0.004250286559082795,0.994264524383192,0.00015122792769030138,0.0013339611300348985,5,46
A359,1,0,0,0.0,0,54,1,1,-1,1,3,23,3,-3.7284383,144,78,33,0,1,0.673810745,0,11,18,9,38,0.559,0.485,0.516,0.337,2.133,2.181,2.207,2.31,22893.275,23410.199,24795.498,-1.448,2.749,5.177,3.627,5.014147539,4.091313888,0.922833651,-0.95,-0.19,0.1,-0.03,-0.1,1.09,0.34,-0.45,0.814,4.613,3.091,2.517,1.389,2.324,2.516,1.129,0.51,-4.244,-0.005,2.692,1.187,2.902,6,1,0,0,1,1,0,0,1,0,0,0.9926441,1.0705373,0.95535725,1.0810072,TP3,TP2,False,0.0006090259335435541,0.9837635444731277,0.0006239016780176633,0.015003527915311175,5,46
A398,0,0,0,3.467,3,50,0,1,-1,1,2,46,8,-4.3015813,20,15,2,1,0,0.13515221,0,2,6,0,8,-0.521,-0.782,-0.512,-0.492,1.809,1.553,1.957,2.135,19418.756,16673.453,22917.628,3.64,5.251,6.954,3.357,0.972370178,4.764021388,-3.791651209,-0.83,1.28,0.03,0.13,0.05,-1.22,-0.85,-0.5,0.002,3.785,3.034,2.1,0.867,1.262,1.177,5.13,-1.467,-6.674,-0.629,1.952,0.621,2.315,2,1,0,0,0,0,0,0,0,0,1,2.1837318,3.3767676,1.8335601,2.147225,TP3,TP4,False,0.0065117151023576835,0.44225349289362215,0.0004697635210784575,0.5507650284829417,5,46
A419,0,0,0,2.645,2,52,0,1,-1,1,2,30,8,-4.3875174,64,37,17,0,0,0.238990012,0,4,7,3,14,-0.117,-0.377,0.22,-0.572,1.951,1.97,2.108,2.208,20947.222,21147.059,23703.517,2.211,5.662,4.522,3.584,2.637564074,4.496545044,-1.85898097,0.18,0.5,0.03,0.03,0.04,-1.33,-1.09,-0.48,0.271,4.062,3.054,2.05,0.338,1.313,1.734,3.348,-2.175,-6.913,-0.022,2.789,0.445,2.166,6,1,0,0,1,1,0,0,1,0,0,1.6364125,2.4599247,1.1529082,1.5427642,TP3,TP2,False,0.0002365508958116262,0.9799263889212001,4.614175959102918e-05,0.019790918423397145,5,46
A463,0,0,0,1.217,1,48,1,1,-1,-1,3,21,8,-4.074614,52,27,26,0,1,0.323486358,0,6,7,4,17,0.472,0.218,0.432,0.303,2.067,2.036,2.174,2.269,22182.684,21851.099,24361.506,5.155,4.759,6.097,3.992,3.674381673,4.50797251,-0.833590837,-0.57,-0.58,0.02,-0.09,-0.01,0.37,-0.18,0.16,0.386,5.079,3.757,3.137,2.394,2.286,2.835,4.302,-0.572,-1.68,1.896,3.3,1.696,3.867,6,1,0,0,1,1,0,0,1,0,0,1.1159787,1.3374459,1.3206457,0.7014339,TP4,TP2,False,0.0001075450229958737,0.9987365254712878,0.0002936859338247999,0.0008622435718915047,5,46
A476,0,0,0,2.126,2,36,1,1,-1,1,2,33,8,-4.5464367,37,18,42,0,0,0.315726418,1,4,15,3,22,0.133,0.131,-0.247,-0.321,1.98,2.01,2.019,2.217,21258.253,21577.621,23803.036,3.126,6.445,6.475,3.624,3.350323489,5.491409062,-2.141085573,-0.62,-0.48,0.05,-0.14,0.02,-0.27,-0.74,-1.0,1.177,4.481,2.438,2.419,1.805,1.571,1.77,4.134,-2.218,-2.189,0.592,2.724,0.851,2.846,5,1,0,0,1,1,0,0,1,0,0,1.3361088,1.8627299,0.99038523,1.0850055,TP3,TP2,False,0.004441298051310366,0.9951814039966259,5.5213960730831635e-05,0.0003220839913329474,5,46
A524,0,0,0,3.233,2,49,1,1,-1,1,2,51,8,-4.3377627,84,45,19,1,0,0.191741168,1,4,6,0,10,0.213,-0.405,0.192,-0.257,1.983,1.887,2.058,2.211,21288.127,20257.141,23729.78,-0.761,4.883,6.145,3.361,2.322623341,5.247790404,-2.925167063,0.1,-0.42,-0.12,0.06,0.01,-1.08,-0.54,-0.84,-2.077,4.682,2.639,2.168,1.623,1.515,4.074,3.97,0.042,-4.97,-0.721,2.374,0.245,2.626,6,1,0,0,1,1,0,0,1,0,0,1.7524211,2.381247,1.6968352,1.3321167,TP4,TP2,False,0.0021023220105479577,0.9956795365617916,0.000696054636259565,0.0015220867914008634,5,46
A530,0,0,0,2.025,2,45,1,1,-1,-1,3,28,7,-3.2068948,83,42,18,0,1,0.637201551,0,7,13,5,25,0.586,-0.719,0.564,-0.34,2.099,1.63,2.243,2.168,22532.717,17495.46,23277.079,1.651,6.144,5.983,4.053,0.59884803,3.542538614,-2.943690584,0.13,-1.43,-0.07,-0.14,0.0,0.03,-0.27,-0.09,0.888,4.305,3.495,2.632,1.54,1.871,2.554,6.286,-1.557,-5.915,0.833,2.792,1.293,3.845,6,1,0,0,1,1,0,0,1,0,0,0.9573679,1.4348502,1.1381743,0.464201,TP4,TP2,False,0.0044986249747826276,0.924761214861095,0.0015258447163033362,0.06921431544781906,5,46
A538,0,0,0,3.593,3,56,1,1,-1,1,2,36,8,-3.169434,33,16,26,0,0,0.307718769,0,9,10,5,24,0.382,0.003,-0.128,-0.059,1.988,1.952,2.0,2.192,21337.418,20949.634,23535.044,-2.063,6.857,5.365,3.563,3.175250914,5.43277705,-2.257526136,-0.34,-0.93,-0.01,-0.14,0.0,-0.81,-0.44,-0.49,-2.324,4.37,3.029,2.052,1.999,1.605,3.819,3.646,-0.938,-6.352,-0.257,2.18,0.588,1.446,6,1,0,0,1,1,0,0,1,0,0,1.0063475,1.4118139,0.8572745,0.81091774,TP4,TP2,False,0.002579509521586015,0.9963982674565669,0.00021060774631715556,0.0008116152755298333,5,46
A565,0,0,0,2.37,2,35,1,1,-1,-1,3,30,5,-4.0813316,26,14,0,0,1,0.0,0,0,0,0,0,0.342,-0.661,0.477,-0.486,2.049,1.718,2.199,2.182,21993.163,18444.321,23420.833,0.427,3.685,5.294,4.918,1.376476646,4.230769398,-2.854292752,-0.64,-1.65,-0.09,-0.18,0.03,-0.39,-0.51,0.51,1.495,5.002,4.132,3.717,2.706,2.182,2.867,3.418,0.954,-1.872,1.53,3.123,1.13,1.009,3,1,0,0,0,0,0,0,0,0,1,1.3425903,1.8762443,1.7780788,1.1536256,TP4,TP4,True,0.0015040856461804965,0.2806894842465006,0.0008121390700258117,0.7169942910372932,5,46
A581,0,0,0,1.916,2,53,1,-1,-1,-1,2,34,0,-4.5693983,46,27,10,0,0,0.150315527,0,1,3,0,4,-0.218,-0.112,0.162,0.238,1.909,1.929,2.039,2.252,20488.409,20707.619,24176.202,0.597,0.316,5.21,3.49,3.517262332,4.713586168,-1.196323837,-1.24,0.86,0.04,0.06,0.03,-0.69,-0.45,-0.94,1.263,5.507,2.528,2.101,3.831,1.653,4.058,1.215,0.435,-4.894,-0.196,2.518,0.446,2.915,6,1,0,0,1,1,0,0,1,0,0,0.9732955,1.1241083,0.921691,1.0262061,TP3,TP2,False,0.00015170601815949345,0.9579831490659718,0.000429580072255333,0.0414355648436133,5,46
A637,0,0,0,0.947,1,65,1,-1,-1,1,3,38,0,-3.2755877,151,70,46,0,1,0.661300329,1,9,22,10,41,0.223,0.678,0.093,0.564,1.983,2.311,2.079,2.371,21288.331,24812.389,25447.508,-1.204,0.235,6.109,3.41,5.980248183,3.871326955,2.108921228,-1.35,0.6,0.13,-0.03,-0.02,0.81,0.99,-0.88,-0.489,4.753,2.613,2.184,3.845,1.664,2.942,3.205,0.109,-5.648,0.165,1.722,0.745,3.878,6,1,0,0,1,1,0,0,1,0,0,1.1733879,1.1189117,1.1176714,1.5614023,TP3,TP2,False,0.00024314011932078376,0.9937444809019791,0.0009522062200802954,0.005060172758619807,5,46
A665,0,0,0,1.437,2,55,1,1,-1,-1,2,40,8,-4.2098955,60,37,10,0,0,0.244228168,0,6,6,0,12,0.351,0.55,-0.16,0.243,1.997,2.151,2.03,2.287,21439.745,23087.879,24551.66,4.138,8.511,6.32,3.55,4.146680517,5.744134728,-1.597454211,-1.24,-0.41,0.06,-0.14,0.01,-0.53,-0.18,-0.24,-0.739,4.58,3.317,1.983,1.381,1.623,1.672,3.301,-2.341,-4.952,-0.841,2.783,1.123,2.532,6,1,0,0,1,1,0,0,1,0,0,1.5502977,1.7354659,1.3135189,1.324457,TP3,TP2,False,0.00012284945909605397,0.9998402274063002,2.270849276457161e-05,1.4214641839292548e-05,5,46
A734,0,0,0,1.537,2,46,1,1,-1,-1,2,33,8,-4.279512,75,29,9,1,0,0.083559309,0,3,3,4,10,0.273,0.297,-0.009,-0.081,1.969,1.997,2.0,2.201,21139.333,21438.502,23631.468,2.394,5.263,6.608,2.081,3.564338518,5.829256695,-2.264918178,-0.37,-1.25,-0.04,-0.15,0.0,-0.31,-0.59,-1.37,-2.625,4.857,2.015,1.069,0.42,0.764,3.133,0.632,-0.653,-3.454,-0.219,1.117,-0.555,2.944,6,1,0,0,1,1,0,0,1,0,0,1.3186297,1.6399465,1.4758416,1.2101744,TP4,TP2,False,0.003308430824727159,0.9956506444468132,0.0004490849460730414,0.000591839782386708,5,46
A767,0,0,0,1.636,2,57,1,1,-1,-1,3,21,3,-4.639152,266,139,58,0,1,0.537662304,1,12,30,18,60,0.059,-0.198,0.26,-0.389,1.966,1.963,2.089,2.217,21104.636,21071.81,23793.893,1.046,2.281,6.199,3.266,3.735847915,3.321125508,0.414722407,-0.47,0.2,0.07,0.03,-0.06,0.56,-0.02,-0.97,-2.063,3.849,2.502,1.8,2.204,0.924,2.657,3.497,0.512,-7.213,-0.455,1.107,0.218,2.8,6,1,0,0,1,1,0,0,1,0,0,0.50398874,0.782394,0.42724195,0.008032262,TP4,TP2,False,0.00020101246138862623,0.9831150902001313,0.011485428060828416,0.0051984692776516845,5,46
T185,1,1,0,0.0,0,35,1,1,1,-1,3,33,3,-3.312091596,162,71,34,0,1,0.310181997,0,13,13,8,34,-0.603,0.157,-0.529,-0.385,1.333,1.579,1.432,1.675,19047.742,22556.459,23927.819,0.721,0.755,11.27,2.058,3.415859864,4.831610042,-1.415750178,-0.65,0.24,0.03,0.01,0.0,-1.1,-0.81,-1.69,-0.767,3.891,1.502,0.752,-1.019,0.241,0.781,-1.523,-2.387,-6.996,-1.044,0.789,-0.203,0.276,7,1,0,0,1,1,1,1,0,0,0,0.26877883,0.3771274,0.22738105,0.5585307,TP3,TP1,False,0.963620874138704,0.015066373004352651,0.014147163372204894,0.007165589484738499,5,46
T186,1,1,0,0.0,0,59,1,-1,1,1,2,31,0,-3.316680922,122,63,4,1,1,0.224818283,0,10,15,5,30,0.387,-0.114,0.446,-0.438,1.604,1.57,1.709,1.688,22922.301,22428.001,24110.094,-1.038,-0.049,9.939,4.459,3.179686802,4.301734332,-1.12204753,0.17,-1.74,-0.12,-0.14,-0.01,-0.11,0.35,-0.37,2.725,5.989,3.112,2.979,1.591,2.047,2.406,-1.364,-0.954,-5.528,0.854,3.225,1.953,1.422,7,1,0,0,1,1,1,1,0,0,0,0.73408705,1.0634668,1.104497,0.768314,TP1,TP1,True,0.9701348952005294,0.0005638920840106942,0.015218828047952028,0.014082384667507776,5,46
T187,0,1,0,1.271,1,59,1,-1,1,1,3,18,0,-3.717039868,159,69,29,0,0,0.399803081,0,11,30,12,53,0.429,-0.283,0.346,-0.471,1.584,1.539,1.682,1.664,22630.398,21980.86,23773.649,-2.962,1.482,11.512,4.771,3.107285154,4.113504298,-1.006219144,-0.11,-1.62,-0.06,-0.14,-0.04,0.17,0.26,-0.13,0.29,5.44,3.375,2.972,2.515,2.28,2.535,0.49,-2.092,-1.443,1.005,2.632,1.672,1.37,4,1,0,0,1,1,1,1,0,0,0,0.44890738,0.679638,0.60145694,0.53284025,TP1,TP1,True,0.9884059869162997,0.0013712128061769597,0.0084965802707081,0.0017262200068152813,5,46
T188,1,1,0,0.0,0,76,1,1,1,-1,2,60,4,-3.804741411,272,127,47,1,0,0.456585263,0,11,32,17,60,-0.572,-0.121,-0.519,-0.497,1.358,1.589,1.454,1.674,19406.281,22698.272,23909.996,-2.165,0.184,8.893,2.431,3.627961172,4.008441251,-0.380480079,-0.61,-1.12,-0.03,-0.13,-0.01,-1.05,-0.52,-1.85,-2.754,4.046,1.256,0.981,0.37,0.592,0.934,0.664,-1.553,-6.049,-0.559,1.148,0.289,1.213,4,1,0,0,0,0,1,0,0,1,0,0.5983874,0.68276364,0.67997175,0.8610636,TP1,TP3,False,0.16365045581754759,0.018280254776420743,0.8139852632115226,0.0040840261945090505,5,46
T190,1,1,0,0.0,0,55,1,-1,1,-1,2,24,2,-3.103020701,553,226,160,0,1,0.254328117,0,8,15,7,30,0.425,-0.272,0.531,-0.517,1.638,1.558,1.757,1.674,23394.972,22256.71,23923.193,-0.209,1.305,10.191,5.215,3.1625986,4.797027108,-1.634428508,0.67,-2.76,-0.21,-0.17,-0.03,-0.14,0.25,1.04,2.264,6.559,4.619,3.332,3.256,3.061,3.556,1.365,-0.469,-2.0,1.645,4.115,2.795,1.226,4,1,0,0,0,0,1,0,0,1,0,0.9486637,1.2294538,1.663771,1.2670591,TP1,TP3,False,0.13802796323525493,0.001599215155553856,0.8525485756301832,0.007824245979008113,5,46
T193,0,0,0,2.062,2,48,1,1,1,-1,3,60,8,-3.696416533,118,41,20,0,1,0.210341122,0,12,22,18,52,-0.728,-0.472,-0.846,-0.472,1.154,1.471,1.114,1.668,16489.989,21012.215,23836.549,4.719,5.379,6.725,1.255,2.787236521,5.657549582,-2.870313061,-1.19,-0.14,0.03,-0.11,0.06,-3.18,-1.24,-2.18,-4.102,3.234,0.79,-0.584,0.0,-0.099,0.085,-1.063,-2.503,-7.403,-1.806,-0.296,-2.623,-1.681,7,0,1,1,0,1,1,1,0,0,0,1.1753805,1.6856363,1.1551565,2.3565915,TP3,TP1,False,0.9459897879556577,0.036845384382969006,0.015171976285903966,0.001992851375469327,5,46
T196,1,1,0,0.0,0,58,1,1,1,1,3,43,8,-4.059252546,181,76,60,0,0,0.216415773,0,3,23,11,37,-0.788,0.302,-0.879,-0.302,1.046,1.64,1.048,1.708,14944.395,23435.887,24397.029,-1.659,7.454,9.53,-0.68,3.587597391,5.028907608,-1.441310217,-0.88,0.34,0.03,-0.03,0.07,-3.82,-2.31,-3.19,-3.942,1.989,-1.483,-2.627,-0.56,-1.133,0.858,0.656,-4.172,-7.366,-3.775,-2.282,-2.846,-0.746,7,0,1,1,0,1,1,1,0,0,0,1.6999507,2.0832107,1.6537769,3.2087724,TP3,TP1,False,0.9227393518094242,0.06976703644876146,0.006882447969461121,0.0006111637723531327,5,46
T197,0,0,0,1.543,2,62,1,1,1,-1,3,21,8,-4.506213774,103,36,17,1,0,0.168124561,0,2,4,0,6,-0.618,-0.592,-0.693,-0.672,1.227,1.445,1.193,1.612,17528.606,20637.722,23023.688,2.255,5.755,10.175,0.122,2.010624551,3.720853853,-1.710229302,0.01,-0.91,-0.06,-0.1,0.03,-3.08,-1.45,-3.33,-3.407,2.745,-2.761,-2.068,-2.075,-1.291,0.601,-2.698,-2.79,-5.148,-3.365,-1.98,-2.299,-1.321,7,1,0,0,1,1,1,1,0,0,0,1.6819153,2.381021,1.717824,2.9562333,TP1,TP1,True,0.9784077732348263,0.01709375113469085,0.0026312908028342952,0.0018671848276486263,5,46
T204,1,1,0,0.0,0,55,1,-1,1,-1,2,20,0,-3.924618631,559,228,130,0,0,0.511475517,0,5,17,2,24,-0.575,-0.025,-0.647,-0.282,1.293,1.568,1.387,1.682,18472.227,22401.564,24024.598,-2.2,4.629,10.484,1.847,2.963166789,4.910284202,-1.947117413,-0.84,-1.02,-0.04,-0.16,0.04,-2.27,-1.47,-2.24,-2.283,3.807,0.673,0.338,0.03,0.259,1.506,1.012,-3.613,-7.414,-1.234,0.951,-0.729,-0.038,7,1,0,0,1,1,1,1,0,0,0,1.2141572,1.2754922,1.1679188,2.373902,TP3,TP1,False,0.8819176411359556,0.016203063015760234,0.07444589653411766,0.027433399314166527,5,46
T205,0,0,0,2.303,2,53,1,1,1,-1,3,15,3,-3.628473125,58,26,19,0,1,0.403673599,0,13,21,17,51,-0.662,-0.614,-0.813,-0.553,1.277,1.418,1.27,1.652,18247.675,20264.924,23596.227,4.332,4.792,9.439,2.474,2.608048068,4.396220439,-1.788172371,-1.05,-0.32,-0.02,-0.09,0.06,-2.62,-1.31,-1.71,0.202,4.587,1.449,1.1,-0.56,0.703,0.284,-0.015,-2.465,-4.813,-1.328,1.983,-0.163,-0.323,7,0,1,1,0,1,1,1,0,0,0,0.51108193,0.6719203,0.30959007,0.5819819,TP3,TP1,False,0.960318857519834,0.0030421800588988903,0.018319424873739835,0.018319537547527274,5,46
T206,0,1,0,1.331,1,55,1,1,1,-1,3,36,8,-4.640040532,125,50,9,0,1,0.276452734,0,4,23,15,42,-0.556,-0.388,-0.594,-0.566,1.332,1.501,1.34,1.63,19027.834,21447.797,23283.873,4.136,5.235,9.221,2.154,4.174804083,5.018694901,-0.843890818,-0.54,0.06,-0.06,0.09,0.0,-1.74,-0.37,-1.91,-2.553,5.178,1.168,0.69,1.001,1.017,3.066,4.663,-1.07,-5.223,-2.724,1.193,-0.807,2.359,4,1,0,0,0,0,1,0,0,1,0,0.6219067,0.96089137,0.41078708,0.4883156,TP3,TP3,True,0.17626967165465499,0.03924841702243992,0.7839311883309236,0.0005507229919815923,5,46
T207,1,1,0,0.0,0,61,1,-1,1,1,3,97,0,-3.82360593,204,92,15,0,0,0.432253389,1,16,26,14,56,-0.251,0.457,-0.287,0.219,1.336,1.544,1.374,1.636,19081.872,22054.448,23379.901,-1.269,1.25,10.747,2.077,3.712787663,4.179430223,-0.466642561,-0.69,0.32,0.0,0.05,0.0,-1.72,-0.72,-1.81,-1.365,6.021,1.122,0.141,-2.686,-0.095,0.174,2.772,-2.379,-6.96,-1.658,1.897,0.228,3.049,7,1,0,0,1,1,1,1,0,0,0,0.82743025,0.73177326,0.6358915,1.0866535,TP3,TP1,False,0.9389004557030818,0.043456367186989794,0.016827832086525288,0.0008153450234032287,5,46
T209,1,1,0,0.0,0,55,1,1,1,-1,3,60,5,-5.043132153,130,45,19,0,0,0.273259908,0,5,15,15,35,-0.76,-0.6,-0.887,-0.693,1.099,1.406,1.073,1.592,15705.013,20084.148,22747.69,1.89,1.915,10.439,1.061,2.575944427,4.372911687,-1.79696726,-0.41,-0.56,-0.02,-0.1,0.05,-3.54,-1.78,-2.2,-1.317,3.08,0.744,-0.269,-0.606,-0.115,0.699,-0.378,-3.93,-7.468,-1.616,-0.069,-2.423,0.282,7,1,0,0,1,1,1,1,0,0,0,1.275751,1.8172545,1.154287,2.3854535,TP3,TP1,False,0.9367716661010607,0.033007344976889896,0.027000996316985753,0.003219992605063775,5,46
T210,1,1,0,0.0,0,48,1,1,1,-1,2,23,3,-4.298068302,83,39,32,1,0,0.065527027,0,1,5,0,6,-0.807,-0.458,-0.872,-0.517,0.954,1.449,0.912,1.621,13624.828,20705.247,23153.23,1.484,2.966,11.224,-0.648,3.411614752,4.3587682,-0.947153448,-1.32,0.85,0.03,0.06,0.05,-3.65,-2.04,-3.19,-3.982,2.626,-1.455,-1.739,-1.935,-0.597,0.752,0.954,-3.924,-6.889,-5.785,-2.009,-2.326,0.379,7,1,0,0,1,1,1,1,0,0,0,1.9290771,2.524296,1.832561,3.0789697,TP3,TP1,False,0.9450775527692238,0.030725986437575643,0.01693939879963946,0.007257061993561145,5,46
T213,1,1,0,0.0,0,50,1,-1,1,1,3,18,0,-2.79471863,87,47,7,1,1,0.296527441,1,6,20,13,39,-0.503,-0.396,-0.644,-0.501,1.384,1.541,1.394,1.672,19773.538,22018.09,23886.701,-1.261,0.264,9.827,1.591,3.246470374,3.103918841,0.142551533,0.04,-1.01,-0.01,-0.14,0.0,-2.15,-0.55,-2.17,-0.059,3.478,0.779,0.091,-1.009,0.235,0.888,0.037,-1.245,-4.459,-1.575,1.141,-0.151,1.723,7,1,0,0,1,1,1,1,0,0,0,0.45900318,0.47111273,0.55241543,0.5394233,TP1,TP1,True,0.9181550188166345,0.0012360205325732583,0.007259406096414255,0.07334955455437803,5,46
T215,1,1,0,0.0,0,33,1,-1,1,-1,3,29,0,-3.501901475,196,86,87,0,0,0.581378073,0,22,37,23,82,0.009,0.161,-0.11,-0.462,1.517,1.641,1.577,1.691,21675.333,23451.147,24159.382,0.424,1.154,8.789,3.132,4.180658851,3.634218203,0.546440648,-0.62,-0.9,0.0,-0.08,-0.04,-0.16,0.55,-0.93,0.068,4.619,2.441,2.071,0.271,1.45,1.748,-1.402,-1.679,-2.223,0.424,2.102,1.492,1.648,7,1,0,0,1,1,1,1,0,0,0,0.21038887,0.29863095,0.31823608,0.26495284,TP1,TP1,True,0.9718339137567756,0.015335682689260655,0.011775762833728722,0.0010546407202349888,5,46
T217,0,1,0,1.004,1,61,1,1,1,-1,2,25,7,-3.651364875,177,74,67,1,0,0.292553961,0,9,17,6,32,0.277,-0.249,-0.098,-0.576,1.558,1.545,1.568,1.643,22261.026,22077.442,23472.801,3.884,6.85,9.492,3.377,3.483856926,4.852187651,-1.368330725,0.09,-1.97,-0.14,-0.12,-0.03,-0.91,-0.17,-1.29,1.893,5.626,2.007,1.88,1.232,1.417,3.399,1.643,-1.941,-3.86,0.218,2.812,1.383,2.589,7,1,0,0,1,1,1,1,0,0,0,1.0016057,1.5477402,1.5508857,0.96544087,TP4,TP1,False,0.9065936348614103,0.028739200852163218,0.06458337692948257,8.378735694402957e-05,5,46
T218,0,0,0,3.072,2,40,1,1,1,1,3,34,8,-3.607653008,67,33,11,1,1,0.252727084,0,9,13,6,28,-0.613,-0.409,-0.698,-0.492,1.312,1.51,1.328,1.665,18738.522,21566.504,23793.166,3.272,6.405,5.784,1.321,3.205838073,4.825693524,-1.619855451,-0.89,-0.25,-0.02,-0.03,0.01,-1.44,-1.06,-2.18,-2.634,4.083,0.702,0.332,-0.919,0.15,1.591,1.377,-2.838,-5.677,-0.463,0.54,-0.604,0.146,7,1,0,0,1,1,1,1,0,0,0,0.9905194,1.4860444,0.7766568,1.6403373,TP3,TP1,False,0.959642442257325,0.030756596601999187,0.003648361379957896,0.005952599760717935,5,46
