Trial.ID,resp.pCR,resp.Chemosensitive,resp.Chemoresistant,RCB.score,RCB.category,Age.at.diagnosis,Histology,ER.status,HER2.status,LN.at.diagnosis,Grade.pre.chemotherapy,Size.at.diagnosis,ER.Allred,median_lymph_KDE_knn_50,All.TMB,Coding.TMB,Expressed.NAg,CodingMuts.PIK3CA,CodingMuts.TP53,CIN.Prop,HLA.LOH,HRD.LOH,HRD.TelomericAI,HRD.LST,HRD.sum,STAT1.gsva,GGI.gsva,GEP.gsva,ESC.gsva,STAT1.ssgsea.norm,GGI.ssgsea.norm,GEP.ssgsea.norm,ESC.ssgsea.norm,STAT1.ssgsea.notnorm,GGI.ssgsea.notnorm,ESC.ssgsea.notnorm,PGR.log2.tpm,ESR1.log2.tpm,ERBB2.log2.tpm,CytScore.log2,Swanton.MitosisScore,Swanton.CeramideScore,Swanton.PaclitaxelScore,TIDE.Dysfunction,TIDE.Exclusion,TIDE.MDSC,TIDE.CAF,TIDE.TAM.M2,TIDE.IFNG,TIDE.CD274,TIDE.CD8,Danaher.B.cells,Danaher.CD45,Danaher.CD8.T.cells,Danaher.Cytotoxic.cells,Danaher.DC,Danaher.Exhausted.CD8,Danaher.Macrophages,Danaher.Mast.cells,Danaher.Neutrophils,Danaher.NK.CD56dim.cells,Danaher.NK.cells,Danaher.T.cells,Danaher.Th1.cells,Danaher.Treg,Chemo.NumCycles,Chemo.first.Taxane,Chemo.first.Anthracycline,Chemo.second.Taxane,Chemo.second.Anthracycline,Chemo.any.Anthracycline,Chemo.any.antiHER2,TP1,TP2,TP3,TP4,TP1,TP2,TP3,TP4,REC_TP,CURRENT_TP,FOLLOW_REC,PROP_TP1,PROP_TP2,PROP_TP3,PROP_TP4,Run,Seed
T177,0,1,0,1.014,1,49,1,1,-1,-1,3,35,8,-3.842312436,146,89,26,0,0,0.319808818,0,9,30,19,58,-0.588,-0.291,-0.724,-0.555,1.255,1.551,1.235,1.645,17931.089,22165.373,23502.919,4.198,6.027,6.08,0.975,3.34557227,3.944710554,-0.599138283,-0.61,-0.24,-0.02,-0.01,0.02,-2.17,-0.78,-2.45,-5.092,3.339,0.035,-1.346,-0.443,-0.361,1.77,0.707,-2.512,-5.931,-3.464,-0.551,-1.288,0.268,7,1,0,0,1,1,0,0,1,0,0,2.0665991417985774,2.3814546892169552,2.1712045411925405,2.5310709548985835,TP1,TP2,False,0.021232575782677687,0.9743833133691613,0.0039039727951941075,0.0004801380529670189,1,42
T179,1,1,0,0.0,0,57,1,1,-1,1,3,12,6,-3.491669617,67,23,15,0,1,0.52915936,0,5,19,11,35,0.622,0.48,0.636,0.222,1.67,1.691,1.766,1.746,23865.905,24164.468,24943.247,-3.106,2.85,5.02,5.209,4.831343569,3.820626177,1.010717392,-0.57,-1.65,-0.06,-0.16,-0.04,0.86,0.82,0.12,1.779,6.099,3.633,3.574,1.987,2.64,2.984,-1.379,-0.533,-2.572,1.284,3.475,2.633,1.889,6,1,0,0,1,1,0,0,1,0,0,2.2736746208604637,1.9003593581717246,1.692406296122427,2.2631620534887906,TP3,TP2,False,0.032488473013476876,0.8597643392301858,0.006125071216097803,0.10162211654023938,1,42
T182,0,1,0,1.102,1,39,1,1,-1,-1,3,29,8,-3.451055872,49,20,56,0,0,0.195487734,0,7,10,7,24,-0.63,0.133,-0.652,-0.431,1.324,1.61,1.403,1.703,18915.927,23007.751,24335.642,1.658,6.325,6.024,1.64,3.220976545,3.721792269,-0.500815723,-0.66,-0.25,0.01,-0.08,0.04,-2.15,-1.15,-2.17,-2.064,3.372,0.773,0.01,-1.038,-0.423,0.247,-0.723,-3.789,-7.113,-1.512,0.109,-0.482,-1.056,6,1,0,0,1,1,0,0,1,0,0,2.0708364691477845,2.0738596249518864,1.9041438887111115,2.488062756797402,TP3,TP2,False,0.01228327711067576,0.9847006436069372,9.435668527701825e-05,0.0029217225971099434,1,42
T183,0,0,0,3.093,2,58,1,1,-1,1,3,59,8,-3.944314469,361,155,62,0,0,0.311916754,1,8,24,11,43,-0.686,0.065,-0.798,-0.486,1.144,1.62,1.066,1.689,16346.261,23149.843,24133.836,-1.417,7.011,6.592,-0.283,3.029618327,4.382125851,-1.352507523,-0.76,-0.53,0.02,-0.13,0.05,-3.55,-2.07,-3.21,-5.882,1.792,-1.697,-2.773,-1.488,-1.447,-0.037,-1.146,-3.648,-7.564,-5.692,-1.957,-3.832,-1.889,6,1,0,0,1,1,0,0,1,0,0,2.1583145332639577,2.0948445414248047,2.1271214994967416,2.6090513249014595,TP2,TP2,True,0.05450520113871494,0.9435319246944985,0.0005747938815394214,0.0013880802852470817,1,42
T184,0,0,0,1.41,2,53,1,-1,-1,1,3,43,0,-3.837849823,275,111,59,1,0,0.509950682,0,14,27,25,66,-0.579,0.446,-0.637,0.098,1.152,1.627,1.215,1.666,16457.168,23248.185,23801.602,-3.304,-0.406,6.643,0.55,4.597681093,3.731863168,0.865817925,-0.8,-0.44,0.06,-0.15,0.02,-3.53,-2.17,-2.4,-2.307,4.466,-0.389,-2.515,-2.602,-1.952,-1.697,-0.588,-3.644,-7.557,-2.287,1.571,-2.22,0.068,4,1,0,0,0,0,0,0,0,0,1,1.3305119699310672,1.8752453949556103,1.1317434408591898,1.4981062716396152,TP3,TP4,False,0.06145879366536031,0.04465100558252133,0.0016964558591691175,0.8921937448929492,1,42
T189,0,0,1,3.395,3,39,1,1,-1,1,3,52,8,-3.853311033,840,342,137,0,0,0.333798182,0,11,13,8,32,0.036,-0.555,0.228,-0.655,1.522,1.434,1.626,1.603,21741.694,20487.338,22906.097,0.138,0.588,4.384,3.2,2.873665562,4.541716136,-1.668050574,0.24,-0.51,-0.11,0.12,-0.06,0.27,0.65,-1.44,-2.124,5.444,1.82,1.456,3.174,1.581,2.639,1.025,-1.563,-3.97,-0.343,2.218,0.813,2.215,6,1,0,0,1,1,0,0,1,0,0,2.0559458711262124,2.4169171522991415,2.43598288830397,2.764552843719405,TP1,TP2,False,0.003074014115615135,0.9484558986306323,0.025269903938713183,0.02320018331503942,1,42
T191,0,0,1,3.536,3,60,0,1,-1,1,2,58,8,-3.834474131,232,103,53,0,0,0.357497927,0,8,27,25,60,0.407,-0.457,0.652,-0.557,1.639,1.506,1.825,1.652,23413.105,21510.549,23607.102,3.383,5.232,5.69,5.582,2.892490145,4.846769618,-1.954279473,0.55,-3.33,-0.26,-0.13,-0.1,0.88,2.08,0.66,0.931,6.76,4.223,3.835,4.867,3.277,3.897,4.742,-0.374,-1.138,1.529,3.639,2.826,0.467,7,0,1,1,0,1,1,1,0,0,0,1.4951020767012553,1.8041740827044972,2.421409644585849,2.447414361618185,TP1,TP1,True,0.8111593657594194,0.13165072440057504,0.05621915096897369,0.0009707588710319841,1,42
T192,0,0,0,1.5,2,32,1,1,-1,1,3,27,8,-3.445286445,113,50,14,0,0,0.252283258,0,10,11,10,31,-0.642,0.194,-0.764,-0.403,1.301,1.598,1.291,1.682,18583.736,22832.593,24028.632,3.552,5.56,5.223,1.274,3.411623701,4.544771343,-1.133147642,-0.77,0.09,0.0,-0.02,0.05,-2.45,-1.49,-2.44,-1.741,3.457,0.277,0.123,-1.075,-0.103,-0.649,1.624,-4.221,-5.828,-0.645,0.487,-1.219,-0.051,6,0,1,1,0,1,0,0,1,0,0,2.383970858935709,3.0617295100549926,2.6060075406821874,3.0255070413101834,TP1,TP2,False,0.07284283819101983,0.9158558910214883,9.209967179227392e-05,0.011209171115699487,1,42
T194,0,0,0,3.061,2,43,1,1,-1,1,3,50,8,-3.931041192,82,33,28,0,1,0.350404122,0,8,15,4,27,-0.193,0.075,-0.55,-0.3,1.391,1.587,1.305,1.683,19870.835,22676.92,24048.918,3.708,5.989,6.478,0.321,3.853877012,5.083187852,-1.22931084,-1.26,-1.09,0.01,-0.15,-0.02,-1.17,1.13,-3.03,-5.391,2.981,-1.028,-1.312,-2.736,-0.841,-0.725,-0.087,-3.823,-6.59,-2.104,-1.595,-2.591,-1.575,7,1,0,0,1,1,1,1,0,0,0,2.6720314974110386,2.7813936617850694,2.9945255013527685,3.159808908060253,TP1,TP1,True,0.8447981926660724,0.15468210024472095,0.00010904714244680799,0.0004106599467598218,1,42
T195,0,1,0,1.341,1,74,1,-1,-1,-1,3,40,0,-3.711672496,379,183,60,1,1,0.44612918,0,8,24,14,46,-0.416,0.627,-0.385,0.415,1.342,1.699,1.431,1.718,19178.35,24278.264,24550.719,-3.826,-0.787,5.562,2.152,4.726718604,4.114715864,0.61200274,-1.19,-0.43,0.03,-0.11,0.02,-1.48,-1.3,-2.04,-0.756,5.07,0.643,0.512,1.084,1.141,-1.19,0.153,-3.927,-0.872,0.344,1.927,-0.388,1.777,4,1,0,0,0,0,0,0,0,0,1,1.7414850214809456,1.7977355548458418,1.3303229547037037,1.588141518790879,TP3,TP4,False,0.0011108688422553936,0.10709804068266704,0.015175119352446996,0.8766159711226306,1,42
T198,1,1,0,0.0,0,63,1,-1,-1,1,3,8,0,-3.412114954,174,80,76,0,1,0.690270867,0,8,20,8,36,0.409,0.185,0.343,-0.374,1.604,1.619,1.714,1.704,22917.31,23127.291,24341.382,-4.266,0.127,4.583,4.244,3.714560439,4.01301383,-0.298453391,-0.08,-1.42,-0.05,-0.14,-0.03,0.51,1.16,-0.78,1.083,5.587,2.61,2.925,3.486,2.441,2.717,-0.051,0.073,-2.753,0.38,2.684,1.783,1.261,4,1,0,0,0,0,0,0,0,0,1,1.4379825968367679,1.1582311646829522,0.815235139963287,1.1438325021581086,TP3,TP4,False,0.022774207677857938,0.1121837809123205,0.00718661261245556,0.857855398797366,1,42
T200,0,0,0,3.08,2,73,1,1,-1,1,3,18,4,-3.378179938,109,48,12,0,1,0.414165569,0,12,16,6,34,-0.521,-0.513,-0.615,-0.653,1.391,1.578,1.443,1.672,19873.472,22543.163,23885.957,-4.192,-0.692,3.382,2.085,2.446839077,3.315522604,-0.868683527,0.7,-1.87,-0.05,-0.2,-0.03,-2.51,-0.69,-2.71,-1.082,2.302,-0.19,0.286,0.154,0.283,0.143,-3.54,0.862,-6.976,-4.203,-0.86,-0.907,1.111,3,1,0,0,0,0,0,0,0,0,1,2.409222092699279,2.2194124089201344,1.7880933465405096,2.0925646368018356,TP3,TP4,False,0.005649278000089929,0.10124387773210096,0.0018975614142620785,0.8912092828535471,1,42
T201,1,1,0,0.0,0,55,1,-1,-1,-1,3,10,0,-4.262156726,219,84,43,0,1,0.705949115,1,9,28,23,60,-0.657,-0.332,-0.679,-0.574,1.268,1.575,1.354,1.672,18122.095,22500.731,23892.775,-2.348,-1.599,4.608,2.481,3.422970924,2.890560758,0.532410166,-0.38,-0.14,-0.01,0.0,0.0,-2.28,-1.15,-1.69,-4.6,3.283,1.463,0.955,-2.815,0.821,0.875,-1.232,-2.072,-7.095,-2.292,0.47,-0.955,0.019,3,1,0,0,0,0,0,0,0,0,1,0.65072520311874,0.8691872721237404,0.34476675707396215,0.6026536313765689,TP3,TP4,False,0.002849457322772825,0.1462212263727554,0.007917497106756774,0.843011819197715,1,42
T203,0,0,0,3.151,2,48,0,1,-1,-1,3,35,8,-4.293275778,53,25,15,0,0,0.099216303,0,3,8,4,15,-0.711,-0.461,-0.887,-0.532,1.039,1.531,0.973,1.662,14847.423,21872.203,23748.589,2.915,7.069,5.841,-0.727,2.58363052,5.02211762,-2.4384871,-1.03,-0.75,0.02,-0.19,0.06,-4.11,-2.14,-3.42,-7.498,0.37,-3.051,-2.468,-4.809,-2.042,-1.627,0.003,-6.429,-7.947,-6.221,-2.895,-3.847,-3.098,6,1,0,0,1,1,0,0,1,0,0,2.1996438889342524,2.531401383831232,2.620020775101457,2.6806767992697402,TP1,TP2,False,0.10158802977932119,0.8908074351021453,1.5236149155526508e-05,0.007589298969377827,1,42
T208,1,1,0,0.0,0,53,1,1,-1,-1,3,45,4,-4.506024837,158,69,40,0,1,0.527670676,1,18,27,25,70,0.077,0.415,-0.181,0.131,1.503,1.664,1.533,1.742,21474.115,23769.645,24884.84,-2.607,1.929,5.998,3.142,4.898400311,4.71739267,0.181007641,-1.47,0.02,0.09,-0.03,-0.06,0.47,0.51,-1.56,-0.791,5.082,1.609,2.127,1.802,1.622,2.273,-0.775,-0.482,-3.697,0.454,1.877,1.049,1.747,7,0,1,1,0,1,0,0,1,0,0,0.9071223700045586,0.519201119778985,0.45600369024686377,0.8515784553209248,TP3,TP2,False,0.011189502660708851,0.9806639297991843,0.006515272880627839,0.001631294659479175,1,42
T211,1,1,0,0.0,0,49,0,1,-1,-1,3,32,4,-3.263202088,87,37,15,0,1,0.166424472,0,5,15,9,29,0.418,-0.517,0.559,-0.635,1.725,1.456,1.861,1.602,24646.875,20807.214,22894.64,-0.068,2.818,5.355,6.836,3.512646818,4.900744087,-1.388097269,1.12,-2.41,-0.2,-0.09,-0.07,1.3,2.19,1.21,3.182,7.282,4.786,5.544,4.213,4.179,3.766,1.974,0.49,-0.681,3.395,4.703,4.068,3.763,6,1,0,0,1,1,0,0,1,0,0,0.9879239934560363,1.1153786774418688,1.1913188314494523,1.3552252430158527,TP1,TP2,False,0.041972826582414025,0.8197897939780546,0.04045428265426632,0.09778309678526499,1,42
T212,0,0,0,1.482,2,74,1,-1,-1,-1,3,26,0,-4.04021842,140,65,28,1,0,0.221599854,0,9,20,6,35,-0.731,0.017,-0.855,-0.327,1.174,1.54,1.062,1.666,16776.111,21996.516,23801.182,0.158,1.274,7.88,1.188,4.208137362,4.943526725,-0.735389363,-1.43,0.18,0.04,-0.01,0.0,-2.38,-0.65,-2.27,-4.091,3.86,0.658,-0.333,-1.628,-0.225,1.389,0.256,-0.56,-7.358,-1.248,-0.129,-1.109,1.131,6,1,0,0,1,1,0,0,1,0,0,1.718097644562267,1.5677049522361146,1.6890682714556131,1.757101392098741,TP2,TP2,True,0.04987817030067989,0.802317516173239,0.028440233350722155,0.1193640801753591,1,42
T214,0,0,0,1.611,2,72,1,-1,-1,-1,3,50,0,-3.955823426,159,70,23,0,1,0.410079347,0,10,31,14,55,-0.719,-0.225,-0.812,-0.453,1.11,1.562,1.103,1.678,15853.496,22312.77,23972.056,-0.836,1.118,5.337,0.089,2.949051287,2.954778891,-0.005727604,-1.36,0.23,0.07,-0.07,0.04,-2.83,-1.54,-2.7,-3.842,1.915,-0.137,-1.365,0.328,0.008,-0.459,-2.917,-4.875,-7.222,-2.84,-1.292,-0.83,-0.428,6,1,0,0,1,1,0,0,1,0,0,1.930192546418273,1.731721315170159,1.436738884278144,1.5567394204110128,TP3,TP2,False,0.015791589994683736,0.8319701505534759,0.004759871516085866,0.14747838793575455,1,42
T216,0,0,1,3.706,3,50,1,1,-1,1,3,108,8,-3.66600874,340,134,111,0,1,0.376794378,0,5,3,5,13,0.359,-0.68,-0.153,-0.682,1.57,1.395,1.572,1.609,22424.983,19930.444,22993.451,6.222,4.476,4.641,3.338,2.017332247,4.401735057,-2.38440281,0.16,-1.43,-0.11,-0.08,-0.02,-1.02,-0.24,-1.16,1.195,5.188,2.178,1.267,-0.064,1.312,0.808,1.392,-1.973,-5.25,-0.19,2.636,1.257,1.323,6,1,0,0,1,1,0,0,1,0,0,1.8509233948779271,2.513388265462255,2.754552869212238,2.7009604547500055,TP1,TP2,False,0.04512596212753852,0.9321743092240296,0.006250554542305506,0.01644917410612655,1,42
A002,0,0,0,4.381,3,57,1,1,-1,1,3,70,8,-3.967478,262,134,60,0,0,0.261300406,1,3,9,4,16,0.588,0.624,0.637,0.314,2.055,2.194,2.221,2.284,22059.99,23555.511,24517.194,1.619,6.752,6.59,4.086,4.042607109,4.265593169,-0.22298606,0.06,-1.16,0.03,-0.19,-0.02,0.05,-0.41,-0.41,-0.484,4.019,3.131,2.863,1.85,1.91,2.937,3.127,0.469,-1.213,0.896,2.65,1.594,4.069,6,1,0,0,1,1,0,0,1,0,0,2.753434883983097,2.454077185394955,2.7924095881394817,3.4655969817076966,TP2,TP2,True,1.9034306838794178e-05,0.9999463597475374,2.4531297062595455e-05,1.0074648561142919e-05,1,42
A004,0,0,0,2.865,2,45,1,1,-1,1,2,44,8,-7.0739864,33,19,0,1,0,0.146476691,0,5,6,0,11,-0.077,-0.732,0.129,-0.603,1.894,1.572,2.048,2.109,20331.419,16870.777,22634.52,1.807,3.317,5.124,3.74,0.829679163,4.501917816,-3.672238653,0.17,1.96,-0.05,0.33,0.04,-1.61,-0.53,-0.3,-0.785,4.554,3.266,2.446,2.62,1.88,3.462,3.631,0.635,-5.597,-1.253,2.288,0.606,1.288,6,1,0,0,1,1,0,0,1,0,0,2.491373983296401,2.355340707349481,2.8707824295857693,3.082783115426257,TP2,TP2,True,0.0005272917532570056,0.9463606023992065,0.0015811222823785942,0.05153098356515794,1,42
A005,1,0,0,0.0,0,27,1,1,-1,1,3,51,4,-3.5832833,269,138,68,0,1,0.507686998,1,21,35,30,86,0.672,0.582,0.664,0.499,2.233,2.252,2.367,2.346,23970.414,24177.888,25181.154,-2.354,-0.308,5.327,5.618,5.043276825,4.346703404,0.696573421,-0.59,-1.26,0.08,-0.19,-0.1,1.87,2.0,0.66,2.234,5.09,4.284,4.522,1.37,3.308,3.098,0.665,-0.468,-1.237,2.998,3.48,2.867,4.362,6,1,0,0,1,1,0,0,1,0,0,1.1817449834320881,1.2374534815969427,0.8031359457082389,1.4589316805268413,TP3,TP2,False,0.004558141264881507,0.9926745846836261,0.001277108660742237,0.0014901653907500871,1,42
A007,0,0,0,2.722,2,40,1,1,-1,1,2,21,7,-6.827391,49,29,12,1,0,0.123499002,0,4,6,2,12,-0.034,-0.656,0.229,-0.339,1.923,1.755,2.08,2.186,20639.638,18835.798,23461.553,4.063,3.608,5.134,4.029,1.474393935,3.850658318,-2.376264384,0.57,-0.05,-0.04,-0.03,0.08,-1.33,-1.33,-0.38,-1.654,3.819,3.175,2.329,3.512,1.42,2.79,4.783,-0.048,-2.732,0.083,2.4,0.577,2.162,6,1,0,0,1,1,0,0,1,0,0,2.091257397357012,2.2985463562390307,2.6339412586403164,2.823712050876204,TP1,TP2,False,0.0006538635768266298,0.9383514217877952,0.0008570707919268235,0.060137643843451376,1,42
A010,1,0,0,0.0,0,42,1,1,-1,-1,3,22,8,-4.2699236,136,64,38,1,1,0.291685107,0,8,14,8,30,0.225,0.171,0.481,-0.197,2.001,2.047,2.192,2.256,21483.666,21976.766,24218.342,4.223,5.166,5.367,3.912,3.913295771,4.082472133,-0.169176363,-0.45,-0.24,0.04,-0.06,0.0,0.55,-0.08,-0.59,-0.419,4.274,2.913,2.702,2.913,1.724,2.535,3.853,-1.428,-3.286,0.551,2.683,1.194,4.097,6,1,0,0,1,1,0,0,1,0,0,1.5079327007545595,1.8139865063353953,1.6640519440427117,1.9706836007875432,TP1,TP2,False,0.00010790124714702157,0.9967967709324833,0.0007874860724551046,0.0023078417479145577,1,42
A012,0,0,0,1.185,1,48,1,1,-1,-1,3,56,8,-3.594931,132,69,19,0,0,0.352518589,0,13,29,12,54,0.638,0.562,0.712,0.444,2.207,2.222,2.414,2.34,23693.915,23851.88,25119.744,3.949,5.457,5.02,6.064,4.46376819,4.559770293,-0.096002103,-0.1,-2.02,0.03,-0.31,-0.02,1.65,1.16,1.18,2.174,4.939,4.838,4.828,3.694,3.472,2.594,0.941,-0.391,-1.044,2.836,4.216,3.131,4.411,6,1,0,0,1,1,0,0,1,0,0,2.170579197629242,2.2977069077418557,2.270364636200177,2.7566031142695016,TP1,TP2,False,3.720967677918759e-05,0.9999185255756716,3.889304119212245e-05,5.371706357106277e-06,1,42
A014,0,0,0,3.677,3,63,0,1,-1,1,2,47,8,-5.0733694,25,21,22,0,0,0.162486057,0,5,8,1,14,-0.116,-0.503,-0.497,-0.62,1.914,1.836,2.021,2.174,20549.555,19703.476,23333.628,-0.835,7.804,5.688,3.354,1.898142253,4.995984077,-3.097841824,-0.34,-1.3,-0.01,-0.2,0.03,-1.19,-0.78,-0.81,-1.346,3.22,2.688,1.759,0.429,1.122,0.97,3.7,-3.504,-5.122,0.193,1.599,-0.038,0.907,6,1,0,0,1,1,0,0,1,0,0,3.1265316559898717,3.369717316768945,3.7332159940628724,3.618728547330338,TP1,TP2,False,0.010010404405884707,0.965395020197029,0.00012200727297266909,0.024472568124113667,1,42
A017,0,0,0,1.625,2,57,1,1,-1,-1,3,26,8,-4.859264,116,65,47,0,1,0.338163615,0,9,15,5,29,-0.415,0.187,-0.392,-0.117,1.821,2.035,1.957,2.23,19545.062,21842.44,23940.294,3.885,7.253,5.896,2.105,3.664123247,4.430635574,-0.766512327,-0.59,0.35,0.08,-0.03,0.0,-0.29,-0.65,-1.84,-1.639,3.381,1.361,1.106,1.443,1.05,2.024,4.886,-0.092,-4.456,-0.546,0.819,0.076,2.591,6,1,0,0,1,1,0,0,1,0,0,2.1705268100048234,2.2340686052016925,2.1587901529473488,2.30606008369516,TP3,TP2,False,9.147248701905224e-05,0.998507501448306,0.000816519891142918,0.000584506173532005,1,42
A023,0,0,0,1.073,1,47,1,1,-1,-1,3,34,8,-3.4648956,92,58,27,0,0,0.431404706,0,14,28,21,63,0.126,0.259,0.372,0.021,1.988,2.064,2.136,2.268,21341.057,22157.625,24345.681,1.082,6.057,7.26,4.004,3.729377229,5.301504943,-1.572127714,-0.62,0.37,0.08,-0.03,0.01,0.13,-0.18,0.24,0.834,4.62,3.852,2.917,0.655,2.118,2.017,3.78,-0.268,-2.874,0.806,3.033,1.232,3.098,6,1,0,0,1,1,0,0,1,0,0,1.9915191013550266,2.2545014621061683,1.6939924380928313,2.270370442193747,TP3,TP2,False,0.0005200637723808516,0.9978933023391348,0.0009633239782079012,0.0006233099102764721,1,42
A042,0,0,0,0.946,1,50,0,-1,-1,-1,3,22,0,-4.407352,32,17,7,1,0,0.511694128,1,3,10,2,15,0.102,0.444,0.418,0.458,1.965,2.163,2.152,2.314,21088.277,23216.108,24841.633,-1.245,-0.583,3.392,4.05,4.559614381,4.477975082,0.081639299,-0.69,1.23,0.08,0.12,-0.01,-0.23,0.79,-1.02,-2.637,4.471,2.43,2.775,4.119,2.143,4.053,7.261,-2.101,-3.923,1.539,1.54,0.674,2.907,6,1,0,0,1,1,0,0,1,0,0,1.42029684311652,1.096068422606373,1.3071377978667789,1.6288811341427356,TP2,TP2,True,5.568873929445225e-06,0.9979931213617698,5.915585236874488e-06,0.001995394179063917,1,42
A057,0,0,0,1.518,2,54,1,1,-1,1,2,32,8,-3.2928437,25,14,10,0,0,0.153638526,0,2,3,0,5,-0.312,-0.316,-0.623,0.201,1.858,1.959,1.942,2.251,19944.942,21025.657,24159.55,5.598,4.668,5.78,2.991,2.479851189,3.828840618,-1.348989429,-0.54,-0.89,-0.03,-0.19,0.09,-1.74,-1.63,-1.59,-0.26,3.726,1.733,1.848,1.77,0.548,3.563,1.728,-1.432,-4.827,-0.038,1.396,1.691,0.346,6,1,0,0,1,1,0,0,1,0,0,2.2035167661662776,2.194762245082226,2.222238442093726,2.577621070157782,TP2,TP2,True,0.0026667325537049814,0.992785316458804,0.00010786447298409309,0.004440086514507037,1,42
A067,0,0,0,2.926,2,39,1,1,-1,1,3,33,7,-3.7422008,76,41,39,0,0,0.2613614,0,2,14,0,16,-0.37,-0.248,-0.502,-0.329,1.849,1.938,1.916,2.198,19843.0,20804.509,23598.013,3.612,6.037,7.389,2.778,2.870601405,6.16264448,-3.292043075,-0.74,-0.66,0.05,-0.16,0.02,-1.25,-0.62,-0.55,-0.548,3.503,2.981,1.797,1.006,0.925,1.421,3.558,-1.62,-6.283,0.126,1.781,0.338,2.341,6,1,0,0,1,1,0,0,1,0,0,2.625119288045582,2.9589339499985767,2.9650771410663816,3.2122850702205423,TP1,TP2,False,0.014925896982788482,0.9782873897035375,0.00023076639422041608,0.006555946919453714,1,42
A102,0,0,0,3.772,3,49,1,1,-1,1,3,39,7,-3.557008,110,59,23,1,1,0.389188076,0,11,13,8,32,0.408,0.515,0.494,0.465,2.032,2.16,2.171,2.314,21816.038,23185.861,24836.315,1.47,3.127,5.61,3.706,3.820032491,4.353574721,-0.53354223,-0.91,-0.6,0.05,-0.2,0.05,0.04,-0.22,-0.51,1.621,4.778,3.023,2.941,4.273,1.976,2.364,5.029,-2.124,-2.306,1.201,2.962,1.178,3.156,6,1,0,0,1,1,0,0,1,0,0,1.8589500741161946,2.071700727386844,1.7313357509971703,2.099866288719415,TP3,TP2,False,0.001447207578477472,0.9748416374618153,0.0006748432294995337,0.023036311730207683,1,42
A149,0,0,0,3.128,2,50,1,1,-1,1,2,44,8,-3.658615,87,41,8,1,0,0.301982012,0,3,6,0,9,-0.36,-0.68,-0.343,-0.437,1.857,1.676,1.991,2.158,19934.927,17995.343,23163.217,3.459,6.832,6.902,2.941,1.21228227,4.427390079,-3.215107809,-0.32,0.82,-0.02,0.11,0.05,-1.31,-0.88,-0.79,-0.324,4.17,2.711,1.814,1.802,1.177,2.951,5.097,-1.109,-4.129,-0.338,2.071,0.737,1.16,6,1,0,0,1,1,0,0,1,0,0,2.683289350308869,3.033095876585033,3.058748113127121,3.3475214575971406,TP1,TP2,False,0.00978016831135895,0.9546091482758221,0.0015897406318232715,0.03402094278099572,1,42
A248,0,0,0,1.141,1,48,1,1,-1,-1,3,36,5,-3.77829,105,54,18,0,1,0.396386059,0,6,19,7,32,0.504,0.662,0.616,0.589,2.126,2.305,2.283,2.394,22823.283,24743.133,25694.975,-2.923,1.812,5.371,4.966,5.179385861,2.780366264,2.399019597,-0.81,-1.06,0.08,-0.24,-0.01,1.03,0.25,-0.37,1.313,4.466,3.175,3.344,3.149,2.487,2.58,-0.585,-0.541,-2.228,1.164,3.243,1.951,3.975,6,1,0,0,1,1,0,0,1,0,0,1.6382183191252122,0.9610644084595082,0.7209130925415794,1.5275790747809175,TP3,TP2,False,1.885008701377932e-05,0.9964911604761938,0.00019351818784212903,0.0032964712489503794,1,42
A253,0,0,0,1.788,2,49,1,1,-1,1,2,25,7,-3.929318,19,12,10,0,0,0.373339895,0,9,6,2,17,0.614,-0.446,0.783,-0.357,2.234,1.895,2.397,2.213,23976.471,20346.268,23755.721,1.319,2.981,5.147,6.286,3.048211354,4.567470736,-1.519259382,0.92,-1.53,-0.09,-0.13,0.0,1.42,0.48,1.92,3.459,6.291,5.598,4.777,3.301,3.636,3.339,4.343,0.2,-3.541,2.343,5.024,2.988,3.72,6,1,0,0,1,1,0,0,1,0,0,0.3831248283421037,0.8079537652077878,0.6542204746939643,0.9502930551432394,TP1,TP2,False,0.0009628952671130233,0.9904213045958689,0.0006880878341114226,0.00792771230290667,1,42
A280,0,0,0,3.366,3,46,1,1,-1,1,2,56,8,-3.8205074,113,60,24,0,0,0.140250641,0,4,4,1,9,-0.629,-0.069,-0.671,-0.221,1.794,1.997,1.889,2.241,19255.948,21433.542,24054.313,6.312,6.82,6.869,2.746,2.985221288,5.090291771,-2.105070484,-1.08,0.89,0.09,-0.02,0.08,-1.87,-1.37,-0.9,-0.756,3.746,2.577,1.439,1.206,0.636,2.038,4.778,-3.53,-5.222,-1.159,1.622,-0.403,1.815,6,1,0,0,1,1,0,0,1,0,0,2.7227188527685553,3.1305986683304736,3.1633536497725374,3.408501154620042,TP1,TP2,False,0.0007513066023033829,0.9987156244108566,8.141933585987213e-05,0.00045164965098009187,1,42
A292,0,0,0,1.696,2,49,1,1,-1,-1,2,58,8,-3.6879086,29,17,18,0,0,0.250253873,0,1,6,0,7,-0.727,-0.769,-0.83,-0.687,1.565,1.472,1.593,2.103,16795.469,15804.31,22570.398,4.795,5.526,5.782,0.398,0.014029768,4.129527116,-4.115497348,-0.8,-0.02,0.0,-0.05,0.07,-2.87,-1.57,-2.53,-2.01,2.02,0.299,-0.419,-2.193,-0.777,-0.676,3.055,-3.328,-7.068,-3.955,-0.248,-3.042,-0.71,6,1,0,0,1,1,0,0,1,0,0,2.4067799825715976,2.608281364480978,2.62014537650595,2.847873940267472,TP1,TP2,False,0.02404368077120135,0.8997173005498574,0.00028219020918737736,0.07595682846975385,1,42
A304,0,0,0,1.859,2,48,1,1,-1,-1,3,48,3,-3.2654308,100,62,9,0,1,0.50035382,0,8,29,13,50,-0.151,0.468,-0.253,0.436,1.91,2.157,1.995,2.333,20500.733,23159.453,25040.717,-1.618,0.315,5.443,3.462,4.579334546,4.001047637,0.578286908,-1.72,0.81,0.12,0.02,-0.02,-0.13,-0.39,-0.61,0.183,4.588,2.854,1.988,3.791,1.052,3.488,2.618,1.142,-5.075,-0.397,1.351,-0.222,2.159,6,1,0,0,1,1,0,0,1,0,0,1.1358560587342947,0.3589882183986692,0.14604363298144457,0.8516637140406464,TP3,TP2,False,0.00014564061713359612,0.969342965809168,0.004666113083703833,0.025845280489994613,1,42
A332,0,0,0,3.233,2,46,0,1,-1,1,2,60,8,-4.262513,15,10,7,1,0,0.160713418,1,4,7,0,11,-0.49,-0.803,-0.508,-0.6,1.822,1.529,1.956,2.134,19559.944,16416.456,22910.788,1.307,4.439,6.743,3.396,0.658067247,4.829245437,-4.17117819,-0.2,0.17,0.01,0.02,0.01,-1.77,-0.77,0.04,-0.455,3.586,3.634,2.042,0.214,1.82,1.335,6.356,-1.348,-3.599,0.404,2.02,0.358,0.71,6,1,0,0,1,1,0,0,1,0,0,2.9722890250879654,3.2615343150568425,3.8002208327451474,3.8974227929986642,TP1,TP2,False,0.020371847921929243,0.808569928518403,0.00034146461306601753,0.17071675894660163,1,42
A354,0,0,0,3.298,3,48,1,1,-1,1,2,21,8,-3.767925,24,14,2,0,0,0.277264442,0,7,11,3,21,-0.709,-0.034,-0.797,-0.191,1.622,1.977,1.697,2.224,17411.053,21226.921,23874.241,4.09,5.86,6.236,1.419,3.324847782,5.420570177,-2.095722396,-0.86,0.73,0.07,0.01,0.05,-2.16,-1.4,-2.29,-4.635,2.87,0.645,0.184,-1.297,-0.326,1.731,4.694,-2.655,-7.279,-4.385,-0.117,-1.201,0.482,6,1,0,0,1,1,0,0,1,0,0,3.055770739104648,3.4565999658340316,3.1514212684369447,3.392182328408021,TP1,TP2,False,0.004250286559082795,0.994264524383192,0.00015122792769030138,0.0013339611300348985,1,42
A359,1,0,0,0.0,0,54,1,1,-1,1,3,23,3,-3.7284383,144,78,33,0,1,0.673810745,0,11,18,9,38,0.559,0.485,0.516,0.337,2.133,2.181,2.207,2.31,22893.275,23410.199,24795.498,-1.448,2.749,5.177,3.627,5.014147539,4.091313888,0.922833651,-0.95,-0.19,0.1,-0.03,-0.1,1.09,0.34,-0.45,0.814,4.613,3.091,2.517,1.389,2.324,2.516,1.129,0.51,-4.244,-0.005,2.692,1.187,2.902,6,1,0,0,1,1,0,0,1,0,0,1.519191535671388,1.263872683493069,0.961896017712782,1.469203869708975,TP3,TP2,False,0.0006090259335435541,0.9837635444731277,0.0006239016780176633,0.015003527915311175,1,42
A398,0,0,0,3.467,3,50,0,1,-1,1,2,46,8,-4.3015813,20,15,2,1,0,0.13515221,0,2,6,0,8,-0.521,-0.782,-0.512,-0.492,1.809,1.553,1.957,2.135,19418.756,16673.453,22917.628,3.64,5.251,6.954,3.357,0.972370178,4.764021388,-3.791651209,-0.83,1.28,0.03,0.13,0.05,-1.22,-0.85,-0.5,0.002,3.785,3.034,2.1,0.867,1.262,1.177,5.13,-1.467,-6.674,-0.629,1.952,0.621,2.315,2,1,0,0,0,0,0,0,0,0,1,3.0273865420225627,3.3414405781517433,3.637605424417608,3.6198147669156606,TP1,TP4,False,0.0065117151023576835,0.44225349289362215,0.0004697635210784575,0.5507650284829417,1,42
A419,0,0,0,2.645,2,52,0,1,-1,1,2,30,8,-4.3875174,64,37,17,0,0,0.238990012,0,4,7,3,14,-0.117,-0.377,0.22,-0.572,1.951,1.97,2.108,2.208,20947.222,21147.059,23703.517,2.211,5.662,4.522,3.584,2.637564074,4.496545044,-1.85898097,0.18,0.5,0.03,0.03,0.04,-1.33,-1.09,-0.48,0.271,4.062,3.054,2.05,0.338,1.313,1.734,3.348,-2.175,-6.913,-0.022,2.789,0.445,2.166,6,1,0,0,1,1,0,0,1,0,0,2.6078151221758623,3.0120134078881438,2.986986430632552,3.0969593444727135,TP1,TP2,False,0.0002365508958116262,0.9799263889212001,4.614175959102918e-05,0.019790918423397145,1,42
A463,0,0,0,1.217,1,48,1,1,-1,-1,3,21,8,-4.074614,52,27,26,0,1,0.323486358,0,6,7,4,17,0.472,0.218,0.432,0.303,2.067,2.036,2.174,2.269,22182.684,21851.099,24361.506,5.155,4.759,6.097,3.992,3.674381673,4.50797251,-0.833590837,-0.57,-0.58,0.02,-0.09,-0.01,0.37,-0.18,0.16,0.386,5.079,3.757,3.137,2.394,2.286,2.835,4.302,-0.572,-1.68,1.896,3.3,1.696,3.867,6,1,0,0,1,1,0,0,1,0,0,1.9201407792256182,1.9557747161606822,1.8152287735684745,2.183671611100818,TP3,TP2,False,0.0001075450229958737,0.9987365254712878,0.0002936859338247999,0.0008622435718915047,1,42
A476,0,0,0,2.126,2,36,1,1,-1,1,2,33,8,-4.5464367,37,18,42,0,0,0.315726418,1,4,15,3,22,0.133,0.131,-0.247,-0.321,1.98,2.01,2.019,2.217,21258.253,21577.621,23803.036,3.126,6.445,6.475,3.624,3.350323489,5.491409062,-2.141085573,-0.62,-0.48,0.05,-0.14,0.02,-0.27,-0.74,-1.0,1.177,4.481,2.438,2.419,1.805,1.571,1.77,4.134,-2.218,-2.189,0.592,2.724,0.851,2.846,5,1,0,0,1,1,0,0,1,0,0,2.778873277591453,3.134798139094984,3.1682156957862606,3.5237758005873774,TP1,TP2,False,0.004441298051310366,0.9951814039966259,5.5213960730831635e-05,0.0003220839913329474,1,42
A524,0,0,0,3.233,2,49,1,1,-1,1,2,51,8,-4.3377627,84,45,19,1,0,0.191741168,1,4,6,0,10,0.213,-0.405,0.192,-0.257,1.983,1.887,2.058,2.211,21288.127,20257.141,23729.78,-0.761,4.883,6.145,3.361,2.322623341,5.247790404,-2.925167063,0.1,-0.42,-0.12,0.06,0.01,-1.08,-0.54,-0.84,-2.077,4.682,2.639,2.168,1.623,1.515,4.074,3.97,0.042,-4.97,-0.721,2.374,0.245,2.626,6,1,0,0,1,1,0,0,1,0,0,2.3558051289051685,2.3197766627015213,2.549820820599828,2.9780837401361895,TP2,TP2,True,0.0021023220105479577,0.9956795365617916,0.000696054636259565,0.0015220867914008634,1,42
A530,0,0,0,2.025,2,45,1,1,-1,-1,3,28,7,-3.2068948,83,42,18,0,1,0.637201551,0,7,13,5,25,0.586,-0.719,0.564,-0.34,2.099,1.63,2.243,2.168,22532.717,17495.46,23277.079,1.651,6.144,5.983,4.053,0.59884803,3.542538614,-2.943690584,0.13,-1.43,-0.07,-0.14,0.0,0.03,-0.27,-0.09,0.888,4.305,3.495,2.632,1.54,1.871,2.554,6.286,-1.557,-5.915,0.833,2.792,1.293,3.845,6,1,0,0,1,1,0,0,1,0,0,1.7836120064570988,2.371519447135893,1.615932408927916,1.8268387855321921,TP3,TP2,False,0.0044986249747826276,0.924761214861095,0.0015258447163033362,0.06921431544781906,1,42
A538,0,0,0,3.593,3,56,1,1,-1,1,2,36,8,-3.169434,33,16,26,0,0,0.307718769,0,9,10,5,24,0.382,0.003,-0.128,-0.059,1.988,1.952,2.0,2.192,21337.418,20949.634,23535.044,-2.063,6.857,5.365,3.563,3.175250914,5.43277705,-2.257526136,-0.34,-0.93,-0.01,-0.14,0.0,-0.81,-0.44,-0.49,-2.324,4.37,3.029,2.052,1.999,1.605,3.819,3.646,-0.938,-6.352,-0.257,2.18,0.588,1.446,6,1,0,0,1,1,0,0,1,0,0,2.6408383027213604,2.573229333837808,2.3854626723562173,2.7605123783188734,TP3,TP2,False,0.002579509521586015,0.9963982674565669,0.00021060774631715556,0.0008116152755298333,1,42
A565,0,0,0,2.37,2,35,1,1,-1,-1,3,30,5,-4.0813316,26,14,0,0,1,0.0,0,0,0,0,0,0.342,-0.661,0.477,-0.486,2.049,1.718,2.199,2.182,21993.163,18444.321,23420.833,0.427,3.685,5.294,4.918,1.376476646,4.230769398,-2.854292752,-0.64,-1.65,-0.09,-0.18,0.03,-0.39,-0.51,0.51,1.495,5.002,4.132,3.717,2.706,2.182,2.867,3.418,0.954,-1.872,1.53,3.123,1.13,1.009,3,1,0,0,0,0,0,0,0,0,1,1.7238030866451846,1.192554633784803,1.4546120933145261,1.977103624847626,TP2,TP4,False,0.0015040856461804965,0.2806894842465006,0.0008121390700258117,0.7169942910372932,1,42
A581,0,0,0,1.916,2,53,1,-1,-1,-1,2,34,0,-4.5693983,46,27,10,0,0,0.150315527,0,1,3,0,4,-0.218,-0.112,0.162,0.238,1.909,1.929,2.039,2.252,20488.409,20707.619,24176.202,0.597,0.316,5.21,3.49,3.517262332,4.713586168,-1.196323837,-1.24,0.86,0.04,0.06,0.03,-0.69,-0.45,-0.94,1.263,5.507,2.528,2.101,3.831,1.653,4.058,1.215,0.435,-4.894,-0.196,2.518,0.446,2.915,6,1,0,0,1,1,0,0,1,0,0,0.8637550913543913,0.09071630259979008,0.25988667056633563,0.6960387667228738,TP2,TP2,True,0.00015170601815949345,0.9579831490659718,0.000429580072255333,0.0414355648436133,1,42
A637,0,0,0,0.947,1,65,1,-1,-1,1,3,38,0,-3.2755877,151,70,46,0,1,0.661300329,1,9,22,10,41,0.223,0.678,0.093,0.564,1.983,2.311,2.079,2.371,21288.331,24812.389,25447.508,-1.204,0.235,6.109,3.41,5.980248183,3.871326955,2.108921228,-1.35,0.6,0.13,-0.03,-0.02,0.81,0.99,-0.88,-0.489,4.753,2.613,2.184,3.845,1.664,2.942,3.205,0.109,-5.648,0.165,1.722,0.745,3.878,6,1,0,0,1,1,0,0,1,0,0,1.0332446182048622,0.41538096630365806,0.30847352805917594,0.7823920655850045,TP3,TP2,False,0.00024314011932078376,0.9937444809019791,0.0009522062200802954,0.005060172758619807,1,42
A665,0,0,0,1.437,2,55,1,1,-1,-1,2,40,8,-4.2098955,60,37,10,0,0,0.244228168,0,6,6,0,12,0.351,0.55,-0.16,0.243,1.997,2.151,2.03,2.287,21439.745,23087.879,24551.66,4.138,8.511,6.32,3.55,4.146680517,5.744134728,-1.597454211,-1.24,-0.41,0.06,-0.14,0.01,-0.53,-0.18,-0.24,-0.739,4.58,3.317,1.983,1.381,1.623,1.672,3.301,-2.341,-4.952,-0.841,2.783,1.123,2.532,6,1,0,0,1,1,0,0,1,0,0,2.5687565718204155,2.591777950223708,2.761579366678899,3.033456185909647,TP1,TP2,False,0.00012284945909605397,0.9998402274063002,2.270849276457161e-05,1.4214641839292548e-05,1,42
A734,0,0,0,1.537,2,46,1,1,-1,-1,2,33,8,-4.279512,75,29,9,1,0,0.083559309,0,3,3,4,10,0.273,0.297,-0.009,-0.081,1.969,1.997,2.0,2.201,21139.333,21438.502,23631.468,2.394,5.263,6.608,2.081,3.564338518,5.829256695,-2.264918178,-0.37,-1.25,-0.04,-0.15,0.0,-0.31,-0.59,-1.37,-2.625,4.857,2.015,1.069,0.42,0.764,3.133,0.632,-0.653,-3.454,-0.219,1.117,-0.555,2.944,6,1,0,0,1,1,0,0,1,0,0,1.6512919924779141,1.649200959870247,1.8170117501601233,2.2401820978436477,TP2,TP2,True,0.003308430824727159,0.9956506444468132,0.0004490849460730414,0.000591839782386708,1,42
A767,0,0,0,1.636,2,57,1,1,-1,-1,3,21,3,-4.639152,266,139,58,0,1,0.537662304,1,12,30,18,60,0.059,-0.198,0.26,-0.389,1.966,1.963,2.089,2.217,21104.636,21071.81,23793.893,1.046,2.281,6.199,3.266,3.735847915,3.321125508,0.414722407,-0.47,0.2,0.07,0.03,-0.06,0.56,-0.02,-0.97,-2.063,3.849,2.502,1.8,2.204,0.924,2.657,3.497,0.512,-7.213,-0.455,1.107,0.218,2.8,6,1,0,0,1,1,0,0,1,0,0,0.7501803524191829,0.4850488681620931,0.47292970323076866,0.7964583972823108,TP3,TP2,False,0.00020101246138862623,0.9831150902001313,0.011485428060828416,0.0051984692776516845,1,42
T185,1,1,0,0.0,0,35,1,1,1,-1,3,33,3,-3.312091596,162,71,34,0,1,0.310181997,0,13,13,8,34,-0.603,0.157,-0.529,-0.385,1.333,1.579,1.432,1.675,19047.742,22556.459,23927.819,0.721,0.755,11.27,2.058,3.415859864,4.831610042,-1.415750178,-0.65,0.24,0.03,0.01,0.0,-1.1,-0.81,-1.69,-0.767,3.891,1.502,0.752,-1.019,0.241,0.781,-1.523,-2.387,-6.996,-1.044,0.789,-0.203,0.276,7,1,0,0,1,1,1,1,0,0,0,1.4004832932784903,1.4294365411694387,0.8083851126316429,1.405293894678746,TP3,TP1,False,0.963620874138704,0.015066373004352651,0.014147163372204894,0.007165589484738499,1,42
T186,1,1,0,0.0,0,59,1,-1,1,1,2,31,0,-3.316680922,122,63,4,1,1,0.224818283,0,10,15,5,30,0.387,-0.114,0.446,-0.438,1.604,1.57,1.709,1.688,22922.301,22428.001,24110.094,-1.038,-0.049,9.939,4.459,3.179686802,4.301734332,-1.12204753,0.17,-1.74,-0.12,-0.14,-0.01,-0.11,0.35,-0.37,2.725,5.989,3.112,2.979,1.591,2.047,2.406,-1.364,-0.954,-5.528,0.854,3.225,1.953,1.422,7,1,0,0,1,1,1,1,0,0,0,1.3496637894398167,1.3294065581787753,1.057542049614048,1.3799777489887992,TP3,TP1,False,0.9701348952005294,0.0005638920840106942,0.015218828047952028,0.014082384667507776,1,42
T187,0,1,0,1.271,1,59,1,-1,1,1,3,18,0,-3.717039868,159,69,29,0,0,0.399803081,0,11,30,12,53,0.429,-0.283,0.346,-0.471,1.584,1.539,1.682,1.664,22630.398,21980.86,23773.649,-2.962,1.482,11.512,4.771,3.107285154,4.113504298,-1.006219144,-0.11,-1.62,-0.06,-0.14,-0.04,0.17,0.26,-0.13,0.29,5.44,3.375,2.972,2.515,2.28,2.535,0.49,-2.092,-1.443,1.005,2.632,1.672,1.37,4,1,0,0,1,1,1,1,0,0,0,2.2105625059066636,2.0946655011413786,1.7026416761768655,2.2936014645076748,TP3,TP1,False,0.9884059869162997,0.0013712128061769597,0.0084965802707081,0.0017262200068152813,1,42
T188,1,1,0,0.0,0,76,1,1,1,-1,2,60,4,-3.804741411,272,127,47,1,0,0.456585263,0,11,32,17,60,-0.572,-0.121,-0.519,-0.497,1.358,1.589,1.454,1.674,19406.281,22698.272,23909.996,-2.165,0.184,8.893,2.431,3.627961172,4.008441251,-0.380480079,-0.61,-1.12,-0.03,-0.13,-0.01,-1.05,-0.52,-1.85,-2.754,4.046,1.256,0.981,0.37,0.592,0.934,0.664,-1.553,-6.049,-0.559,1.148,0.289,1.213,4,1,0,0,0,0,1,0,0,1,0,1.6318831892994403,1.6637047334785922,1.658646126897623,1.887716561815781,TP1,TP3,False,0.16365045581754759,0.018280254776420743,0.8139852632115226,0.0040840261945090505,1,42
T190,1,1,0,0.0,0,55,1,-1,1,-1,2,24,2,-3.103020701,553,226,160,0,1,0.254328117,0,8,15,7,30,0.425,-0.272,0.531,-0.517,1.638,1.558,1.757,1.674,23394.972,22256.71,23923.193,-0.209,1.305,10.191,5.215,3.1625986,4.797027108,-1.634428508,0.67,-2.76,-0.21,-0.17,-0.03,-0.14,0.25,1.04,2.264,6.559,4.619,3.332,3.256,3.061,3.556,1.365,-0.469,-2.0,1.645,4.115,2.795,1.226,4,1,0,0,0,0,1,0,0,1,0,0.3935946113492619,0.39508453269278976,0.13571572771324703,0.4827149045745679,TP3,TP3,True,0.13802796323525493,0.001599215155553856,0.8525485756301832,0.007824245979008113,1,42
T193,0,0,0,2.062,2,48,1,1,1,-1,3,60,8,-3.696416533,118,41,20,0,1,0.210341122,0,12,22,18,52,-0.728,-0.472,-0.846,-0.472,1.154,1.471,1.114,1.668,16489.989,21012.215,23836.549,4.719,5.379,6.725,1.255,2.787236521,5.657549582,-2.870313061,-1.19,-0.14,0.03,-0.11,0.06,-3.18,-1.24,-2.18,-4.102,3.234,0.79,-0.584,0.0,-0.099,0.085,-1.063,-2.503,-7.403,-1.806,-0.296,-2.623,-1.681,7,0,1,1,0,1,1,1,0,0,0,2.0211893029559564,2.1265172664136176,2.108706991018459,2.2483047011491135,TP1,TP1,True,0.9459897879556577,0.036845384382969006,0.015171976285903966,0.001992851375469327,1,42
T196,1,1,0,0.0,0,58,1,1,1,1,3,43,8,-4.059252546,181,76,60,0,0,0.216415773,0,3,23,11,37,-0.788,0.302,-0.879,-0.302,1.046,1.64,1.048,1.708,14944.395,23435.887,24397.029,-1.659,7.454,9.53,-0.68,3.587597391,5.028907608,-1.441310217,-0.88,0.34,0.03,-0.03,0.07,-3.82,-2.31,-3.19,-3.942,1.989,-1.483,-2.627,-0.56,-1.133,0.858,0.656,-4.172,-7.366,-3.775,-2.282,-2.846,-0.746,7,0,1,1,0,1,1,1,0,0,0,1.8354701006387053,1.604088674727525,1.3366631856093356,1.924895291785437,TP3,TP1,False,0.9227393518094242,0.06976703644876146,0.006882447969461121,0.0006111637723531327,1,42
T197,0,0,0,1.543,2,62,1,1,1,-1,3,21,8,-4.506213774,103,36,17,1,0,0.168124561,0,2,4,0,6,-0.618,-0.592,-0.693,-0.672,1.227,1.445,1.193,1.612,17528.606,20637.722,23023.688,2.255,5.755,10.175,0.122,2.010624551,3.720853853,-1.710229302,0.01,-0.91,-0.06,-0.1,0.03,-3.08,-1.45,-3.33,-3.407,2.745,-2.761,-2.068,-2.075,-1.291,0.601,-2.698,-2.79,-5.148,-3.365,-1.98,-2.299,-1.321,7,1,0,0,1,1,1,1,0,0,0,1.1622488457100304,1.1225176689271992,1.2325780434235527,1.6846773642589725,TP2,TP1,False,0.9784077732348263,0.01709375113469085,0.0026312908028342952,0.0018671848276486263,1,42
T204,1,1,0,0.0,0,55,1,-1,1,-1,2,20,0,-3.924618631,559,228,130,0,0,0.511475517,0,5,17,2,24,-0.575,-0.025,-0.647,-0.282,1.293,1.568,1.387,1.682,18472.227,22401.564,24024.598,-2.2,4.629,10.484,1.847,2.963166789,4.910284202,-1.947117413,-0.84,-1.02,-0.04,-0.16,0.04,-2.27,-1.47,-2.24,-2.283,3.807,0.673,0.338,0.03,0.259,1.506,1.012,-3.613,-7.414,-1.234,0.951,-0.729,-0.038,7,1,0,0,1,1,1,1,0,0,0,0.5330745687446912,0.737468993426552,0.2513742357053558,0.45209790402941974,TP3,TP1,False,0.8819176411359556,0.016203063015760234,0.07444589653411766,0.027433399314166527,1,42
T205,0,0,0,2.303,2,53,1,1,1,-1,3,15,3,-3.628473125,58,26,19,0,1,0.403673599,0,13,21,17,51,-0.662,-0.614,-0.813,-0.553,1.277,1.418,1.27,1.652,18247.675,20264.924,23596.227,4.332,4.792,9.439,2.474,2.608048068,4.396220439,-1.788172371,-1.05,-0.32,-0.02,-0.09,0.06,-2.62,-1.31,-1.71,0.202,4.587,1.449,1.1,-0.56,0.703,0.284,-0.015,-2.465,-4.813,-1.328,1.983,-0.163,-0.323,7,0,1,1,0,1,1,1,0,0,0,0.20401686289564697,0.6894742019148934,0.0939403077093488,0.2582625922324112,TP3,TP1,False,0.960318857519834,0.0030421800588988903,0.018319424873739835,0.018319537547527274,1,42
T206,0,1,0,1.331,1,55,1,1,1,-1,3,36,8,-4.640040532,125,50,9,0,1,0.276452734,0,4,23,15,42,-0.556,-0.388,-0.594,-0.566,1.332,1.501,1.34,1.63,19027.834,21447.797,23283.873,4.136,5.235,9.221,2.154,4.174804083,5.018694901,-0.843890818,-0.54,0.06,-0.06,0.09,0.0,-1.74,-0.37,-1.91,-2.553,5.178,1.168,0.69,1.001,1.017,3.066,4.663,-1.07,-5.223,-2.724,1.193,-0.807,2.359,4,1,0,0,0,0,1,0,0,1,0,1.9186877514974368,2.151525894762345,2.0202231354927074,2.2224263491502,TP1,TP3,False,0.17626967165465499,0.03924841702243992,0.7839311883309236,0.0005507229919815923,1,42
T207,1,1,0,0.0,0,61,1,-1,1,1,3,97,0,-3.82360593,204,92,15,0,0,0.432253389,1,16,26,14,56,-0.251,0.457,-0.287,0.219,1.336,1.544,1.374,1.636,19081.872,22054.448,23379.901,-1.269,1.25,10.747,2.077,3.712787663,4.179430223,-0.466642561,-0.69,0.32,0.0,0.05,0.0,-1.72,-0.72,-1.81,-1.365,6.021,1.122,0.141,-2.686,-0.095,0.174,2.772,-2.379,-6.96,-1.658,1.897,0.228,3.049,7,1,0,0,1,1,1,1,0,0,0,1.4201379759527326,1.6662891436083513,1.0929816560897525,1.5105579507198454,TP3,TP1,False,0.9389004557030818,0.043456367186989794,0.016827832086525288,0.0008153450234032287,1,42
T209,1,1,0,0.0,0,55,1,1,1,-1,3,60,5,-5.043132153,130,45,19,0,0,0.273259908,0,5,15,15,35,-0.76,-0.6,-0.887,-0.693,1.099,1.406,1.073,1.592,15705.013,20084.148,22747.69,1.89,1.915,10.439,1.061,2.575944427,4.372911687,-1.79696726,-0.41,-0.56,-0.02,-0.1,0.05,-3.54,-1.78,-2.2,-1.317,3.08,0.744,-0.269,-0.606,-0.115,0.699,-0.378,-3.93,-7.468,-1.616,-0.069,-2.423,0.282,7,1,0,0,1,1,1,1,0,0,0,0.46283158082069387,0.6889512869116812,0.6452859234164908,0.9269317584250931,TP1,TP1,True,0.9367716661010607,0.033007344976889896,0.027000996316985753,0.003219992605063775,1,42
T210,1,1,0,0.0,0,48,1,1,1,-1,2,23,3,-4.298068302,83,39,32,1,0,0.065527027,0,1,5,0,6,-0.807,-0.458,-0.872,-0.517,0.954,1.449,0.912,1.621,13624.828,20705.247,23153.23,1.484,2.966,11.224,-0.648,3.411614752,4.3587682,-0.947153448,-1.32,0.85,0.03,0.06,0.05,-3.65,-2.04,-3.19,-3.982,2.626,-1.455,-1.739,-1.935,-0.597,0.752,0.954,-3.924,-6.889,-5.785,-2.009,-2.326,0.379,7,1,0,0,1,1,1,1,0,0,0,0.6354262415645652,0.5664019021860023,0.45183999751718257,0.87772204470321,TP3,TP1,False,0.9450775527692238,0.030725986437575643,0.01693939879963946,0.007257061993561145,1,42
T213,1,1,0,0.0,0,50,1,-1,1,1,3,18,0,-2.79471863,87,47,7,1,1,0.296527441,1,6,20,13,39,-0.503,-0.396,-0.644,-0.501,1.384,1.541,1.394,1.672,19773.538,22018.09,23886.701,-1.261,0.264,9.827,1.591,3.246470374,3.103918841,0.142551533,0.04,-1.01,-0.01,-0.14,0.0,-2.15,-0.55,-2.17,-0.059,3.478,0.779,0.091,-1.009,0.235,0.888,0.037,-1.245,-4.459,-1.575,1.141,-0.151,1.723,7,1,0,0,1,1,1,1,0,0,0,1.1294701919498742,1.2047399157669114,0.7271719051018041,1.3053941433376581,TP3,TP1,False,0.9181550188166345,0.0012360205325732583,0.007259406096414255,0.07334955455437803,1,42
T215,1,1,0,0.0,0,33,1,-1,1,-1,3,29,0,-3.501901475,196,86,87,0,0,0.581378073,0,22,37,23,82,0.009,0.161,-0.11,-0.462,1.517,1.641,1.577,1.691,21675.333,23451.147,24159.382,0.424,1.154,8.789,3.132,4.180658851,3.634218203,0.546440648,-0.62,-0.9,0.0,-0.08,-0.04,-0.16,0.55,-0.93,0.068,4.619,2.441,2.071,0.271,1.45,1.748,-1.402,-1.679,-2.223,0.424,2.102,1.492,1.648,7,1,0,0,1,1,1,1,0,0,0,1.4073496353713464,1.7878037934008562,0.9851564989047639,1.5652672279303366,TP3,TP1,False,0.9718339137567756,0.015335682689260655,0.011775762833728722,0.0010546407202349888,1,42
T217,0,1,0,1.004,1,61,1,1,1,-1,2,25,7,-3.651364875,177,74,67,1,0,0.292553961,0,9,17,6,32,0.277,-0.249,-0.098,-0.576,1.558,1.545,1.568,1.643,22261.026,22077.442,23472.801,3.884,6.85,9.492,3.377,3.483856926,4.852187651,-1.368330725,0.09,-1.97,-0.14,-0.12,-0.03,-0.91,-0.17,-1.29,1.893,5.626,2.007,1.88,1.232,1.417,3.399,1.643,-1.941,-3.86,0.218,2.812,1.383,2.589,7,1,0,0,1,1,1,1,0,0,0,0.7927240000298463,1.3888238650858256,1.2146517473292946,1.388912369857159,TP1,TP1,True,0.9065936348614103,0.028739200852163218,0.06458337692948257,8.378735694402957e-05,1,42
T218,0,0,0,3.072,2,40,1,1,1,1,3,34,8,-3.607653008,67,33,11,1,1,0.252727084,0,9,13,6,28,-0.613,-0.409,-0.698,-0.492,1.312,1.51,1.328,1.665,18738.522,21566.504,23793.166,3.272,6.405,5.784,1.321,3.205838073,4.825693524,-1.619855451,-0.89,-0.25,-0.02,-0.03,0.01,-1.44,-1.06,-2.18,-2.634,4.083,0.702,0.332,-0.919,0.15,1.591,1.377,-2.838,-5.677,-0.463,0.54,-0.604,0.146,7,1,0,0,1,1,1,1,0,0,0,2.616838515850252,3.195713485104359,3.0212473102703328,3.1268927554549304,TP1,TP1,True,0.959642442257325,0.030756596601999187,0.003648361379957896,0.005952599760717935,1,42
T177,0,1,0,1.014,1,49,1,1,-1,-1,3,35,8,-3.842312436,146,89,26,0,0,0.319808818,0,9,30,19,58,-0.588,-0.291,-0.724,-0.555,1.255,1.551,1.235,1.645,17931.089,22165.373,23502.919,4.198,6.027,6.08,0.975,3.34557227,3.944710554,-0.599138283,-0.61,-0.24,-0.02,-0.01,0.02,-2.17,-0.78,-2.45,-5.092,3.339,0.035,-1.346,-0.443,-0.361,1.77,0.707,-2.512,-5.931,-3.464,-0.551,-1.288,0.268,7,1,0,0,1,1,0,0,1,0,0,2.041658653121028,2.356514200539406,2.146264052514991,2.5061304662210344,TP1,TP2,False,0.021232575782677687,0.9743833133691613,0.0039039727951941075,0.0004801380529670189,2,43
T179,1,1,0,0.0,0,57,1,1,-1,1,3,12,6,-3.491669617,67,23,15,0,1,0.52915936,0,5,19,11,35,0.622,0.48,0.636,0.222,1.67,1.691,1.766,1.746,23865.905,24164.468,24943.247,-3.106,2.85,5.02,5.209,4.831343569,3.820626177,1.010717392,-0.57,-1.65,-0.06,-0.16,-0.04,0.86,0.82,0.12,1.779,6.099,3.633,3.574,1.987,2.64,2.984,-1.379,-0.533,-2.572,1.284,3.475,2.633,1.889,6,1,0,0,1,1,0,0,1,0,0,2.288157585231968,1.9148423225432303,1.706889260493933,2.2776450178602956,TP3,TP2,False,0.032488473013476876,0.8597643392301858,0.006125071216097803,0.10162211654023938,2,43
T182,0,1,0,1.102,1,39,1,1,-1,-1,3,29,8,-3.451055872,49,20,56,0,0,0.195487734,0,7,10,7,24,-0.63,0.133,-0.652,-0.431,1.324,1.61,1.403,1.703,18915.927,23007.751,24335.642,1.658,6.325,6.024,1.64,3.220976545,3.721792269,-0.500815723,-0.66,-0.25,0.01,-0.08,0.04,-2.15,-1.15,-2.17,-2.064,3.372,0.773,0.01,-1.038,-0.423,0.247,-0.723,-3.789,-7.113,-1.512,0.109,-0.482,-1.056,6,1,0,0,1,1,0,0,1,0,0,2.0554552488827103,2.058478404686812,1.8887626684460368,2.472681536532328,TP3,TP2,False,0.01228327711067576,0.9847006436069372,9.435668527701825e-05,0.0029217225971099434,2,43
T183,0,0,0,3.093,2,58,1,1,-1,1,3,59,8,-3.944314469,361,155,62,0,0,0.311916754,1,8,24,11,43,-0.686,0.065,-0.798,-0.486,1.144,1.62,1.066,1.689,16346.261,23149.843,24133.836,-1.417,7.011,6.592,-0.283,3.029618327,4.382125851,-1.352507523,-0.76,-0.53,0.02,-0.13,0.05,-3.55,-2.07,-3.21,-5.882,1.792,-1.697,-2.773,-1.488,-1.447,-0.037,-1.146,-3.648,-7.564,-5.692,-1.957,-3.832,-1.889,6,1,0,0,1,1,0,0,1,0,0,2.138070067572845,2.0746000757336924,2.1068770338056293,2.5888068592103473,TP2,TP2,True,0.05450520113871494,0.9435319246944985,0.0005747938815394214,0.0013880802852470817,2,43
T184,0,0,0,1.41,2,53,1,-1,-1,1,3,43,0,-3.837849823,275,111,59,1,0,0.509950682,0,14,27,25,66,-0.579,0.446,-0.637,0.098,1.152,1.627,1.215,1.666,16457.168,23248.185,23801.602,-3.304,-0.406,6.643,0.55,4.597681093,3.731863168,0.865817925,-0.8,-0.44,0.06,-0.15,0.02,-3.53,-2.17,-2.4,-2.307,4.466,-0.389,-2.515,-2.602,-1.952,-1.697,-0.588,-3.644,-7.557,-2.287,1.571,-2.22,0.068,4,1,0,0,0,0,0,0,0,0,1,1.1334434125279524,1.6781768375524952,0.9346748834560741,1.3010377142364995,TP3,TP4,False,0.06145879366536031,0.04465100558252133,0.0016964558591691175,0.8921937448929492,2,43
T189,0,0,1,3.395,3,39,1,1,-1,1,3,52,8,-3.853311033,840,342,137,0,0,0.333798182,0,11,13,8,32,0.036,-0.555,0.228,-0.655,1.522,1.434,1.626,1.603,21741.694,20487.338,22906.097,0.138,0.588,4.384,3.2,2.873665562,4.541716136,-1.668050574,0.24,-0.51,-0.11,0.12,-0.06,0.27,0.65,-1.44,-2.124,5.444,1.82,1.456,3.174,1.581,2.639,1.025,-1.563,-3.97,-0.343,2.218,0.813,2.215,6,1,0,0,1,1,0,0,1,0,0,2.0559458711262097,2.4169171522991437,2.435982888303971,2.7645528437194034,TP1,TP2,False,0.003074014115615135,0.9484558986306323,0.025269903938713183,0.02320018331503942,2,43
T191,0,0,1,3.536,3,60,0,1,-1,1,2,58,8,-3.834474131,232,103,53,0,0,0.357497927,0,8,27,25,60,0.407,-0.457,0.652,-0.557,1.639,1.506,1.825,1.652,23413.105,21510.549,23607.102,3.383,5.232,5.69,5.582,2.892490145,4.846769618,-1.954279473,0.55,-3.33,-0.26,-0.13,-0.1,0.88,2.08,0.66,0.931,6.76,4.223,3.835,4.867,3.277,3.897,4.742,-0.374,-1.138,1.529,3.639,2.826,0.467,7,0,1,1,0,1,1,1,0,0,0,1.3441278996331492,1.6531999056363933,2.2704354675177467,2.296440184550081,TP1,TP1,True,0.8111593657594194,0.13165072440057504,0.05621915096897369,0.0009707588710319841,2,43
T192,0,0,0,1.5,2,32,1,1,-1,1,3,27,8,-3.445286445,113,50,14,0,0,0.252283258,0,10,11,10,31,-0.642,0.194,-0.764,-0.403,1.301,1.598,1.291,1.682,18583.736,22832.593,24028.632,3.552,5.56,5.223,1.274,3.411623701,4.544771343,-1.133147642,-0.77,0.09,0.0,-0.02,0.05,-2.45,-1.49,-2.44,-1.741,3.457,0.277,0.123,-1.075,-0.103,-0.649,1.624,-4.221,-5.828,-0.645,0.487,-1.219,-0.051,6,0,1,1,0,1,0,0,1,0,0,2.199235734358207,2.87699438547749,2.4212724161046846,2.8407719167326815,TP1,TP2,False,0.07284283819101983,0.9158558910214883,9.209967179227392e-05,0.011209171115699487,2,43
T194,0,0,0,3.061,2,43,1,1,-1,1,3,50,8,-3.931041192,82,33,28,0,1,0.350404122,0,8,15,4,27,-0.193,0.075,-0.55,-0.3,1.391,1.587,1.305,1.683,19870.835,22676.92,24048.918,3.708,5.989,6.478,0.321,3.853877012,5.083187852,-1.22931084,-1.26,-1.09,0.01,-0.15,-0.02,-1.17,1.13,-3.03,-5.391,2.981,-1.028,-1.312,-2.736,-0.841,-0.725,-0.087,-3.823,-6.59,-2.104,-1.595,-2.591,-1.575,7,1,0,0,1,1,1,1,0,0,0,2.6720314974110377,2.7813936617850685,2.994525501352768,3.1598089080602536,TP1,TP1,True,0.8447981926660724,0.15468210024472095,0.00010904714244680799,0.0004106599467598218,2,43
T195,0,1,0,1.341,1,74,1,-1,-1,-1,3,40,0,-3.711672496,379,183,60,1,1,0.44612918,0,8,24,14,46,-0.416,0.627,-0.385,0.415,1.342,1.699,1.431,1.718,19178.35,24278.264,24550.719,-3.826,-0.787,5.562,2.152,4.726718604,4.114715864,0.61200274,-1.19,-0.43,0.03,-0.11,0.02,-1.48,-1.3,-2.04,-0.756,5.07,0.643,0.512,1.084,1.141,-1.19,0.153,-3.927,-0.872,0.344,1.927,-0.388,1.777,4,1,0,0,0,0,0,0,0,0,1,1.5847196637165386,1.6409701970814359,1.1735575969392962,1.4313761610264701,TP3,TP4,False,0.0011108688422553936,0.10709804068266704,0.015175119352446996,0.8766159711226306,2,43
T198,1,1,0,0.0,0,63,1,-1,-1,1,3,8,0,-3.412114954,174,80,76,0,1,0.690270867,0,8,20,8,36,0.409,0.185,0.343,-0.374,1.604,1.619,1.714,1.704,22917.31,23127.291,24341.382,-4.266,0.127,4.583,4.244,3.714560439,4.01301383,-0.298453391,-0.08,-1.42,-0.05,-0.14,-0.03,0.51,1.16,-0.78,1.083,5.587,2.61,2.925,3.486,2.441,2.717,-0.051,0.073,-2.753,0.38,2.684,1.783,1.261,4,1,0,0,0,0,0,0,0,0,1,1.2858329980536656,1.0060815658998512,0.6630855411801861,0.9916829033750058,TP3,TP4,False,0.022774207677857938,0.1121837809123205,0.00718661261245556,0.857855398797366,2,43
T200,0,0,0,3.08,2,73,1,1,-1,1,3,18,4,-3.378179938,109,48,12,0,1,0.414165569,0,12,16,6,34,-0.521,-0.513,-0.615,-0.653,1.391,1.578,1.443,1.672,19873.472,22543.163,23885.957,-4.192,-0.692,3.382,2.085,2.446839077,3.315522604,-0.868683527,0.7,-1.87,-0.05,-0.2,-0.03,-2.51,-0.69,-2.71,-1.082,2.302,-0.19,0.286,0.154,0.283,0.143,-3.54,0.862,-6.976,-4.203,-0.86,-0.907,1.111,3,1,0,0,0,0,0,0,0,0,1,2.3659240072238226,2.1761143234446783,1.7447952610650541,2.0492665513263786,TP3,TP4,False,0.005649278000089929,0.10124387773210096,0.0018975614142620785,0.8912092828535471,2,43
T201,1,1,0,0.0,0,55,1,-1,-1,-1,3,10,0,-4.262156726,219,84,43,0,1,0.705949115,1,9,28,23,60,-0.657,-0.332,-0.679,-0.574,1.268,1.575,1.354,1.672,18122.095,22500.731,23892.775,-2.348,-1.599,4.608,2.481,3.422970924,2.890560758,0.532410166,-0.38,-0.14,-0.01,0.0,0.0,-2.28,-1.15,-1.69,-4.6,3.283,1.463,0.955,-2.815,0.821,0.875,-1.232,-2.072,-7.095,-2.292,0.47,-0.955,0.019,3,1,0,0,0,0,0,0,0,0,1,0.6264063958395008,0.8448684648445017,0.32044794979472324,0.5783348240973291,TP3,TP4,False,0.002849457322772825,0.1462212263727554,0.007917497106756774,0.843011819197715,2,43
T203,0,0,0,3.151,2,48,0,1,-1,-1,3,35,8,-4.293275778,53,25,15,0,0,0.099216303,0,3,8,4,15,-0.711,-0.461,-0.887,-0.532,1.039,1.531,0.973,1.662,14847.423,21872.203,23748.589,2.915,7.069,5.841,-0.727,2.58363052,5.02211762,-2.4384871,-1.03,-0.75,0.02,-0.19,0.06,-4.11,-2.14,-3.42,-7.498,0.37,-3.051,-2.468,-4.809,-2.042,-1.627,0.003,-6.429,-7.947,-6.221,-2.895,-3.847,-3.098,6,1,0,0,1,1,0,0,1,0,0,2.199643888934253,2.5314013838312333,2.6200207751014575,2.6806767992697407,TP1,TP2,False,0.10158802977932119,0.8908074351021453,1.5236149155526508e-05,0.007589298969377827,2,43
T208,1,1,0,0.0,0,53,1,1,-1,-1,3,45,4,-4.506024837,158,69,40,0,1,0.527670676,1,18,27,25,70,0.077,0.415,-0.181,0.131,1.503,1.664,1.533,1.742,21474.115,23769.645,24884.84,-2.607,1.929,5.998,3.142,4.898400311,4.71739267,0.181007641,-1.47,0.02,0.09,-0.03,-0.06,0.47,0.51,-1.56,-0.791,5.082,1.609,2.127,1.802,1.622,2.273,-0.775,-0.482,-3.697,0.454,1.877,1.049,1.747,7,0,1,1,0,1,0,0,1,0,0,0.9071223700045585,0.5192011197789839,0.4560036902468642,0.8515784553209264,TP3,TP2,False,0.011189502660708851,0.9806639297991843,0.006515272880627839,0.001631294659479175,2,43
T211,1,1,0,0.0,0,49,0,1,-1,-1,3,32,4,-3.263202088,87,37,15,0,1,0.166424472,0,5,15,9,29,0.418,-0.517,0.559,-0.635,1.725,1.456,1.861,1.602,24646.875,20807.214,22894.64,-0.068,2.818,5.355,6.836,3.512646818,4.900744087,-1.388097269,1.12,-2.41,-0.2,-0.09,-0.07,1.3,2.19,1.21,3.182,7.282,4.786,5.544,4.213,4.179,3.766,1.974,0.49,-0.681,3.395,4.703,4.068,3.763,6,1,0,0,1,1,0,0,1,0,0,0.9879239934560335,1.1153786774418695,1.1913188314494536,1.3552252430158513,TP1,TP2,False,0.041972826582414025,0.8197897939780546,0.04045428265426632,0.09778309678526499,2,43
T212,0,0,0,1.482,2,74,1,-1,-1,-1,3,26,0,-4.04021842,140,65,28,1,0,0.221599854,0,9,20,6,35,-0.731,0.017,-0.855,-0.327,1.174,1.54,1.062,1.666,16776.111,21996.516,23801.182,0.158,1.274,7.88,1.188,4.208137362,4.943526725,-0.735389363,-1.43,0.18,0.04,-0.01,0.0,-2.38,-0.65,-2.27,-4.091,3.86,0.658,-0.333,-1.628,-0.225,1.389,0.256,-0.56,-7.358,-1.248,-0.129,-1.109,1.131,6,1,0,0,1,1,0,0,1,0,0,1.5663239942747524,1.4159313019486013,1.5372946211680993,1.605327741811226,TP2,TP2,True,0.04987817030067989,0.802317516173239,0.028440233350722155,0.1193640801753591,2,43
T214,0,0,0,1.611,2,72,1,-1,-1,-1,3,50,0,-3.955823426,159,70,23,0,1,0.410079347,0,10,31,14,55,-0.719,-0.225,-0.812,-0.453,1.11,1.562,1.103,1.678,15853.496,22312.77,23972.056,-0.836,1.118,5.337,0.089,2.949051287,2.954778891,-0.005727604,-1.36,0.23,0.07,-0.07,0.04,-2.83,-1.54,-2.7,-3.842,1.915,-0.137,-1.365,0.328,0.008,-0.459,-2.917,-4.875,-7.222,-2.84,-1.292,-0.83,-0.428,6,1,0,0,1,1,0,0,1,0,0,1.7694281933611897,1.5709569621130752,1.2759745312210602,1.395975067353929,TP3,TP2,False,0.015791589994683736,0.8319701505534759,0.004759871516085866,0.14747838793575455,2,43
T216,0,0,1,3.706,3,50,1,1,-1,1,3,108,8,-3.66600874,340,134,111,0,1,0.376794378,0,5,3,5,13,0.359,-0.68,-0.153,-0.682,1.57,1.395,1.572,1.609,22424.983,19930.444,22993.451,6.222,4.476,4.641,3.338,2.017332247,4.401735057,-2.38440281,0.16,-1.43,-0.11,-0.08,-0.02,-1.02,-0.24,-1.16,1.195,5.188,2.178,1.267,-0.064,1.312,0.808,1.392,-1.973,-5.25,-0.19,2.636,1.257,1.323,6,1,0,0,1,1,0,0,1,0,0,1.882401932964283,2.5448668035486124,2.786031407298596,2.732438992836363,TP1,TP2,False,0.04512596212753852,0.9321743092240296,0.006250554542305506,0.01644917410612655,2,43
A002,0,0,0,4.381,3,57,1,1,-1,1,3,70,8,-3.967478,262,134,60,0,0,0.261300406,1,3,9,4,16,0.588,0.624,0.637,0.314,2.055,2.194,2.221,2.284,22059.99,23555.511,24517.194,1.619,6.752,6.59,4.086,4.042607109,4.265593169,-0.22298606,0.06,-1.16,0.03,-0.19,-0.02,0.05,-0.41,-0.41,-0.484,4.019,3.131,2.863,1.85,1.91,2.937,3.127,0.469,-1.213,0.896,2.65,1.594,4.069,6,1,0,0,1,1,0,0,1,0,0,2.7899893511629394,2.4906316525747987,2.8289640553193265,3.5021514488875405,TP2,TP2,True,1.9034306838794178e-05,0.9999463597475374,2.4531297062595455e-05,1.0074648561142919e-05,2,43
A004,0,0,0,2.865,2,45,1,1,-1,1,2,44,8,-7.0739864,33,19,0,1,0,0.146476691,0,5,6,0,11,-0.077,-0.732,0.129,-0.603,1.894,1.572,2.048,2.109,20331.419,16870.777,22634.52,1.807,3.317,5.124,3.74,0.829679163,4.501917816,-3.672238653,0.17,1.96,-0.05,0.33,0.04,-1.61,-0.53,-0.3,-0.785,4.554,3.266,2.446,2.62,1.88,3.462,3.631,0.635,-5.597,-1.253,2.288,0.606,1.288,6,1,0,0,1,1,0,0,1,0,0,2.4913739832964,2.3553407073494816,2.8707824295857716,3.0827831154262584,TP2,TP2,True,0.0005272917532570056,0.9463606023992065,0.0015811222823785942,0.05153098356515794,2,43
A005,1,0,0,0.0,0,27,1,1,-1,1,3,51,4,-3.5832833,269,138,68,0,1,0.507686998,1,21,35,30,86,0.672,0.582,0.664,0.499,2.233,2.252,2.367,2.346,23970.414,24177.888,25181.154,-2.354,-0.308,5.327,5.618,5.043276825,4.346703404,0.696573421,-0.59,-1.26,0.08,-0.19,-0.1,1.87,2.0,0.66,2.234,5.09,4.284,4.522,1.37,3.308,3.098,0.665,-0.468,-1.237,2.998,3.48,2.867,4.362,6,1,0,0,1,1,0,0,1,0,0,1.2462645619606247,1.3019730601254782,0.8676555242367765,1.52345125905538,TP3,TP2,False,0.004558141264881507,0.9926745846836261,0.001277108660742237,0.0014901653907500871,2,43
A007,0,0,0,2.722,2,40,1,1,-1,1,2,21,7,-6.827391,49,29,12,1,0,0.123499002,0,4,6,2,12,-0.034,-0.656,0.229,-0.339,1.923,1.755,2.08,2.186,20639.638,18835.798,23461.553,4.063,3.608,5.134,4.029,1.474393935,3.850658318,-2.376264384,0.57,-0.05,-0.04,-0.03,0.08,-1.33,-1.33,-0.38,-1.654,3.819,3.175,2.329,3.512,1.42,2.79,4.783,-0.048,-2.732,0.083,2.4,0.577,2.162,6,1,0,0,1,1,0,0,1,0,0,2.091257397357011,2.29854635623903,2.6339412586403173,2.823712050876204,TP1,TP2,False,0.0006538635768266298,0.9383514217877952,0.0008570707919268235,0.060137643843451376,2,43
A010,1,0,0,0.0,0,42,1,1,-1,-1,3,22,8,-4.2699236,136,64,38,1,1,0.291685107,0,8,14,8,30,0.225,0.171,0.481,-0.197,2.001,2.047,2.192,2.256,21483.666,21976.766,24218.342,4.223,5.166,5.367,3.912,3.913295771,4.082472133,-0.169176363,-0.45,-0.24,0.04,-0.06,0.0,0.55,-0.08,-0.59,-0.419,4.274,2.913,2.702,2.913,1.724,2.535,3.853,-1.428,-3.286,0.551,2.683,1.194,4.097,6,1,0,0,1,1,0,0,1,0,0,1.5436666938638877,1.8497204994447236,1.699785937152041,2.006417593896872,TP1,TP2,False,0.00010790124714702157,0.9967967709324833,0.0007874860724551046,0.0023078417479145577,2,43
A012,0,0,0,1.185,1,48,1,1,-1,-1,3,56,8,-3.594931,132,69,19,0,0,0.352518589,0,13,29,12,54,0.638,0.562,0.712,0.444,2.207,2.222,2.414,2.34,23693.915,23851.88,25119.744,3.949,5.457,5.02,6.064,4.46376819,4.559770293,-0.096002103,-0.1,-2.02,0.03,-0.31,-0.02,1.65,1.16,1.18,2.174,4.939,4.838,4.828,3.694,3.472,2.594,0.941,-0.391,-1.044,2.836,4.216,3.131,4.411,6,1,0,0,1,1,0,0,1,0,0,2.2063771314302882,2.3335048415429003,2.3061625700012236,2.7924010480705492,TP1,TP2,False,3.720967677918759e-05,0.9999185255756716,3.889304119212245e-05,5.371706357106277e-06,2,43
A014,0,0,0,3.677,3,63,0,1,-1,1,2,47,8,-5.0733694,25,21,22,0,0,0.162486057,0,5,8,1,14,-0.116,-0.503,-0.497,-0.62,1.914,1.836,2.021,2.174,20549.555,19703.476,23333.628,-0.835,7.804,5.688,3.354,1.898142253,4.995984077,-3.097841824,-0.34,-1.3,-0.01,-0.2,0.03,-1.19,-0.78,-0.81,-1.346,3.22,2.688,1.759,0.429,1.122,0.97,3.7,-3.504,-5.122,0.193,1.599,-0.038,0.907,6,1,0,0,1,1,0,0,1,0,0,3.1514103159332736,3.3945959767123473,3.7580946540062756,3.64360720727374,TP1,TP2,False,0.010010404405884707,0.965395020197029,0.00012200727297266909,0.024472568124113667,2,43
A017,0,0,0,1.625,2,57,1,1,-1,-1,3,26,8,-4.859264,116,65,47,0,1,0.338163615,0,9,15,5,29,-0.415,0.187,-0.392,-0.117,1.821,2.035,1.957,2.23,19545.062,21842.44,23940.294,3.885,7.253,5.896,2.105,3.664123247,4.430635574,-0.766512327,-0.59,0.35,0.08,-0.03,0.0,-0.29,-0.65,-1.84,-1.639,3.381,1.361,1.106,1.443,1.05,2.024,4.886,-0.092,-4.456,-0.546,0.819,0.076,2.591,6,1,0,0,1,1,0,0,1,0,0,2.1859080302698977,2.2494498254667663,2.1741713732124235,2.3214413039602353,TP3,TP2,False,9.147248701905224e-05,0.998507501448306,0.000816519891142918,0.000584506173532005,2,43
A023,0,0,0,1.073,1,47,1,1,-1,-1,3,34,8,-3.4648956,92,58,27,0,0,0.431404706,0,14,28,21,63,0.126,0.259,0.372,0.021,1.988,2.064,2.136,2.268,21341.057,22157.625,24345.681,1.082,6.057,7.26,4.004,3.729377229,5.301504943,-1.572127714,-0.62,0.37,0.08,-0.03,0.01,0.13,-0.18,0.24,0.834,4.62,3.852,2.917,0.655,2.118,2.017,3.78,-0.268,-2.874,0.806,3.033,1.232,3.098,6,1,0,0,1,1,0,0,1,0,0,2.0069003216201025,2.269882682371243,1.7093736583579064,2.2857516624588237,TP3,TP2,False,0.0005200637723808516,0.9978933023391348,0.0009633239782079012,0.0006233099102764721,2,43
A042,0,0,0,0.946,1,50,0,-1,-1,-1,3,22,0,-4.407352,32,17,7,1,0,0.511694128,1,3,10,2,15,0.102,0.444,0.418,0.458,1.965,2.163,2.152,2.314,21088.277,23216.108,24841.633,-1.245,-0.583,3.392,4.05,4.559614381,4.477975082,0.081639299,-0.69,1.23,0.08,0.12,-0.01,-0.23,0.79,-1.02,-2.637,4.471,2.43,2.775,4.119,2.143,4.053,7.261,-2.101,-3.923,1.539,1.54,0.674,2.907,6,1,0,0,1,1,0,0,1,0,0,1.4213889671085351,1.0971605465983902,1.3082299218587958,1.6299732581347521,TP2,TP2,True,5.568873929445225e-06,0.9979931213617698,5.915585236874488e-06,0.001995394179063917,2,43
A057,0,0,0,1.518,2,54,1,1,-1,1,2,32,8,-3.2928437,25,14,10,0,0,0.153638526,0,2,3,0,5,-0.312,-0.316,-0.623,0.201,1.858,1.959,1.942,2.251,19944.942,21025.657,24159.55,5.598,4.668,5.78,2.991,2.479851189,3.828840618,-1.348989429,-0.54,-0.89,-0.03,-0.19,0.09,-1.74,-1.63,-1.59,-0.26,3.726,1.733,1.848,1.77,0.548,3.563,1.728,-1.432,-4.827,-0.038,1.396,1.691,0.346,6,1,0,0,1,1,0,0,1,0,0,2.2437766463747555,2.235022125290703,2.262498322302203,2.61788095036626,TP2,TP2,True,0.0026667325537049814,0.992785316458804,0.00010786447298409309,0.004440086514507037,2,43
A067,0,0,0,2.926,2,39,1,1,-1,1,3,33,7,-3.7422008,76,41,39,0,0,0.2613614,0,2,14,0,16,-0.37,-0.248,-0.502,-0.329,1.849,1.938,1.916,2.198,19843.0,20804.509,23598.013,3.612,6.037,7.389,2.778,2.870601405,6.16264448,-3.292043075,-0.74,-0.66,0.05,-0.16,0.02,-1.25,-0.62,-0.55,-0.548,3.503,2.981,1.797,1.006,0.925,1.421,3.558,-1.62,-6.283,0.126,1.781,0.338,2.341,6,1,0,0,1,1,0,0,1,0,0,2.6653791682540575,2.999193830207053,3.005337021274858,3.252544950429019,TP1,TP2,False,0.014925896982788482,0.9782873897035375,0.00023076639422041608,0.006555946919453714,2,43
A102,0,0,0,3.772,3,49,1,1,-1,1,3,39,7,-3.557008,110,59,23,1,1,0.389188076,0,11,13,8,32,0.408,0.515,0.494,0.465,2.032,2.16,2.171,2.314,21816.038,23185.861,24836.315,1.47,3.127,5.61,3.706,3.820032491,4.353574721,-0.53354223,-0.91,-0.6,0.05,-0.2,0.05,0.04,-0.22,-0.51,1.621,4.778,3.023,2.941,4.273,1.976,2.364,5.029,-2.124,-2.306,1.201,2.962,1.178,3.156,6,1,0,0,1,1,0,0,1,0,0,1.840394275962605,2.053144929233253,1.7127799528435803,2.081310490565826,TP3,TP2,False,0.001447207578477472,0.9748416374618153,0.0006748432294995337,0.023036311730207683,2,43
A149,0,0,0,3.128,2,50,1,1,-1,1,2,44,8,-3.658615,87,41,8,1,0,0.301982012,0,3,6,0,9,-0.36,-0.68,-0.343,-0.437,1.857,1.676,1.991,2.158,19934.927,17995.343,23163.217,3.459,6.832,6.902,2.941,1.21228227,4.427390079,-3.215107809,-0.32,0.82,-0.02,0.11,0.05,-1.31,-0.88,-0.79,-0.324,4.17,2.711,1.814,1.802,1.177,2.951,5.097,-1.109,-4.129,-0.338,2.071,0.737,1.16,6,1,0,0,1,1,0,0,1,0,0,2.6832893503088675,3.033095876585033,3.058748113127121,3.3475214575971406,TP1,TP2,False,0.00978016831135895,0.9546091482758221,0.0015897406318232715,0.03402094278099572,2,43
A248,0,0,0,1.141,1,48,1,1,-1,-1,3,36,5,-3.77829,105,54,18,0,1,0.396386059,0,6,19,7,32,0.504,0.662,0.616,0.589,2.126,2.305,2.283,2.394,22823.283,24743.133,25694.975,-2.923,1.812,5.371,4.966,5.179385861,2.780366264,2.399019597,-0.81,-1.06,0.08,-0.24,-0.01,1.03,0.25,-0.37,1.313,4.466,3.175,3.344,3.149,2.487,2.58,-0.585,-0.541,-2.228,1.164,3.243,1.951,3.975,6,1,0,0,1,1,0,0,1,0,0,1.7500648022777576,1.072910891612053,0.8327595756941248,1.6394255579334631,TP3,TP2,False,1.885008701377932e-05,0.9964911604761938,0.00019351818784212903,0.0032964712489503794,2,43
A253,0,0,0,1.788,2,49,1,1,-1,1,2,25,7,-3.929318,19,12,10,0,0,0.373339895,0,9,6,2,17,0.614,-0.446,0.783,-0.357,2.234,1.895,2.397,2.213,23976.471,20346.268,23755.721,1.319,2.981,5.147,6.286,3.048211354,4.567470736,-1.519259382,0.92,-1.53,-0.09,-0.13,0.0,1.42,0.48,1.92,3.459,6.291,5.598,4.777,3.301,3.636,3.339,4.343,0.2,-3.541,2.343,5.024,2.988,3.72,6,1,0,0,1,1,0,0,1,0,0,0.5272910368838357,0.9521199737495194,0.7983866832356972,1.0944592636849717,TP1,TP2,False,0.0009628952671130233,0.9904213045958689,0.0006880878341114226,0.00792771230290667,2,43
A280,0,0,0,3.366,3,46,1,1,-1,1,2,56,8,-3.8205074,113,60,24,0,0,0.140250641,0,4,4,1,9,-0.629,-0.069,-0.671,-0.221,1.794,1.997,1.889,2.241,19255.948,21433.542,24054.313,6.312,6.82,6.869,2.746,2.985221288,5.090291771,-2.105070484,-1.08,0.89,0.09,-0.02,0.08,-1.87,-1.37,-0.9,-0.756,3.746,2.577,1.439,1.206,0.636,2.038,4.778,-3.53,-5.222,-1.159,1.622,-0.403,1.815,6,1,0,0,1,1,0,0,1,0,0,2.73810007303363,3.1459798885955474,3.1787348700376117,3.4238823748851175,TP1,TP2,False,0.0007513066023033829,0.9987156244108566,8.141933585987213e-05,0.00045164965098009187,2,43
A292,0,0,0,1.696,2,49,1,1,-1,-1,2,58,8,-3.6879086,29,17,18,0,0,0.250253873,0,1,6,0,7,-0.727,-0.769,-0.83,-0.687,1.565,1.472,1.593,2.103,16795.469,15804.31,22570.398,4.795,5.526,5.782,0.398,0.014029768,4.129527116,-4.115497348,-0.8,-0.02,0.0,-0.05,0.07,-2.87,-1.57,-2.53,-2.01,2.02,0.299,-0.419,-2.193,-0.777,-0.676,3.055,-3.328,-7.068,-3.955,-0.248,-3.042,-0.71,6,1,0,0,1,1,0,0,1,0,0,2.3790314100342282,2.580532791943609,2.59239680396858,2.8201253677301032,TP1,TP2,False,0.02404368077120135,0.8997173005498574,0.00028219020918737736,0.07595682846975385,2,43
A304,0,0,0,1.859,2,48,1,1,-1,-1,3,48,3,-3.2654308,100,62,9,0,1,0.50035382,0,8,29,13,50,-0.151,0.468,-0.253,0.436,1.91,2.157,1.995,2.333,20500.733,23159.453,25040.717,-1.618,0.315,5.443,3.462,4.579334546,4.001047637,0.578286908,-1.72,0.81,0.12,0.02,-0.02,-0.13,-0.39,-0.61,0.183,4.588,2.854,1.988,3.791,1.052,3.488,2.618,1.142,-5.075,-0.397,1.351,-0.222,2.159,6,1,0,0,1,1,0,0,1,0,0,1.1609792615061032,0.38411142117047686,0.17116683575325264,0.8767869168124558,TP3,TP2,False,0.00014564061713359612,0.969342965809168,0.004666113083703833,0.025845280489994613,2,43
A332,0,0,0,3.233,2,46,0,1,-1,1,2,60,8,-4.262513,15,10,7,1,0,0.160713418,1,4,7,0,11,-0.49,-0.803,-0.508,-0.6,1.822,1.529,1.956,2.134,19559.944,16416.456,22910.788,1.307,4.439,6.743,3.396,0.658067247,4.829245437,-4.17117819,-0.2,0.17,0.01,0.02,0.01,-1.77,-0.77,0.04,-0.455,3.586,3.634,2.042,0.214,1.82,1.335,6.356,-1.348,-3.599,0.404,2.02,0.358,0.71,6,1,0,0,1,1,0,0,1,0,0,2.941754745250736,3.2310000352196155,3.7696865529079213,3.8668885131614372,TP1,TP2,False,0.020371847921929243,0.808569928518403,0.00034146461306601753,0.17071675894660163,2,43
A354,0,0,0,3.298,3,48,1,1,-1,1,2,21,8,-3.767925,24,14,2,0,0,0.277264442,0,7,11,3,21,-0.709,-0.034,-0.797,-0.191,1.622,1.977,1.697,2.224,17411.053,21226.921,23874.241,4.09,5.86,6.236,1.419,3.324847782,5.420570177,-2.095722396,-0.86,0.73,0.07,0.01,0.05,-2.16,-1.4,-2.29,-4.635,2.87,0.645,0.184,-1.297,-0.326,1.731,4.694,-2.655,-7.279,-4.385,-0.117,-1.201,0.482,6,1,0,0,1,1,0,0,1,0,0,3.0711519593697236,3.4719811860991068,3.166802488702019,3.407563548673097,TP1,TP2,False,0.004250286559082795,0.994264524383192,0.00015122792769030138,0.0013339611300348985,2,43
A359,1,0,0,0.0,0,54,1,1,-1,1,3,23,3,-3.7284383,144,78,33,0,1,0.673810745,0,11,18,9,38,0.559,0.485,0.516,0.337,2.133,2.181,2.207,2.31,22893.275,23410.199,24795.498,-1.448,2.749,5.177,3.627,5.014147539,4.091313888,0.922833651,-0.95,-0.19,0.1,-0.03,-0.1,1.09,0.34,-0.45,0.814,4.613,3.091,2.517,1.389,2.324,2.516,1.129,0.51,-4.244,-0.005,2.692,1.187,2.902,6,1,0,0,1,1,0,0,1,0,0,1.5145108428950356,1.2591919907167166,0.9572153249364305,1.4645231769326235,TP3,TP2,False,0.0006090259335435541,0.9837635444731277,0.0006239016780176633,0.015003527915311175,2,43
A398,0,0,0,3.467,3,50,0,1,-1,1,2,46,8,-4.3015813,20,15,2,1,0,0.13515221,0,2,6,0,8,-0.521,-0.782,-0.512,-0.492,1.809,1.553,1.957,2.135,19418.756,16673.453,22917.628,3.64,5.251,6.954,3.357,0.972370178,4.764021388,-3.791651209,-0.83,1.28,0.03,0.13,0.05,-1.22,-0.85,-0.5,0.002,3.785,3.034,2.1,0.867,1.262,1.177,5.13,-1.467,-6.674,-0.629,1.952,0.621,2.315,2,1,0,0,0,0,0,0,0,0,1,3.0273865420225605,3.341440578151744,3.637605424417609,3.6198147669156606,TP1,TP4,False,0.0065117151023576835,0.44225349289362215,0.0004697635210784575,0.5507650284829417,2,43
A419,0,0,0,2.645,2,52,0,1,-1,1,2,30,8,-4.3875174,64,37,17,0,0,0.238990012,0,4,7,3,14,-0.117,-0.377,0.22,-0.572,1.951,1.97,2.108,2.208,20947.222,21147.059,23703.517,2.211,5.662,4.522,3.584,2.637564074,4.496545044,-1.85898097,0.18,0.5,0.03,0.03,0.04,-1.33,-1.09,-0.48,0.271,4.062,3.054,2.05,0.338,1.313,1.734,3.348,-2.175,-6.913,-0.022,2.789,0.445,2.166,6,1,0,0,1,1,0,0,1,0,0,2.6480750023843385,3.052273288096621,3.0272463108410292,3.13721922468119,TP1,TP2,False,0.0002365508958116262,0.9799263889212001,4.614175959102918e-05,0.019790918423397145,2,43
A463,0,0,0,1.217,1,48,1,1,-1,-1,3,21,8,-4.074614,52,27,26,0,1,0.323486358,0,6,7,4,17,0.472,0.218,0.432,0.303,2.067,2.036,2.174,2.269,22182.684,21851.099,24361.506,5.155,4.759,6.097,3.992,3.674381673,4.50797251,-0.833590837,-0.57,-0.58,0.02,-0.09,-0.01,0.37,-0.18,0.16,0.386,5.079,3.757,3.137,2.394,2.286,2.835,4.302,-0.572,-1.68,1.896,3.3,1.696,3.867,6,1,0,0,1,1,0,0,1,0,0,1.9218079673564337,1.9574419042914972,1.8168959616992901,2.185338799231634,TP3,TP2,False,0.0001075450229958737,0.9987365254712878,0.0002936859338247999,0.0008622435718915047,2,43
A476,0,0,0,2.126,2,36,1,1,-1,1,2,33,8,-4.5464367,37,18,42,0,0,0.315726418,1,4,15,3,22,0.133,0.131,-0.247,-0.321,1.98,2.01,2.019,2.217,21258.253,21577.621,23803.036,3.126,6.445,6.475,3.624,3.350323489,5.491409062,-2.141085573,-0.62,-0.48,0.05,-0.14,0.02,-0.27,-0.74,-1.0,1.177,4.481,2.438,2.419,1.805,1.571,1.77,4.134,-2.218,-2.189,0.592,2.724,0.851,2.846,5,1,0,0,1,1,0,0,1,0,0,2.794254497856528,3.1501793593600587,3.1835969160513358,3.5391570208524534,TP1,TP2,False,0.004441298051310366,0.9951814039966259,5.5213960730831635e-05,0.0003220839913329474,2,43
A524,0,0,0,3.233,2,49,1,1,-1,1,2,51,8,-4.3377627,84,45,19,1,0,0.191741168,1,4,6,0,10,0.213,-0.405,0.192,-0.257,1.983,1.887,2.058,2.211,21288.127,20257.141,23729.78,-0.761,4.883,6.145,3.361,2.322623341,5.247790404,-2.925167063,0.1,-0.42,-0.12,0.06,0.01,-1.08,-0.54,-0.84,-2.077,4.682,2.639,2.168,1.623,1.515,4.074,3.97,0.042,-4.97,-0.721,2.374,0.245,2.626,6,1,0,0,1,1,0,0,1,0,0,2.380683788848569,2.344655322644923,2.5746994805432304,3.002962400079591,TP2,TP2,True,0.0021023220105479577,0.9956795365617916,0.000696054636259565,0.0015220867914008634,2,43
A530,0,0,0,2.025,2,45,1,1,-1,-1,3,28,7,-3.2068948,83,42,18,0,1,0.637201551,0,7,13,5,25,0.586,-0.719,0.564,-0.34,2.099,1.63,2.243,2.168,22532.717,17495.46,23277.079,1.651,6.144,5.983,4.053,0.59884803,3.542538614,-2.943690584,0.13,-1.43,-0.07,-0.14,0.0,0.03,-0.27,-0.09,0.888,4.305,3.495,2.632,1.54,1.871,2.554,6.286,-1.557,-5.915,0.833,2.792,1.293,3.845,6,1,0,0,1,1,0,0,1,0,0,1.81084789366531,2.3987553343441035,1.6431682961361271,1.8540746727404032,TP3,TP2,False,0.0044986249747826276,0.924761214861095,0.0015258447163033362,0.06921431544781906,2,43
A538,0,0,0,3.593,3,56,1,1,-1,1,2,36,8,-3.169434,33,16,26,0,0,0.307718769,0,9,10,5,24,0.382,0.003,-0.128,-0.059,1.988,1.952,2.0,2.192,21337.418,20949.634,23535.044,-2.063,6.857,5.365,3.563,3.175250914,5.43277705,-2.257526136,-0.34,-0.93,-0.01,-0.14,0.0,-0.81,-0.44,-0.49,-2.324,4.37,3.029,2.052,1.999,1.605,3.819,3.646,-0.938,-6.352,-0.257,2.18,0.588,1.446,6,1,0,0,1,1,0,0,1,0,0,2.6810981829298384,2.613489214046285,2.4257225525646953,2.800772258527352,TP3,TP2,False,0.002579509521586015,0.9963982674565669,0.00021060774631715556,0.0008116152755298333,2,43
A565,0,0,0,2.37,2,35,1,1,-1,-1,3,30,5,-4.0813316,26,14,0,0,1,0.0,0,0,0,0,0,0.342,-0.661,0.477,-0.486,2.049,1.718,2.199,2.182,21993.163,18444.321,23420.833,0.427,3.685,5.294,4.918,1.376476646,4.230769398,-2.854292752,-0.64,-1.65,-0.09,-0.18,0.03,-0.39,-0.51,0.51,1.495,5.002,4.132,3.717,2.706,2.182,2.867,3.418,0.954,-1.872,1.53,3.123,1.13,1.009,3,1,0,0,0,0,0,0,0,0,1,1.7516020096291784,1.2203535567687978,1.4824110162985211,2.00490254783162,TP2,TP4,False,0.0015040856461804965,0.2806894842465006,0.0008121390700258117,0.7169942910372932,2,43
A581,0,0,0,1.916,2,53,1,-1,-1,-1,2,34,0,-4.5693983,46,27,10,0,0,0.150315527,0,1,3,0,4,-0.218,-0.112,0.162,0.238,1.909,1.929,2.039,2.252,20488.409,20707.619,24176.202,0.597,0.316,5.21,3.49,3.517262332,4.713586168,-1.196323837,-1.24,0.86,0.04,0.06,0.03,-0.69,-0.45,-0.94,1.263,5.507,2.528,2.101,3.831,1.653,4.058,1.215,0.435,-4.894,-0.196,2.518,0.446,2.915,6,1,0,0,1,1,0,0,1,0,0,0.9799476203952899,0.20690883164068935,0.3760791996072347,0.8122312957637725,TP2,TP2,True,0.00015170601815949345,0.9579831490659718,0.000429580072255333,0.0414355648436133,2,43
A637,0,0,0,0.947,1,65,1,-1,-1,1,3,38,0,-3.2755877,151,70,46,0,1,0.661300329,1,9,22,10,41,0.223,0.678,0.093,0.564,1.983,2.311,2.079,2.371,21288.331,24812.389,25447.508,-1.204,0.235,6.109,3.41,5.980248183,3.871326955,2.108921228,-1.35,0.6,0.13,-0.03,-0.02,0.81,0.99,-0.88,-0.489,4.753,2.613,2.184,3.845,1.664,2.942,3.205,0.109,-5.648,0.165,1.722,0.745,3.878,6,1,0,0,1,1,0,0,1,0,0,1.051395602608249,0.43353195070704426,0.3266245124625634,0.8005430499883925,TP3,TP2,False,0.00024314011932078376,0.9937444809019791,0.0009522062200802954,0.005060172758619807,2,43
A665,0,0,0,1.437,2,55,1,1,-1,-1,2,40,8,-4.2098955,60,37,10,0,0,0.244228168,0,6,6,0,12,0.351,0.55,-0.16,0.243,1.997,2.151,2.03,2.287,21439.745,23087.879,24551.66,4.138,8.511,6.32,3.55,4.146680517,5.744134728,-1.597454211,-1.24,-0.41,0.06,-0.14,0.01,-0.53,-0.18,-0.24,-0.739,4.58,3.317,1.983,1.381,1.623,1.672,3.301,-2.341,-4.952,-0.841,2.783,1.123,2.532,6,1,0,0,1,1,0,0,1,0,0,2.5446173680694817,2.567638746472773,2.7374401629279648,3.0093169821587136,TP1,TP2,False,0.00012284945909605397,0.9998402274063002,2.270849276457161e-05,1.4214641839292548e-05,2,43
A734,0,0,0,1.537,2,46,1,1,-1,-1,2,33,8,-4.279512,75,29,9,1,0,0.083559309,0,3,3,4,10,0.273,0.297,-0.009,-0.081,1.969,1.997,2.0,2.201,21139.333,21438.502,23631.468,2.394,5.263,6.608,2.081,3.564338518,5.829256695,-2.264918178,-0.37,-1.25,-0.04,-0.15,0.0,-0.31,-0.59,-1.37,-2.625,4.857,2.015,1.069,0.42,0.764,3.133,0.632,-0.653,-3.454,-0.219,1.117,-0.555,2.944,6,1,0,0,1,1,0,0,1,0,0,1.6666732127429882,1.6645821801353227,1.8323929704251987,2.255563318108722,TP2,TP2,True,0.003308430824727159,0.9956506444468132,0.0004490849460730414,0.000591839782386708,2,43
A767,0,0,0,1.636,2,57,1,1,-1,-1,3,21,3,-4.639152,266,139,58,0,1,0.537662304,1,12,30,18,60,0.059,-0.198,0.26,-0.389,1.966,1.963,2.089,2.217,21104.636,21071.81,23793.893,1.046,2.281,6.199,3.266,3.735847915,3.321125508,0.414722407,-0.47,0.2,0.07,0.03,-0.06,0.56,-0.02,-0.97,-2.063,3.849,2.502,1.8,2.204,0.924,2.657,3.497,0.512,-7.213,-0.455,1.107,0.218,2.8,6,1,0,0,1,1,0,0,1,0,0,0.7904402326276583,0.5253087483705688,0.5131895834392459,0.8367182774907878,TP3,TP2,False,0.00020101246138862623,0.9831150902001313,0.011485428060828416,0.0051984692776516845,2,43
T185,1,1,0,0.0,0,35,1,1,1,-1,3,33,3,-3.312091596,162,71,34,0,1,0.310181997,0,13,13,8,34,-0.603,0.157,-0.529,-0.385,1.333,1.579,1.432,1.675,19047.742,22556.459,23927.819,0.721,0.755,11.27,2.058,3.415859864,4.831610042,-1.415750178,-0.65,0.24,0.03,0.01,0.0,-1.1,-0.81,-1.69,-0.767,3.891,1.502,0.752,-1.019,0.241,0.781,-1.523,-2.387,-6.996,-1.044,0.789,-0.203,0.276,7,1,0,0,1,1,1,1,0,0,0,1.249183027215242,1.2781362751061904,0.6570848465683942,1.2539936286154978,TP3,TP1,False,0.963620874138704,0.015066373004352651,0.014147163372204894,0.007165589484738499,2,43
T186,1,1,0,0.0,0,59,1,-1,1,1,2,31,0,-3.316680922,122,63,4,1,1,0.224818283,0,10,15,5,30,0.387,-0.114,0.446,-0.438,1.604,1.57,1.709,1.688,22922.301,22428.001,24110.094,-1.038,-0.049,9.939,4.459,3.179686802,4.301734332,-1.12204753,0.17,-1.74,-0.12,-0.14,-0.01,-0.11,0.35,-0.37,2.725,5.989,3.112,2.979,1.591,2.047,2.406,-1.364,-0.954,-5.528,0.854,3.225,1.953,1.422,7,1,0,0,1,1,1,1,0,0,0,1.2303762408414853,1.2101190095804444,0.938254501015718,1.2606902003904672,TP3,TP1,False,0.9701348952005294,0.0005638920840106942,0.015218828047952028,0.014082384667507776,2,43
T187,0,1,0,1.271,1,59,1,-1,1,1,3,18,0,-3.717039868,159,69,29,0,0,0.399803081,0,11,30,12,53,0.429,-0.283,0.346,-0.471,1.584,1.539,1.682,1.664,22630.398,21980.86,23773.649,-2.962,1.482,11.512,4.771,3.107285154,4.113504298,-1.006219144,-0.11,-1.62,-0.06,-0.14,-0.04,0.17,0.26,-0.13,0.29,5.44,3.375,2.972,2.515,2.28,2.535,0.49,-2.092,-1.443,1.005,2.632,1.672,1.37,4,1,0,0,1,1,1,1,0,0,0,2.0912749573083333,1.975377952543049,1.5833541275785357,2.174313915909343,TP3,TP1,False,0.9884059869162997,0.0013712128061769597,0.0084965802707081,0.0017262200068152813,2,43
T188,1,1,0,0.0,0,76,1,1,1,-1,2,60,4,-3.804741411,272,127,47,1,0,0.456585263,0,11,32,17,60,-0.572,-0.121,-0.519,-0.497,1.358,1.589,1.454,1.674,19406.281,22698.272,23909.996,-2.165,0.184,8.893,2.431,3.627961172,4.008441251,-0.380480079,-0.61,-1.12,-0.03,-0.13,-0.01,-1.05,-0.52,-1.85,-2.754,4.046,1.256,0.981,0.37,0.592,0.934,0.664,-1.553,-6.049,-0.559,1.148,0.289,1.213,4,1,0,0,0,0,1,0,0,1,0,1.5465082728411699,1.578329817020323,1.5732712104393536,1.8023416453575107,TP1,TP3,False,0.16365045581754759,0.018280254776420743,0.8139852632115226,0.0040840261945090505,2,43
T190,1,1,0,0.0,0,55,1,-1,1,-1,2,24,2,-3.103020701,553,226,160,0,1,0.254328117,0,8,15,7,30,0.425,-0.272,0.531,-0.517,1.638,1.558,1.757,1.674,23394.972,22256.71,23923.193,-0.209,1.305,10.191,5.215,3.1625986,4.797027108,-1.634428508,0.67,-2.76,-0.21,-0.17,-0.03,-0.14,0.25,1.04,2.264,6.559,4.619,3.332,3.256,3.061,3.556,1.365,-0.469,-2.0,1.645,4.115,2.795,1.226,4,1,0,0,0,0,1,0,0,1,0,0.21960175762999612,0.22109167897352566,-0.03827712600601765,0.3087220508553,TP3,TP3,True,0.13802796323525493,0.001599215155553856,0.8525485756301832,0.007824245979008113,2,43
T193,0,0,0,2.062,2,48,1,1,1,-1,3,60,8,-3.696416533,118,41,20,0,1,0.210341122,0,12,22,18,52,-0.728,-0.472,-0.846,-0.472,1.154,1.471,1.114,1.668,16489.989,21012.215,23836.549,4.719,5.379,6.725,1.255,2.787236521,5.657549582,-2.870313061,-1.19,-0.14,0.03,-0.11,0.06,-3.18,-1.24,-2.18,-4.102,3.234,0.79,-0.584,0.0,-0.099,0.085,-1.063,-2.503,-7.403,-1.806,-0.296,-2.623,-1.681,7,0,1,1,0,1,1,1,0,0,0,2.0211893029559573,2.126517266413617,2.1087069910184595,2.2483047011491157,TP1,TP1,True,0.9459897879556577,0.036845384382969006,0.015171976285903966,0.001992851375469327,2,43
T196,1,1,0,0.0,0,58,1,1,1,1,3,43,8,-4.059252546,181,76,60,0,0,0.216415773,0,3,23,11,37,-0.788,0.302,-0.879,-0.302,1.046,1.64,1.048,1.708,14944.395,23435.887,24397.029,-1.659,7.454,9.53,-0.68,3.587597391,5.028907608,-1.441310217,-0.88,0.34,0.03,-0.03,0.07,-3.82,-2.31,-3.19,-3.942,1.989,-1.483,-2.627,-0.56,-1.133,0.858,0.656,-4.172,-7.366,-3.775,-2.282,-2.846,-0.746,7,0,1,1,0,1,1,1,0,0,0,1.8152256349475941,1.5838442090364149,1.316418719918224,1.9046508260943258,TP3,TP1,False,0.9227393518094242,0.06976703644876146,0.006882447969461121,0.0006111637723531327,2,43
T197,0,0,0,1.543,2,62,1,1,1,-1,3,21,8,-4.506213774,103,36,17,1,0,0.168124561,0,2,4,0,6,-0.618,-0.592,-0.693,-0.672,1.227,1.445,1.193,1.612,17528.606,20637.722,23023.688,2.255,5.755,10.175,0.122,2.010624551,3.720853853,-1.710229302,0.01,-0.91,-0.06,-0.1,0.03,-3.08,-1.45,-3.33,-3.407,2.745,-2.761,-2.068,-2.075,-1.291,0.601,-2.698,-2.79,-5.148,-3.365,-1.98,-2.299,-1.321,7,1,0,0,1,1,1,1,0,0,0,1.170419864373378,1.1306886875905493,1.2407490620869015,1.6928483829223198,TP2,TP1,False,0.9784077732348263,0.01709375113469085,0.0026312908028342952,0.0018671848276486263,2,43
T204,1,1,0,0.0,0,55,1,-1,1,-1,2,20,0,-3.924618631,559,228,130,0,0,0.511475517,0,5,17,2,24,-0.575,-0.025,-0.647,-0.282,1.293,1.568,1.387,1.682,18472.227,22401.564,24024.598,-2.2,4.629,10.484,1.847,2.963166789,4.910284202,-1.947117413,-0.84,-1.02,-0.04,-0.16,0.04,-2.27,-1.47,-2.24,-2.283,3.807,0.673,0.338,0.03,0.259,1.506,1.012,-3.613,-7.414,-1.234,0.951,-0.729,-0.038,7,1,0,0,1,1,1,1,0,0,0,0.5330745687446911,0.7374689934265533,0.2513742357053553,0.4520979040294174,TP3,TP1,False,0.8819176411359556,0.016203063015760234,0.07444589653411766,0.027433399314166527,2,43
T205,0,0,0,2.303,2,53,1,1,1,-1,3,15,3,-3.628473125,58,26,19,0,1,0.403673599,0,13,21,17,51,-0.662,-0.614,-0.813,-0.553,1.277,1.418,1.27,1.652,18247.675,20264.924,23596.227,4.332,4.792,9.439,2.474,2.608048068,4.396220439,-1.788172371,-1.05,-0.32,-0.02,-0.09,0.06,-2.62,-1.31,-1.71,0.202,4.587,1.449,1.1,-0.56,0.703,0.284,-0.015,-2.465,-4.813,-1.328,1.983,-0.163,-0.323,7,0,1,1,0,1,1,1,0,0,0,0.16590449000228452,0.65136182902153,0.05582793481598525,0.22015021933904852,TP3,TP1,False,0.960318857519834,0.0030421800588988903,0.018319424873739835,0.018319537547527274,2,43
T206,0,1,0,1.331,1,55,1,1,1,-1,3,36,8,-4.640040532,125,50,9,0,1,0.276452734,0,4,23,15,42,-0.556,-0.388,-0.594,-0.566,1.332,1.501,1.34,1.63,19027.834,21447.797,23283.873,4.136,5.235,9.221,2.154,4.174804083,5.018694901,-0.843890818,-0.54,0.06,-0.06,0.09,0.0,-1.74,-0.37,-1.91,-2.553,5.178,1.168,0.69,1.001,1.017,3.066,4.663,-1.07,-5.223,-2.724,1.193,-0.807,2.359,4,1,0,0,0,0,1,0,0,1,0,1.799400202899106,2.0322383461640157,1.9009355868943778,2.10313880055187,TP1,TP3,False,0.17626967165465499,0.03924841702243992,0.7839311883309236,0.0005507229919815923,2,43
T207,1,1,0,0.0,0,61,1,-1,1,1,3,97,0,-3.82360593,204,92,15,0,0,0.432253389,1,16,26,14,56,-0.251,0.457,-0.287,0.219,1.336,1.544,1.374,1.636,19081.872,22054.448,23379.901,-1.269,1.25,10.747,2.077,3.712787663,4.179430223,-0.466642561,-0.69,0.32,0.0,0.05,0.0,-1.72,-0.72,-1.81,-1.365,6.021,1.122,0.141,-2.686,-0.095,0.174,2.772,-2.379,-6.96,-1.658,1.897,0.228,3.049,7,1,0,0,1,1,1,1,0,0,0,1.300850427354402,1.5470015950100202,0.9736941074914216,1.3912704021215148,TP3,TP1,False,0.9389004557030818,0.043456367186989794,0.016827832086525288,0.0008153450234032287,2,43
T209,1,1,0,0.0,0,55,1,1,1,-1,3,60,5,-5.043132153,130,45,19,0,0,0.273259908,0,5,15,15,35,-0.76,-0.6,-0.887,-0.693,1.099,1.406,1.073,1.592,15705.013,20084.148,22747.69,1.89,1.915,10.439,1.061,2.575944427,4.372911687,-1.79696726,-0.41,-0.56,-0.02,-0.1,0.05,-3.54,-1.78,-2.2,-1.317,3.08,0.744,-0.269,-0.606,-0.115,0.699,-0.378,-3.93,-7.468,-1.616,-0.069,-2.423,0.282,7,1,0,0,1,1,1,1,0,0,0,0.43832882695740455,0.6644485330483925,0.6207831695532018,0.9024290045618044,TP1,TP1,True,0.9367716661010607,0.033007344976889896,0.027000996316985753,0.003219992605063775,2,43
T210,1,1,0,0.0,0,48,1,1,1,-1,2,23,3,-4.298068302,83,39,32,1,0,0.065527027,0,1,5,0,6,-0.807,-0.458,-0.872,-0.517,0.954,1.449,0.912,1.621,13624.828,20705.247,23153.23,1.484,2.966,11.224,-0.648,3.411614752,4.3587682,-0.947153448,-1.32,0.85,0.03,0.06,0.05,-3.65,-2.04,-3.19,-3.982,2.626,-1.455,-1.739,-1.935,-0.597,0.752,0.954,-3.924,-6.889,-5.785,-2.009,-2.326,0.379,7,1,0,0,1,1,1,1,0,0,0,0.6473982565053907,0.5783739171268303,0.4638120124580086,0.8896940596440353,TP3,TP1,False,0.9450775527692238,0.030725986437575643,0.01693939879963946,0.007257061993561145,2,43
T213,1,1,0,0.0,0,50,1,-1,1,1,3,18,0,-2.79471863,87,47,7,1,1,0.296527441,1,6,20,13,39,-0.503,-0.396,-0.644,-0.501,1.384,1.541,1.394,1.672,19773.538,22018.09,23886.701,-1.261,0.264,9.827,1.591,3.246470374,3.103918841,0.142551533,0.04,-1.01,-0.01,-0.14,0.0,-2.15,-0.55,-2.17,-0.059,3.478,0.779,0.091,-1.009,0.235,0.888,0.037,-1.245,-4.459,-1.575,1.141,-0.151,1.723,7,1,0,0,1,1,1,1,0,0,0,1.010182643351543,1.0854523671685818,0.6078843565034739,1.1861065947393263,TP3,TP1,False,0.9181550188166345,0.0012360205325732583,0.007259406096414255,0.07334955455437803,2,43
T215,1,1,0,0.0,0,33,1,-1,1,-1,3,29,0,-3.501901475,196,86,87,0,0,0.581378073,0,22,37,23,82,0.009,0.161,-0.11,-0.462,1.517,1.641,1.577,1.691,21675.333,23451.147,24159.382,0.424,1.154,8.789,3.132,4.180658851,3.634218203,0.546440648,-0.62,-0.9,0.0,-0.08,-0.04,-0.16,0.55,-0.93,0.068,4.619,2.441,2.071,0.271,1.45,1.748,-1.402,-1.679,-2.223,0.424,2.102,1.492,1.648,7,1,0,0,1,1,1,1,0,0,0,1.2406681490430238,1.621122307072533,0.8184750125764405,1.3985857416020135,TP3,TP1,False,0.9718339137567756,0.015335682689260655,0.011775762833728722,0.0010546407202349888,2,43
T217,0,1,0,1.004,1,61,1,1,1,-1,2,25,7,-3.651364875,177,74,67,1,0,0.292553961,0,9,17,6,32,0.277,-0.249,-0.098,-0.576,1.558,1.545,1.568,1.643,22261.026,22077.442,23472.801,3.884,6.85,9.492,3.377,3.483856926,4.852187651,-1.368330725,0.09,-1.97,-0.14,-0.12,-0.03,-0.91,-0.17,-1.29,1.893,5.626,2.007,1.88,1.232,1.417,3.399,1.643,-1.941,-3.86,0.218,2.812,1.383,2.589,7,1,0,0,1,1,1,1,0,0,0,0.8242025381162029,1.4203024031721831,1.2461302854156524,1.4203909079435153,TP1,TP1,True,0.9065936348614103,0.028739200852163218,0.06458337692948257,8.378735694402957e-05,2,43
T218,0,0,0,3.072,2,40,1,1,1,1,3,34,8,-3.607653008,67,33,11,1,1,0.252727084,0,9,13,6,28,-0.613,-0.409,-0.698,-0.492,1.312,1.51,1.328,1.665,18738.522,21566.504,23793.166,3.272,6.405,5.784,1.321,3.205838073,4.825693524,-1.619855451,-0.89,-0.25,-0.02,-0.03,0.01,-1.44,-1.06,-2.18,-2.634,4.083,0.702,0.332,-0.919,0.15,1.591,1.377,-2.838,-5.677,-0.463,0.54,-0.604,0.146,7,1,0,0,1,1,1,1,0,0,0,2.616838515850251,3.1957134851043585,3.0212473102703323,3.12689275545493,TP1,TP1,True,0.959642442257325,0.030756596601999187,0.003648361379957896,0.005952599760717935,2,43
T177,0,1,0,1.014,1,49,1,1,-1,-1,3,35,8,-3.842312436,146,89,26,0,0,0.319808818,0,9,30,19,58,-0.588,-0.291,-0.724,-0.555,1.255,1.551,1.235,1.645,17931.089,22165.373,23502.919,4.198,6.027,6.08,0.975,3.34557227,3.944710554,-0.599138283,-0.61,-0.24,-0.02,-0.01,0.02,-2.17,-0.78,-2.45,-5.092,3.339,0.035,-1.346,-0.443,-0.361,1.77,0.707,-2.512,-5.931,-3.464,-0.551,-1.288,0.268,7,1,0,0,1,1,0,0,1,0,0,2.041658653121028,2.356514200539406,2.146264052514991,2.5061304662210344,TP1,TP2,False,0.021232575782677687,0.9743833133691613,0.0039039727951941075,0.0004801380529670189,3,44
T179,1,1,0,0.0,0,57,1,1,-1,1,3,12,6,-3.491669617,67,23,15,0,1,0.52915936,0,5,19,11,35,0.622,0.48,0.636,0.222,1.67,1.691,1.766,1.746,23865.905,24164.468,24943.247,-3.106,2.85,5.02,5.209,4.831343569,3.820626177,1.010717392,-0.57,-1.65,-0.06,-0.16,-0.04,0.86,0.82,0.12,1.779,6.099,3.633,3.574,1.987,2.64,2.984,-1.379,-0.533,-2.572,1.284,3.475,2.633,1.889,6,1,0,0,1,1,0,0,1,0,0,2.302435697151637,1.9291204344629005,1.7211673724136016,2.2919231297799643,TP3,TP2,False,0.032488473013476876,0.8597643392301858,0.006125071216097803,0.10162211654023938,3,44
T182,0,1,0,1.102,1,39,1,1,-1,-1,3,29,8,-3.451055872,49,20,56,0,0,0.195487734,0,7,10,7,24,-0.63,0.133,-0.652,-0.431,1.324,1.61,1.403,1.703,18915.927,23007.751,24335.642,1.658,6.325,6.024,1.64,3.220976545,3.721792269,-0.500815723,-0.66,-0.25,0.01,-0.08,0.04,-2.15,-1.15,-2.17,-2.064,3.372,0.773,0.01,-1.038,-0.423,0.247,-0.723,-3.789,-7.113,-1.512,0.109,-0.482,-1.056,6,1,0,0,1,1,0,0,1,0,0,2.0554552488827103,2.058478404686812,1.8887626684460361,2.472681536532328,TP3,TP2,False,0.01228327711067576,0.9847006436069372,9.435668527701825e-05,0.0029217225971099434,3,44
T183,0,0,0,3.093,2,58,1,1,-1,1,3,59,8,-3.944314469,361,155,62,0,0,0.311916754,1,8,24,11,43,-0.686,0.065,-0.798,-0.486,1.144,1.62,1.066,1.689,16346.261,23149.843,24133.836,-1.417,7.011,6.592,-0.283,3.029618327,4.382125851,-1.352507523,-0.76,-0.53,0.02,-0.13,0.05,-3.55,-2.07,-3.21,-5.882,1.792,-1.697,-2.773,-1.488,-1.447,-0.037,-1.146,-3.648,-7.564,-5.692,-1.957,-3.832,-1.889,6,1,0,0,1,1,0,0,1,0,0,2.1429333129988817,2.0794633211597287,2.111740279231665,2.5936701046363835,TP2,TP2,True,0.05450520113871494,0.9435319246944985,0.0005747938815394214,0.0013880802852470817,3,44
T184,0,0,0,1.41,2,53,1,-1,-1,1,3,43,0,-3.837849823,275,111,59,1,0,0.509950682,0,14,27,25,66,-0.579,0.446,-0.637,0.098,1.152,1.627,1.215,1.666,16457.168,23248.185,23801.602,-3.304,-0.406,6.643,0.55,4.597681093,3.731863168,0.865817925,-0.8,-0.44,0.06,-0.15,0.02,-3.53,-2.17,-2.4,-2.307,4.466,-0.389,-2.515,-2.602,-1.952,-1.697,-0.588,-3.644,-7.557,-2.287,1.571,-2.22,0.068,4,1,0,0,0,0,0,0,0,0,1,1.1958432010676618,1.7405766260922044,0.9970746719957844,1.3634375027762093,TP3,TP4,False,0.06145879366536031,0.04465100558252133,0.0016964558591691175,0.8921937448929492,3,44
T189,0,0,1,3.395,3,39,1,1,-1,1,3,52,8,-3.853311033,840,342,137,0,0,0.333798182,0,11,13,8,32,0.036,-0.555,0.228,-0.655,1.522,1.434,1.626,1.603,21741.694,20487.338,22906.097,0.138,0.588,4.384,3.2,2.873665562,4.541716136,-1.668050574,0.24,-0.51,-0.11,0.12,-0.06,0.27,0.65,-1.44,-2.124,5.444,1.82,1.456,3.174,1.581,2.639,1.025,-1.563,-3.97,-0.343,2.218,0.813,2.215,6,1,0,0,1,1,0,0,1,0,0,2.234661944943788,2.5956332261167216,2.614698962121548,2.9432689175369817,TP1,TP2,False,0.003074014115615135,0.9484558986306323,0.025269903938713183,0.02320018331503942,3,44
T191,0,0,1,3.536,3,60,0,1,-1,1,2,58,8,-3.834474131,232,103,53,0,0,0.357497927,0,8,27,25,60,0.407,-0.457,0.652,-0.557,1.639,1.506,1.825,1.652,23413.105,21510.549,23607.102,3.383,5.232,5.69,5.582,2.892490145,4.846769618,-1.954279473,0.55,-3.33,-0.26,-0.13,-0.1,0.88,2.08,0.66,0.931,6.76,4.223,3.835,4.867,3.277,3.897,4.742,-0.374,-1.138,1.529,3.639,2.826,0.467,7,0,1,1,0,1,1,1,0,0,0,1.2232685852930834,1.532340591296326,2.149576153177677,2.175580870210012,TP1,TP1,True,0.8111593657594194,0.13165072440057504,0.05621915096897369,0.0009707588710319841,3,44
T192,0,0,0,1.5,2,32,1,1,-1,1,3,27,8,-3.445286445,113,50,14,0,0,0.252283258,0,10,11,10,31,-0.642,0.194,-0.764,-0.403,1.301,1.598,1.291,1.682,18583.736,22832.593,24028.632,3.552,5.56,5.223,1.274,3.411623701,4.544771343,-1.133147642,-0.77,0.09,0.0,-0.02,0.05,-2.45,-1.49,-2.44,-1.741,3.457,0.277,0.123,-1.075,-0.103,-0.649,1.624,-4.221,-5.828,-0.645,0.487,-1.219,-0.051,6,0,1,1,0,1,0,0,1,0,0,2.1672230168932884,2.8449816680125717,2.389259698639766,2.808759199267763,TP1,TP2,False,0.07284283819101983,0.9158558910214883,9.209967179227392e-05,0.011209171115699487,3,44
T194,0,0,0,3.061,2,43,1,1,-1,1,3,50,8,-3.931041192,82,33,28,0,1,0.350404122,0,8,15,4,27,-0.193,0.075,-0.55,-0.3,1.391,1.587,1.305,1.683,19870.835,22676.92,24048.918,3.708,5.989,6.478,0.321,3.853877012,5.083187852,-1.22931084,-1.26,-1.09,0.01,-0.15,-0.02,-1.17,1.13,-3.03,-5.391,2.981,-1.028,-1.312,-2.736,-0.841,-0.725,-0.087,-3.823,-6.59,-2.104,-1.595,-2.591,-1.575,7,1,0,0,1,1,1,1,0,0,0,2.6720314974110377,2.7813936617850694,2.994525501352768,3.1598089080602536,TP1,TP1,True,0.8447981926660724,0.15468210024472095,0.00010904714244680799,0.0004106599467598218,3,44
T195,0,1,0,1.341,1,74,1,-1,-1,-1,3,40,0,-3.711672496,379,183,60,1,1,0.44612918,0,8,24,14,46,-0.416,0.627,-0.385,0.415,1.342,1.699,1.431,1.718,19178.35,24278.264,24550.719,-3.826,-0.787,5.562,2.152,4.726718604,4.114715864,0.61200274,-1.19,-0.43,0.03,-0.11,0.02,-1.48,-1.3,-2.04,-0.756,5.07,0.643,0.512,1.084,1.141,-1.19,0.153,-3.927,-0.872,0.344,1.927,-0.388,1.777,4,1,0,0,0,0,0,0,0,0,1,1.502791573881661,1.5590421072465572,1.0916295071044186,1.3494480711915924,TP3,TP4,False,0.0011108688422553936,0.10709804068266704,0.015175119352446996,0.8766159711226306,3,44
T198,1,1,0,0.0,0,63,1,-1,-1,1,3,8,0,-3.412114954,174,80,76,0,1,0.690270867,0,8,20,8,36,0.409,0.185,0.343,-0.374,1.604,1.619,1.714,1.704,22917.31,23127.291,24341.382,-4.266,0.127,4.583,4.244,3.714560439,4.01301383,-0.298453391,-0.08,-1.42,-0.05,-0.14,-0.03,0.51,1.16,-0.78,1.083,5.587,2.61,2.925,3.486,2.441,2.717,-0.051,0.073,-2.753,0.38,2.684,1.783,1.261,4,1,0,0,0,0,0,0,0,0,1,1.2818382732656344,1.0020868411118211,0.6590908163921544,0.9876881785869747,TP3,TP4,False,0.022774207677857938,0.1121837809123205,0.00718661261245556,0.857855398797366,3,44
T200,0,0,0,3.08,2,73,1,1,-1,1,3,18,4,-3.378179938,109,48,12,0,1,0.414165569,0,12,16,6,34,-0.521,-0.513,-0.615,-0.653,1.391,1.578,1.443,1.672,19873.472,22543.163,23885.957,-4.192,-0.692,3.382,2.085,2.446839077,3.315522604,-0.868683527,0.7,-1.87,-0.05,-0.2,-0.03,-2.51,-0.69,-2.71,-1.082,2.302,-0.19,0.286,0.154,0.283,0.143,-3.54,0.862,-6.976,-4.203,-0.86,-0.907,1.111,3,1,0,0,0,0,0,0,0,0,1,2.4360881829040215,2.246278499124878,1.8149594367452524,2.119430727006577,TP3,TP4,False,0.005649278000089929,0.10124387773210096,0.0018975614142620785,0.8912092828535471,3,44
T201,1,1,0,0.0,0,55,1,-1,-1,-1,3,10,0,-4.262156726,219,84,43,0,1,0.705949115,1,9,28,23,60,-0.657,-0.332,-0.679,-0.574,1.268,1.575,1.354,1.672,18122.095,22500.731,23892.775,-2.348,-1.599,4.608,2.481,3.422970924,2.890560758,0.532410166,-0.38,-0.14,-0.01,0.0,0.0,-2.28,-1.15,-1.69,-4.6,3.283,1.463,0.955,-2.815,0.821,0.875,-1.232,-2.072,-7.095,-2.292,0.47,-0.955,0.019,3,1,0,0,0,0,0,0,0,0,1,0.5529612978833536,0.7714233668883544,0.24700285183857607,0.5048897261411821,TP3,TP4,False,0.002849457322772825,0.1462212263727554,0.007917497106756774,0.843011819197715,3,44
T203,0,0,0,3.151,2,48,0,1,-1,-1,3,35,8,-4.293275778,53,25,15,0,0,0.099216303,0,3,8,4,15,-0.711,-0.461,-0.887,-0.532,1.039,1.531,0.973,1.662,14847.423,21872.203,23748.589,2.915,7.069,5.841,-0.727,2.58363052,5.02211762,-2.4384871,-1.03,-0.75,0.02,-0.19,0.06,-4.11,-2.14,-3.42,-7.498,0.37,-3.051,-2.468,-4.809,-2.042,-1.627,0.003,-6.429,-7.947,-6.221,-2.895,-3.847,-3.098,6,1,0,0,1,1,0,0,1,0,0,2.1860832658431875,2.5178407607401665,2.6064601520103903,2.6671161761786744,TP1,TP2,False,0.10158802977932119,0.8908074351021453,1.5236149155526508e-05,0.007589298969377827,3,44
T208,1,1,0,0.0,0,53,1,1,-1,-1,3,45,4,-4.506024837,158,69,40,0,1,0.527670676,1,18,27,25,70,0.077,0.415,-0.181,0.131,1.503,1.664,1.533,1.742,21474.115,23769.645,24884.84,-2.607,1.929,5.998,3.142,4.898400311,4.71739267,0.181007641,-1.47,0.02,0.09,-0.03,-0.06,0.47,0.51,-1.56,-0.791,5.082,1.609,2.127,1.802,1.622,2.273,-0.775,-0.482,-3.697,0.454,1.877,1.049,1.747,7,0,1,1,0,1,0,0,1,0,0,0.9071223700045578,0.5192011197789841,0.45600369024686405,0.8515784553209254,TP3,TP2,False,0.011189502660708851,0.9806639297991843,0.006515272880627839,0.001631294659479175,3,44
T211,1,1,0,0.0,0,49,0,1,-1,-1,3,32,4,-3.263202088,87,37,15,0,1,0.166424472,0,5,15,9,29,0.418,-0.517,0.559,-0.635,1.725,1.456,1.861,1.602,24646.875,20807.214,22894.64,-0.068,2.818,5.355,6.836,3.512646818,4.900744087,-1.388097269,1.12,-2.41,-0.2,-0.09,-0.07,1.3,2.19,1.21,3.182,7.282,4.786,5.544,4.213,4.179,3.766,1.974,0.49,-0.681,3.395,4.703,4.068,3.763,6,1,0,0,1,1,0,0,1,0,0,1.1421341329479913,1.269588816933826,1.3455289709414078,1.5094353825078068,TP1,TP2,False,0.041972826582414025,0.8197897939780546,0.04045428265426632,0.09778309678526499,3,44
T212,0,0,0,1.482,2,74,1,-1,-1,-1,3,26,0,-4.04021842,140,65,28,1,0,0.221599854,0,9,20,6,35,-0.731,0.017,-0.855,-0.327,1.174,1.54,1.062,1.666,16776.111,21996.516,23801.182,0.158,1.274,7.88,1.188,4.208137362,4.943526725,-0.735389363,-1.43,0.18,0.04,-0.01,0.0,-2.38,-0.65,-2.27,-4.091,3.86,0.658,-0.333,-1.628,-0.225,1.389,0.256,-0.56,-7.358,-1.248,-0.129,-1.109,1.131,6,1,0,0,1,1,0,0,1,0,0,1.6598942089303201,1.5095015166041676,1.6308648358236664,1.6988979564667936,TP2,TP2,True,0.04987817030067989,0.802317516173239,0.028440233350722155,0.1193640801753591,3,44
T214,0,0,0,1.611,2,72,1,-1,-1,-1,3,50,0,-3.955823426,159,70,23,0,1,0.410079347,0,10,31,14,55,-0.719,-0.225,-0.812,-0.453,1.11,1.562,1.103,1.678,15853.496,22312.77,23972.056,-0.836,1.118,5.337,0.089,2.949051287,2.954778891,-0.005727604,-1.36,0.23,0.07,-0.07,0.04,-2.83,-1.54,-2.7,-3.842,1.915,-0.137,-1.365,0.328,0.008,-0.459,-2.917,-4.875,-7.222,-2.84,-1.292,-0.83,-0.428,6,1,0,0,1,1,0,0,1,0,0,1.8930271849948088,1.6945559537466943,1.39957352285468,1.5195740589875484,TP3,TP2,False,0.015791589994683736,0.8319701505534759,0.004759871516085866,0.14747838793575455,3,44
T216,0,0,1,3.706,3,50,1,1,-1,1,3,108,8,-3.66600874,340,134,111,0,1,0.376794378,0,5,3,5,13,0.359,-0.68,-0.153,-0.682,1.57,1.395,1.572,1.609,22424.983,19930.444,22993.451,6.222,4.476,4.641,3.338,2.017332247,4.401735057,-2.38440281,0.16,-1.43,-0.11,-0.08,-0.02,-1.02,-0.24,-1.16,1.195,5.188,2.178,1.267,-0.064,1.312,0.808,1.392,-1.973,-5.25,-0.19,2.636,1.257,1.323,6,1,0,0,1,1,0,0,1,0,0,1.6929886287038018,2.355453499288131,2.5966181030381135,2.543025688575881,TP1,TP2,False,0.04512596212753852,0.9321743092240296,0.006250554542305506,0.01644917410612655,3,44
A002,0,0,0,4.381,3,57,1,1,-1,1,3,70,8,-3.967478,262,134,60,0,0,0.261300406,1,3,9,4,16,0.588,0.624,0.637,0.314,2.055,2.194,2.221,2.284,22059.99,23555.511,24517.194,1.619,6.752,6.59,4.086,4.042607109,4.265593169,-0.22298606,0.06,-1.16,0.03,-0.19,-0.02,0.05,-0.41,-0.41,-0.484,4.019,3.131,2.863,1.85,1.91,2.937,3.127,0.469,-1.213,0.896,2.65,1.594,4.069,6,1,0,0,1,1,0,0,1,0,0,2.6909303221205803,2.391572623532439,2.7299050262769655,3.40309241984518,TP2,TP2,True,1.9034306838794178e-05,0.9999463597475374,2.4531297062595455e-05,1.0074648561142919e-05,3,44
A004,0,0,0,2.865,2,45,1,1,-1,1,2,44,8,-7.0739864,33,19,0,1,0,0.146476691,0,5,6,0,11,-0.077,-0.732,0.129,-0.603,1.894,1.572,2.048,2.109,20331.419,16870.777,22634.52,1.807,3.317,5.124,3.74,0.829679163,4.501917816,-3.672238653,0.17,1.96,-0.05,0.33,0.04,-1.61,-0.53,-0.3,-0.785,4.554,3.266,2.446,2.62,1.88,3.462,3.631,0.635,-5.597,-1.253,2.288,0.606,1.288,6,1,0,0,1,1,0,0,1,0,0,2.30345956196034,2.1674262860134212,2.6828680082497103,2.894868694090198,TP2,TP2,True,0.0005272917532570056,0.9463606023992065,0.0015811222823785942,0.05153098356515794,3,44
A005,1,0,0,0.0,0,27,1,1,-1,1,3,51,4,-3.5832833,269,138,68,0,1,0.507686998,1,21,35,30,86,0.672,0.582,0.664,0.499,2.233,2.252,2.367,2.346,23970.414,24177.888,25181.154,-2.354,-0.308,5.327,5.618,5.043276825,4.346703404,0.696573421,-0.59,-1.26,0.08,-0.19,-0.1,1.87,2.0,0.66,2.234,5.09,4.284,4.522,1.37,3.308,3.098,0.665,-0.468,-1.237,2.998,3.48,2.867,4.362,6,1,0,0,1,1,0,0,1,0,0,1.2327077418097843,1.2884162399746404,0.854098704085937,1.5098944389045392,TP3,TP2,False,0.004558141264881507,0.9926745846836261,0.001277108660742237,0.0014901653907500871,3,44
A007,0,0,0,2.722,2,40,1,1,-1,1,2,21,7,-6.827391,49,29,12,1,0,0.123499002,0,4,6,2,12,-0.034,-0.656,0.229,-0.339,1.923,1.755,2.08,2.186,20639.638,18835.798,23461.553,4.063,3.608,5.134,4.029,1.474393935,3.850658318,-2.376264384,0.57,-0.05,-0.04,-0.03,0.08,-1.33,-1.33,-0.38,-1.654,3.819,3.175,2.329,3.512,1.42,2.79,4.783,-0.048,-2.732,0.083,2.4,0.577,2.162,6,1,0,0,1,1,0,0,1,0,0,1.9082355512016842,2.115524510083704,2.450919412484989,2.640690204720877,TP1,TP2,False,0.0006538635768266298,0.9383514217877952,0.0008570707919268235,0.060137643843451376,3,44
A010,1,0,0,0.0,0,42,1,1,-1,-1,3,22,8,-4.2699236,136,64,38,1,1,0.291685107,0,8,14,8,30,0.225,0.171,0.481,-0.197,2.001,2.047,2.192,2.256,21483.666,21976.766,24218.342,4.223,5.166,5.367,3.912,3.913295771,4.082472133,-0.169176363,-0.45,-0.24,0.04,-0.06,0.0,0.55,-0.08,-0.59,-0.419,4.274,2.913,2.702,2.913,1.724,2.535,3.853,-1.428,-3.286,0.551,2.683,1.194,4.097,6,1,0,0,1,1,0,0,1,0,0,1.536616109235482,1.8426699148163188,1.6927353525236348,1.9993670092684663,TP1,TP2,False,0.00010790124714702157,0.9967967709324833,0.0007874860724551046,0.0023078417479145577,3,44
A012,0,0,0,1.185,1,48,1,1,-1,-1,3,56,8,-3.594931,132,69,19,0,0,0.352518589,0,13,29,12,54,0.638,0.562,0.712,0.444,2.207,2.222,2.414,2.34,23693.915,23851.88,25119.744,3.949,5.457,5.02,6.064,4.46376819,4.559770293,-0.096002103,-0.1,-2.02,0.03,-0.31,-0.02,1.65,1.16,1.18,2.174,4.939,4.838,4.828,3.694,3.472,2.594,0.941,-0.391,-1.044,2.836,4.216,3.131,4.411,6,1,0,0,1,1,0,0,1,0,0,2.206870008379356,2.3339977184919705,2.3066554469502916,2.792893925019617,TP1,TP2,False,3.720967677918759e-05,0.9999185255756716,3.889304119212245e-05,5.371706357106277e-06,3,44
A014,0,0,0,3.677,3,63,0,1,-1,1,2,47,8,-5.0733694,25,21,22,0,0,0.162486057,0,5,8,1,14,-0.116,-0.503,-0.497,-0.62,1.914,1.836,2.021,2.174,20549.555,19703.476,23333.628,-0.835,7.804,5.688,3.354,1.898142253,4.995984077,-3.097841824,-0.34,-1.3,-0.01,-0.2,0.03,-1.19,-0.78,-0.81,-1.346,3.22,2.688,1.759,0.429,1.122,0.97,3.7,-3.504,-5.122,0.193,1.599,-0.038,0.907,6,1,0,0,1,1,0,0,1,0,0,3.3334025532951723,3.5765882140742455,3.940086891368172,3.825599444635638,TP1,TP2,False,0.010010404405884707,0.965395020197029,0.00012200727297266909,0.024472568124113667,3,44
A017,0,0,0,1.625,2,57,1,1,-1,-1,3,26,8,-4.859264,116,65,47,0,1,0.338163615,0,9,15,5,29,-0.415,0.187,-0.392,-0.117,1.821,2.035,1.957,2.23,19545.062,21842.44,23940.294,3.885,7.253,5.896,2.105,3.664123247,4.430635574,-0.766512327,-0.59,0.35,0.08,-0.03,0.0,-0.29,-0.65,-1.84,-1.639,3.381,1.361,1.106,1.443,1.05,2.024,4.886,-0.092,-4.456,-0.546,0.819,0.076,2.591,6,1,0,0,1,1,0,0,1,0,0,2.185908030269898,2.249449825466767,2.174171373212423,2.3214413039602353,TP3,TP2,False,9.147248701905224e-05,0.998507501448306,0.000816519891142918,0.000584506173532005,3,44
A023,0,0,0,1.073,1,47,1,1,-1,-1,3,34,8,-3.4648956,92,58,27,0,0,0.431404706,0,14,28,21,63,0.126,0.259,0.372,0.021,1.988,2.064,2.136,2.268,21341.057,22157.625,24345.681,1.082,6.057,7.26,4.004,3.729377229,5.301504943,-1.572127714,-0.62,0.37,0.08,-0.03,0.01,0.13,-0.18,0.24,0.834,4.62,3.852,2.917,0.655,2.118,2.017,3.78,-0.268,-2.874,0.806,3.033,1.232,3.098,6,1,0,0,1,1,0,0,1,0,0,1.999849736991696,2.262832097742838,1.7023230737295005,2.2787010778304175,TP3,TP2,False,0.0005200637723808516,0.9978933023391348,0.0009633239782079012,0.0006233099102764721,3,44
A042,0,0,0,0.946,1,50,0,-1,-1,-1,3,22,0,-4.407352,32,17,7,1,0,0.511694128,1,3,10,2,15,0.102,0.444,0.418,0.458,1.965,2.163,2.152,2.314,21088.277,23216.108,24841.633,-1.245,-0.583,3.392,4.05,4.559614381,4.477975082,0.081639299,-0.69,1.23,0.08,0.12,-0.01,-0.23,0.79,-1.02,-2.637,4.471,2.43,2.775,4.119,2.143,4.053,7.261,-2.101,-3.923,1.539,1.54,0.674,2.907,6,1,0,0,1,1,0,0,1,0,0,1.4299432521958044,1.105714831685657,1.3167842069460636,1.63852754322202,TP2,TP2,True,5.568873929445225e-06,0.9979931213617698,5.915585236874488e-06,0.001995394179063917,3,44
A057,0,0,0,1.518,2,54,1,1,-1,1,2,32,8,-3.2928437,25,14,10,0,0,0.153638526,0,2,3,0,5,-0.312,-0.316,-0.623,0.201,1.858,1.959,1.942,2.251,19944.942,21025.657,24159.55,5.598,4.668,5.78,2.991,2.479851189,3.828840618,-1.348989429,-0.54,-0.89,-0.03,-0.19,0.09,-1.74,-1.63,-1.59,-0.26,3.726,1.733,1.848,1.77,0.548,3.563,1.728,-1.432,-4.827,-0.038,1.396,1.691,0.346,6,1,0,0,1,1,0,0,1,0,0,2.2437766463747555,2.2350221252907034,2.262498322302202,2.617880950366259,TP2,TP2,True,0.0026667325537049814,0.992785316458804,0.00010786447298409309,0.004440086514507037,3,44
A067,0,0,0,2.926,2,39,1,1,-1,1,3,33,7,-3.7422008,76,41,39,0,0,0.2613614,0,2,14,0,16,-0.37,-0.248,-0.502,-0.329,1.849,1.938,1.916,2.198,19843.0,20804.509,23598.013,3.612,6.037,7.389,2.778,2.870601405,6.16264448,-3.292043075,-0.74,-0.66,0.05,-0.16,0.02,-1.25,-0.62,-0.55,-0.548,3.503,2.981,1.797,1.006,0.925,1.421,3.558,-1.62,-6.283,0.126,1.781,0.338,2.341,6,1,0,0,1,1,0,0,1,0,0,2.6653791682540575,2.9991938302070533,3.0053370212748574,3.252544950429019,TP1,TP2,False,0.014925896982788482,0.9782873897035375,0.00023076639422041608,0.006555946919453714,3,44
A102,0,0,0,3.772,3,49,1,1,-1,1,3,39,7,-3.557008,110,59,23,1,1,0.389188076,0,11,13,8,32,0.408,0.515,0.494,0.465,2.032,2.16,2.171,2.314,21816.038,23185.861,24836.315,1.47,3.127,5.61,3.706,3.820032491,4.353574721,-0.53354223,-0.91,-0.6,0.05,-0.2,0.05,0.04,-0.22,-0.51,1.621,4.778,3.023,2.941,4.273,1.976,2.364,5.029,-2.124,-2.306,1.201,2.962,1.178,3.156,6,1,0,0,1,1,0,0,1,0,0,1.8049681601124408,2.01771881338309,1.6773538369934162,2.045884374715661,TP3,TP2,False,0.001447207578477472,0.9748416374618153,0.0006748432294995337,0.023036311730207683,3,44
A149,0,0,0,3.128,2,50,1,1,-1,1,2,44,8,-3.658615,87,41,8,1,0,0.301982012,0,3,6,0,9,-0.36,-0.68,-0.343,-0.437,1.857,1.676,1.991,2.158,19934.927,17995.343,23163.217,3.459,6.832,6.902,2.941,1.21228227,4.427390079,-3.215107809,-0.32,0.82,-0.02,0.11,0.05,-1.31,-0.88,-0.79,-0.324,4.17,2.711,1.814,1.802,1.177,2.951,5.097,-1.109,-4.129,-0.338,2.071,0.737,1.16,6,1,0,0,1,1,0,0,1,0,0,2.675868283410284,3.025674809686448,3.0513270462285362,3.3401003906985562,TP1,TP2,False,0.00978016831135895,0.9546091482758221,0.0015897406318232715,0.03402094278099572,3,44
A248,0,0,0,1.141,1,48,1,1,-1,-1,3,36,5,-3.77829,105,54,18,0,1,0.396386059,0,6,19,7,32,0.504,0.662,0.616,0.589,2.126,2.305,2.283,2.394,22823.283,24743.133,25694.975,-2.923,1.812,5.371,4.966,5.179385861,2.780366264,2.399019597,-0.81,-1.06,0.08,-0.24,-0.01,1.03,0.25,-0.37,1.313,4.466,3.175,3.344,3.149,2.487,2.58,-0.585,-0.541,-2.228,1.164,3.243,1.951,3.975,6,1,0,0,1,1,0,0,1,0,0,1.8022346483079077,1.1250807376422056,0.8849294217242759,1.6915954039636136,TP3,TP2,False,1.885008701377932e-05,0.9964911604761938,0.00019351818784212903,0.0032964712489503794,3,44
A253,0,0,0,1.788,2,49,1,1,-1,1,2,25,7,-3.929318,19,12,10,0,0,0.373339895,0,9,6,2,17,0.614,-0.446,0.783,-0.357,2.234,1.895,2.397,2.213,23976.471,20346.268,23755.721,1.319,2.981,5.147,6.286,3.048211354,4.567470736,-1.519259382,0.92,-1.53,-0.09,-0.13,0.0,1.42,0.48,1.92,3.459,6.291,5.598,4.777,3.301,3.636,3.339,4.343,0.2,-3.541,2.343,5.024,2.988,3.72,6,1,0,0,1,1,0,0,1,0,0,0.5272910368838362,0.9521199737495218,0.798386683235697,1.0944592636849722,TP1,TP2,False,0.0009628952671130233,0.9904213045958689,0.0006880878341114226,0.00792771230290667,3,44
A280,0,0,0,3.366,3,46,1,1,-1,1,2,56,8,-3.8205074,113,60,24,0,0,0.140250641,0,4,4,1,9,-0.629,-0.069,-0.671,-0.221,1.794,1.997,1.889,2.241,19255.948,21433.542,24054.313,6.312,6.82,6.869,2.746,2.985221288,5.090291771,-2.105070484,-1.08,0.89,0.09,-0.02,0.08,-1.87,-1.37,-0.9,-0.756,3.746,2.577,1.439,1.206,0.636,2.038,4.778,-3.53,-5.222,-1.159,1.622,-0.403,1.815,6,1,0,0,1,1,0,0,1,0,0,2.7381000730336305,3.1459798885955483,3.1787348700376117,3.4238823748851175,TP1,TP2,False,0.0007513066023033829,0.9987156244108566,8.141933585987213e-05,0.00045164965098009187,3,44
A292,0,0,0,1.696,2,49,1,1,-1,-1,2,58,8,-3.6879086,29,17,18,0,0,0.250253873,0,1,6,0,7,-0.727,-0.769,-0.83,-0.687,1.565,1.472,1.593,2.103,16795.469,15804.31,22570.398,4.795,5.526,5.782,0.398,0.014029768,4.129527116,-4.115497348,-0.8,-0.02,0.0,-0.05,0.07,-2.87,-1.57,-2.53,-2.01,2.02,0.299,-0.419,-2.193,-0.777,-0.676,3.055,-3.328,-7.068,-3.955,-0.248,-3.042,-0.71,6,1,0,0,1,1,0,0,1,0,0,2.373440471900505,2.5749418538098854,2.5868058658348563,2.81453442959638,TP1,TP2,False,0.02404368077120135,0.8997173005498574,0.00028219020918737736,0.07595682846975385,3,44
A304,0,0,0,1.859,2,48,1,1,-1,-1,3,48,3,-3.2654308,100,62,9,0,1,0.50035382,0,8,29,13,50,-0.151,0.468,-0.253,0.436,1.91,2.157,1.995,2.333,20500.733,23159.453,25040.717,-1.618,0.315,5.443,3.462,4.579334546,4.001047637,0.578286908,-1.72,0.81,0.12,0.02,-0.02,-0.13,-0.39,-0.61,0.183,4.588,2.854,1.988,3.791,1.052,3.488,2.618,1.142,-5.075,-0.397,1.351,-0.222,2.159,6,1,0,0,1,1,0,0,1,0,0,1.132112415934793,0.3552445755991677,0.14229999018194373,0.8479200712411461,TP3,TP2,False,0.00014564061713359612,0.969342965809168,0.004666113083703833,0.025845280489994613,3,44
A332,0,0,0,3.233,2,46,0,1,-1,1,2,60,8,-4.262513,15,10,7,1,0,0.160713418,1,4,7,0,11,-0.49,-0.803,-0.508,-0.6,1.822,1.529,1.956,2.134,19559.944,16416.456,22910.788,1.307,4.439,6.743,3.396,0.658067247,4.829245437,-4.17117819,-0.2,0.17,0.01,0.02,0.01,-1.77,-0.77,0.04,-0.455,3.586,3.634,2.042,0.214,1.82,1.335,6.356,-1.348,-3.599,0.404,2.02,0.358,0.71,6,1,0,0,1,1,0,0,1,0,0,2.8336157825926103,3.122861072561486,3.6615475902497914,3.7587495505033086,TP1,TP2,False,0.020371847921929243,0.808569928518403,0.00034146461306601753,0.17071675894660163,3,44
A354,0,0,0,3.298,3,48,1,1,-1,1,2,21,8,-3.767925,24,14,2,0,0,0.277264442,0,7,11,3,21,-0.709,-0.034,-0.797,-0.191,1.622,1.977,1.697,2.224,17411.053,21226.921,23874.241,4.09,5.86,6.236,1.419,3.324847782,5.420570177,-2.095722396,-0.86,0.73,0.07,0.01,0.05,-2.16,-1.4,-2.29,-4.635,2.87,0.645,0.184,-1.297,-0.326,1.731,4.694,-2.655,-7.279,-4.385,-0.117,-1.201,0.482,6,1,0,0,1,1,0,0,1,0,0,3.071151959369723,3.4719811860991068,3.1668024887020185,3.4075635486730964,TP1,TP2,False,0.004250286559082795,0.994264524383192,0.00015122792769030138,0.0013339611300348985,3,44
A359,1,0,0,0.0,0,54,1,1,-1,1,3,23,3,-3.7284383,144,78,33,0,1,0.673810745,0,11,18,9,38,0.559,0.485,0.516,0.337,2.133,2.181,2.207,2.31,22893.275,23410.199,24795.498,-1.448,2.749,5.177,3.627,5.014147539,4.091313888,0.922833651,-0.95,-0.19,0.1,-0.03,-0.1,1.09,0.34,-0.45,0.814,4.613,3.091,2.517,1.389,2.324,2.516,1.129,0.51,-4.244,-0.005,2.692,1.187,2.902,6,1,0,0,1,1,0,0,1,0,0,1.535672510775063,1.2803536585967457,0.9783769928164585,1.4856848448126514,TP3,TP2,False,0.0006090259335435541,0.9837635444731277,0.0006239016780176633,0.015003527915311175,3,44
A398,0,0,0,3.467,3,50,0,1,-1,1,2,46,8,-4.3015813,20,15,2,1,0,0.13515221,0,2,6,0,8,-0.521,-0.782,-0.512,-0.492,1.809,1.553,1.957,2.135,19418.756,16673.453,22917.628,3.64,5.251,6.954,3.357,0.972370178,4.764021388,-3.791651209,-0.83,1.28,0.03,0.13,0.05,-1.22,-0.85,-0.5,0.002,3.785,3.034,2.1,0.867,1.262,1.177,5.13,-1.467,-6.674,-0.629,1.952,0.621,2.315,2,1,0,0,0,0,0,0,0,0,1,3.0008298996498404,3.3148839357790214,3.611048782044887,3.593258124542939,TP1,TP4,False,0.0065117151023576835,0.44225349289362215,0.0004697635210784575,0.5507650284829417,3,44
A419,0,0,0,2.645,2,52,0,1,-1,1,2,30,8,-4.3875174,64,37,17,0,0,0.238990012,0,4,7,3,14,-0.117,-0.377,0.22,-0.572,1.951,1.97,2.108,2.208,20947.222,21147.059,23703.517,2.211,5.662,4.522,3.584,2.637564074,4.496545044,-1.85898097,0.18,0.5,0.03,0.03,0.04,-1.33,-1.09,-0.48,0.271,4.062,3.054,2.05,0.338,1.313,1.734,3.348,-2.175,-6.913,-0.022,2.789,0.445,2.166,6,1,0,0,1,1,0,0,1,0,0,2.641024417755933,3.045222703468215,3.0201957262126227,3.1301686400527844,TP1,TP2,False,0.0002365508958116262,0.9799263889212001,4.614175959102918e-05,0.019790918423397145,3,44
A463,0,0,0,1.217,1,48,1,1,-1,-1,3,21,8,-4.074614,52,27,26,0,1,0.323486358,0,6,7,4,17,0.472,0.218,0.432,0.303,2.067,2.036,2.174,2.269,22182.684,21851.099,24361.506,5.155,4.759,6.097,3.992,3.674381673,4.50797251,-0.833590837,-0.57,-0.58,0.02,-0.09,-0.01,0.37,-0.18,0.16,0.386,5.079,3.757,3.137,2.394,2.286,2.835,4.302,-0.572,-1.68,1.896,3.3,1.696,3.867,6,1,0,0,1,1,0,0,1,0,0,1.9335562108166413,1.9691901477517062,1.8286442051594973,2.1970870426918414,TP3,TP2,False,0.0001075450229958737,0.9987365254712878,0.0002936859338247999,0.0008622435718915047,3,44
A476,0,0,0,2.126,2,36,1,1,-1,1,2,33,8,-4.5464367,37,18,42,0,0,0.315726418,1,4,15,3,22,0.133,0.131,-0.247,-0.321,1.98,2.01,2.019,2.217,21258.253,21577.621,23803.036,3.126,6.445,6.475,3.624,3.350323489,5.491409062,-2.141085573,-0.62,-0.48,0.05,-0.14,0.02,-0.27,-0.74,-1.0,1.177,4.481,2.438,2.419,1.805,1.571,1.77,4.134,-2.218,-2.189,0.592,2.724,0.851,2.846,5,1,0,0,1,1,0,0,1,0,0,2.794254497856527,3.150179359360059,3.183596916051335,3.5391570208524525,TP1,TP2,False,0.004441298051310366,0.9951814039966259,5.5213960730831635e-05,0.0003220839913329474,3,44
A524,0,0,0,3.233,2,49,1,1,-1,1,2,51,8,-4.3377627,84,45,19,1,0,0.191741168,1,4,6,0,10,0.213,-0.405,0.192,-0.257,1.983,1.887,2.058,2.211,21288.127,20257.141,23729.78,-0.761,4.883,6.145,3.361,2.322623341,5.247790404,-2.925167063,0.1,-0.42,-0.12,0.06,0.01,-1.08,-0.54,-0.84,-2.077,4.682,2.639,2.168,1.623,1.515,4.074,3.97,0.042,-4.97,-0.721,2.374,0.245,2.626,6,1,0,0,1,1,0,0,1,0,0,2.3736332042201647,2.337604738016518,2.5676488959148243,2.9959118154511857,TP2,TP2,True,0.0021023220105479577,0.9956795365617916,0.000696054636259565,0.0015220867914008634,3,44
A530,0,0,0,2.025,2,45,1,1,-1,-1,3,28,7,-3.2068948,83,42,18,0,1,0.637201551,0,7,13,5,25,0.586,-0.719,0.564,-0.34,2.099,1.63,2.243,2.168,22532.717,17495.46,23277.079,1.651,6.144,5.983,4.053,0.59884803,3.542538614,-2.943690584,0.13,-1.43,-0.07,-0.14,0.0,0.03,-0.27,-0.09,0.888,4.305,3.495,2.632,1.54,1.871,2.554,6.286,-1.557,-5.915,0.833,2.792,1.293,3.845,6,1,0,0,1,1,0,0,1,0,0,1.8148356240023564,2.402743064681151,1.647156026473173,1.85806240307745,TP3,TP2,False,0.0044986249747826276,0.924761214861095,0.0015258447163033362,0.06921431544781906,3,44
A538,0,0,0,3.593,3,56,1,1,-1,1,2,36,8,-3.169434,33,16,26,0,0,0.307718769,0,9,10,5,24,0.382,0.003,-0.128,-0.059,1.988,1.952,2.0,2.192,21337.418,20949.634,23535.044,-2.063,6.857,5.365,3.563,3.175250914,5.43277705,-2.257526136,-0.34,-0.93,-0.01,-0.14,0.0,-0.81,-0.44,-0.49,-2.324,4.37,3.029,2.052,1.999,1.605,3.819,3.646,-0.938,-6.352,-0.257,2.18,0.588,1.446,6,1,0,0,1,1,0,0,1,0,0,2.6317791404277346,2.5641701715441827,2.376403510062591,2.751453216025248,TP3,TP2,False,0.002579509521586015,0.9963982674565669,0.00021060774631715556,0.0008116152755298333,3,44
A565,0,0,0,2.37,2,35,1,1,-1,-1,3,30,5,-4.0813316,26,14,0,0,1,0.0,0,0,0,0,0,0.342,-0.661,0.477,-0.486,2.049,1.718,2.199,2.182,21993.163,18444.321,23420.833,0.427,3.685,5.294,4.918,1.376476646,4.230769398,-2.854292752,-0.64,-1.65,-0.09,-0.18,0.03,-0.39,-0.51,0.51,1.495,5.002,4.132,3.717,2.706,2.182,2.867,3.418,0.954,-1.872,1.53,3.123,1.13,1.009,3,1,0,0,0,0,0,0,0,0,1,1.5264748968280406,0.9952264439676615,1.2572839034973822,1.7797754350304822,TP2,TP4,False,0.0015040856461804965,0.2806894842465006,0.0008121390700258117,0.7169942910372932,3,44
A581,0,0,0,1.916,2,53,1,-1,-1,-1,2,34,0,-4.5693983,46,27,10,0,0,0.150315527,0,1,3,0,4,-0.218,-0.112,0.162,0.238,1.909,1.929,2.039,2.252,20488.409,20707.619,24176.202,0.597,0.316,5.21,3.49,3.517262332,4.713586168,-1.196323837,-1.24,0.86,0.04,0.06,0.03,-0.69,-0.45,-0.94,1.263,5.507,2.528,2.101,3.831,1.653,4.058,1.215,0.435,-4.894,-0.196,2.518,0.446,2.915,6,1,0,0,1,1,0,0,1,0,0,0.9799476203952899,0.20690883164068985,0.37607919960723496,0.8122312957637732,TP2,TP2,True,0.00015170601815949345,0.9579831490659718,0.000429580072255333,0.0414355648436133,3,44
A637,0,0,0,0.947,1,65,1,-1,-1,1,3,38,0,-3.2755877,151,70,46,0,1,0.661300329,1,9,22,10,41,0.223,0.678,0.093,0.564,1.983,2.311,2.079,2.371,21288.331,24812.389,25447.508,-1.204,0.235,6.109,3.41,5.980248183,3.871326955,2.108921228,-1.35,0.6,0.13,-0.03,-0.02,0.81,0.99,-0.88,-0.489,4.753,2.613,2.184,3.845,1.664,2.942,3.205,0.109,-5.648,0.165,1.722,0.745,3.878,6,1,0,0,1,1,0,0,1,0,0,0.8918040605355685,0.27394040863436503,0.16703297038988385,0.640951507915712,TP3,TP2,False,0.00024314011932078376,0.9937444809019791,0.0009522062200802954,0.005060172758619807,3,44
A665,0,0,0,1.437,2,55,1,1,-1,-1,2,40,8,-4.2098955,60,37,10,0,0,0.244228168,0,6,6,0,12,0.351,0.55,-0.16,0.243,1.997,2.151,2.03,2.287,21439.745,23087.879,24551.66,4.138,8.511,6.32,3.55,4.146680517,5.744134728,-1.597454211,-1.24,-0.41,0.06,-0.14,0.01,-0.53,-0.18,-0.24,-0.739,4.58,3.317,1.983,1.381,1.623,1.672,3.301,-2.341,-4.952,-0.841,2.783,1.123,2.532,6,1,0,0,1,1,0,0,1,0,0,2.4655296312476533,2.488551009650946,2.6583524261061364,2.9302292453368857,TP1,TP2,False,0.00012284945909605397,0.9998402274063002,2.270849276457161e-05,1.4214641839292548e-05,3,44
A734,0,0,0,1.537,2,46,1,1,-1,-1,2,33,8,-4.279512,75,29,9,1,0,0.083559309,0,3,3,4,10,0.273,0.297,-0.009,-0.081,1.969,1.997,2.0,2.201,21139.333,21438.502,23631.468,2.394,5.263,6.608,2.081,3.564338518,5.829256695,-2.264918178,-0.37,-1.25,-0.04,-0.15,0.0,-0.31,-0.59,-1.37,-2.625,4.857,2.015,1.069,0.42,0.764,3.133,0.632,-0.653,-3.454,-0.219,1.117,-0.555,2.944,6,1,0,0,1,1,0,0,1,0,0,1.659622628114583,1.657531595506917,1.825342385796792,2.2485127334803163,TP2,TP2,True,0.003308430824727159,0.9956506444468132,0.0004490849460730414,0.000591839782386708,3,44
A767,0,0,0,1.636,2,57,1,1,-1,-1,3,21,3,-4.639152,266,139,58,0,1,0.537662304,1,12,30,18,60,0.059,-0.198,0.26,-0.389,1.966,1.963,2.089,2.217,21104.636,21071.81,23793.893,1.046,2.281,6.199,3.266,3.735847915,3.321125508,0.414722407,-0.47,0.2,0.07,0.03,-0.06,0.56,-0.02,-0.97,-2.063,3.849,2.502,1.8,2.204,0.924,2.657,3.497,0.512,-7.213,-0.455,1.107,0.218,2.8,6,1,0,0,1,1,0,0,1,0,0,0.7833896479992525,0.5182581637421637,0.50613899881084,0.8296676928623818,TP3,TP2,False,0.00020101246138862623,0.9831150902001313,0.011485428060828416,0.0051984692776516845,3,44
T185,1,1,0,0.0,0,35,1,1,1,-1,3,33,3,-3.312091596,162,71,34,0,1,0.310181997,0,13,13,8,34,-0.603,0.157,-0.529,-0.385,1.333,1.579,1.432,1.675,19047.742,22556.459,23927.819,0.721,0.755,11.27,2.058,3.415859864,4.831610042,-1.415750178,-0.65,0.24,0.03,0.01,0.0,-1.1,-0.81,-1.69,-0.767,3.891,1.502,0.752,-1.019,0.241,0.781,-1.523,-2.387,-6.996,-1.044,0.789,-0.203,0.276,7,1,0,0,1,1,1,1,0,0,0,1.2811957446801585,1.3101489925711078,0.6890975640333112,1.286006346080415,TP3,TP1,False,0.963620874138704,0.015066373004352651,0.014147163372204894,0.007165589484738499,3,44
T186,1,1,0,0.0,0,59,1,-1,1,1,2,31,0,-3.316680922,122,63,4,1,1,0.224818283,0,10,15,5,30,0.387,-0.114,0.446,-0.438,1.604,1.57,1.709,1.688,22922.301,22428.001,24110.094,-1.038,-0.049,9.939,4.459,3.179686802,4.301734332,-1.12204753,0.17,-1.74,-0.12,-0.14,-0.01,-0.11,0.35,-0.37,2.725,5.989,3.112,2.979,1.591,2.047,2.406,-1.364,-0.954,-5.528,0.854,3.225,1.953,1.422,7,1,0,0,1,1,1,1,0,0,0,1.2374268254698912,1.2171695942088514,0.9453050856441235,1.2677407850188733,TP3,TP1,False,0.9701348952005294,0.0005638920840106942,0.015218828047952028,0.014082384667507776,3,44
T187,0,1,0,1.271,1,59,1,-1,1,1,3,18,0,-3.717039868,159,69,29,0,0,0.399803081,0,11,30,12,53,0.429,-0.283,0.346,-0.471,1.584,1.539,1.682,1.664,22630.398,21980.86,23773.649,-2.962,1.482,11.512,4.771,3.107285154,4.113504298,-1.006219144,-0.11,-1.62,-0.06,-0.14,-0.04,0.17,0.26,-0.13,0.29,5.44,3.375,2.972,2.515,2.28,2.535,0.49,-2.092,-1.443,1.005,2.632,1.672,1.37,4,1,0,0,1,1,1,1,0,0,0,2.0163803491592045,1.9004833443939213,1.5084595194294068,2.099419307760215,TP3,TP1,False,0.9884059869162997,0.0013712128061769597,0.0084965802707081,0.0017262200068152813,3,44
T188,1,1,0,0.0,0,76,1,1,1,-1,2,60,4,-3.804741411,272,127,47,1,0,0.456585263,0,11,32,17,60,-0.572,-0.121,-0.519,-0.497,1.358,1.589,1.454,1.674,19406.281,22698.272,23909.996,-2.165,0.184,8.893,2.431,3.627961172,4.008441251,-0.380480079,-0.61,-1.12,-0.03,-0.13,-0.01,-1.05,-0.52,-1.85,-2.754,4.046,1.256,0.981,0.37,0.592,0.934,0.664,-1.553,-6.049,-0.559,1.148,0.289,1.213,4,1,0,0,0,0,1,0,0,1,0,1.619315257477569,1.6511368016567205,1.6460781950757517,1.8751486299939089,TP1,TP3,False,0.16365045581754759,0.018280254776420743,0.8139852632115226,0.0040840261945090505,3,44
T190,1,1,0,0.0,0,55,1,-1,1,-1,2,24,2,-3.103020701,553,226,160,0,1,0.254328117,0,8,15,7,30,0.425,-0.272,0.531,-0.517,1.638,1.558,1.757,1.674,23394.972,22256.71,23923.193,-0.209,1.305,10.191,5.215,3.1625986,4.797027108,-1.634428508,0.67,-2.76,-0.21,-0.17,-0.03,-0.14,0.25,1.04,2.264,6.559,4.619,3.332,3.256,3.061,3.556,1.365,-0.469,-2.0,1.645,4.115,2.795,1.226,4,1,0,0,0,0,1,0,0,1,0,0.2620646632702777,0.26355458461380854,0.004185779634262893,0.3511849564955818,TP3,TP3,True,0.13802796323525493,0.001599215155553856,0.8525485756301832,0.007824245979008113,3,44
T193,0,0,0,2.062,2,48,1,1,1,-1,3,60,8,-3.696416533,118,41,20,0,1,0.210341122,0,12,22,18,52,-0.728,-0.472,-0.846,-0.472,1.154,1.471,1.114,1.668,16489.989,21012.215,23836.549,4.719,5.379,6.725,1.255,2.787236521,5.657549582,-2.870313061,-1.19,-0.14,0.03,-0.11,0.06,-3.18,-1.24,-2.18,-4.102,3.234,0.79,-0.584,0.0,-0.099,0.085,-1.063,-2.503,-7.403,-1.806,-0.296,-2.623,-1.681,7,0,1,1,0,1,1,1,0,0,0,1.96488019801714,2.0702081614748002,2.052397886079642,2.1919955962102984,TP1,TP1,True,0.9459897879556577,0.036845384382969006,0.015171976285903966,0.001992851375469327,3,44
T196,1,1,0,0.0,0,58,1,1,1,1,3,43,8,-4.059252546,181,76,60,0,0,0.216415773,0,3,23,11,37,-0.788,0.302,-0.879,-0.302,1.046,1.64,1.048,1.708,14944.395,23435.887,24397.029,-1.659,7.454,9.53,-0.68,3.587597391,5.028907608,-1.441310217,-0.88,0.34,0.03,-0.03,0.07,-3.82,-2.31,-3.19,-3.942,1.989,-1.483,-2.627,-0.56,-1.133,0.858,0.656,-4.172,-7.366,-3.775,-2.282,-2.846,-0.746,7,0,1,1,0,1,1,1,0,0,0,1.8200888803736315,1.588707454462451,1.321281965344261,1.9095140715203627,TP3,TP1,False,0.9227393518094242,0.06976703644876146,0.006882447969461121,0.0006111637723531327,3,44
T197,0,0,0,1.543,2,62,1,1,1,-1,3,21,8,-4.506213774,103,36,17,1,0,0.168124561,0,2,4,0,6,-0.618,-0.592,-0.693,-0.672,1.227,1.445,1.193,1.612,17528.606,20637.722,23023.688,2.255,5.755,10.175,0.122,2.010624551,3.720853853,-1.710229302,0.01,-0.91,-0.06,-0.1,0.03,-3.08,-1.45,-3.33,-3.407,2.745,-2.761,-2.068,-2.075,-1.291,0.601,-2.698,-2.79,-5.148,-3.365,-1.98,-2.299,-1.321,7,1,0,0,1,1,1,1,0,0,0,1.1530108641238754,1.1132796873410447,1.2233400618373969,1.6754393826728164,TP2,TP1,False,0.9784077732348263,0.01709375113469085,0.0026312908028342952,0.0018671848276486263,3,44
T204,1,1,0,0.0,0,55,1,-1,1,-1,2,20,0,-3.924618631,559,228,130,0,0,0.511475517,0,5,17,2,24,-0.575,-0.025,-0.647,-0.282,1.293,1.568,1.387,1.682,18472.227,22401.564,24024.598,-2.2,4.629,10.484,1.847,2.963166789,4.910284202,-1.947117413,-0.84,-1.02,-0.04,-0.16,0.04,-2.27,-1.47,-2.24,-2.283,3.807,0.673,0.338,0.03,0.259,1.506,1.012,-3.613,-7.414,-1.234,0.951,-0.729,-0.038,7,1,0,0,1,1,1,1,0,0,0,0.5330745687446904,0.7374689934265527,0.2513742357053547,0.45209790402941785,TP3,TP1,False,0.8819176411359556,0.016203063015760234,0.07444589653411766,0.027433399314166527,3,44
T205,0,0,0,2.303,2,53,1,1,1,-1,3,15,3,-3.628473125,58,26,19,0,1,0.403673599,0,13,21,17,51,-0.662,-0.614,-0.813,-0.553,1.277,1.418,1.27,1.652,18247.675,20264.924,23596.227,4.332,4.792,9.439,2.474,2.608048068,4.396220439,-1.788172371,-1.05,-0.32,-0.02,-0.09,0.06,-2.62,-1.31,-1.71,0.202,4.587,1.449,1.1,-0.56,0.703,0.284,-0.015,-2.465,-4.813,-1.328,1.983,-0.163,-0.323,7,0,1,1,0,1,1,1,0,0,0,0.22052233122737586,0.7059796702466219,0.11044577604107708,0.2747680605641402,TP3,TP1,False,0.960318857519834,0.0030421800588988903,0.018319424873739835,0.018319537547527274,3,44
T206,0,1,0,1.331,1,55,1,1,1,-1,3,36,8,-4.640040532,125,50,9,0,1,0.276452734,0,4,23,15,42,-0.556,-0.388,-0.594,-0.566,1.332,1.501,1.34,1.63,19027.834,21447.797,23283.873,4.136,5.235,9.221,2.154,4.174804083,5.018694901,-0.843890818,-0.54,0.06,-0.06,0.09,0.0,-1.74,-0.37,-1.91,-2.553,5.178,1.168,0.69,1.001,1.017,3.066,4.663,-1.07,-5.223,-2.724,1.193,-0.807,2.359,4,1,0,0,0,0,1,0,0,1,0,1.8103423336713298,2.043180476936239,1.9118777176666009,2.1140809313240934,TP1,TP3,False,0.17626967165465499,0.03924841702243992,0.7839311883309236,0.0005507229919815923,3,44
T207,1,1,0,0.0,0,61,1,-1,1,1,3,97,0,-3.82360593,204,92,15,0,0,0.432253389,1,16,26,14,56,-0.251,0.457,-0.287,0.219,1.336,1.544,1.374,1.636,19081.872,22054.448,23379.901,-1.269,1.25,10.747,2.077,3.712787663,4.179430223,-0.466642561,-0.69,0.32,0.0,0.05,0.0,-1.72,-0.72,-1.81,-1.365,6.021,1.122,0.141,-2.686,-0.095,0.174,2.772,-2.379,-6.96,-1.658,1.897,0.228,3.049,7,1,0,0,1,1,1,1,0,0,0,1.300850427354402,1.5470015950100193,0.9736941074914219,1.3912704021215148,TP3,TP1,False,0.9389004557030818,0.043456367186989794,0.016827832086525288,0.0008153450234032287,3,44
T209,1,1,0,0.0,0,55,1,1,1,-1,3,60,5,-5.043132153,130,45,19,0,0,0.273259908,0,5,15,15,35,-0.76,-0.6,-0.887,-0.693,1.099,1.406,1.073,1.592,15705.013,20084.148,22747.69,1.89,1.915,10.439,1.061,2.575944427,4.372911687,-1.79696726,-0.41,-0.56,-0.02,-0.1,0.05,-3.54,-1.78,-2.2,-1.317,3.08,0.744,-0.269,-0.606,-0.115,0.699,-0.378,-3.93,-7.468,-1.616,-0.069,-2.423,0.282,7,1,0,0,1,1,1,1,0,0,0,0.4296028141975497,0.6557225202885366,0.6120571567933462,0.8937029918019488,TP1,TP1,True,0.9367716661010607,0.033007344976889896,0.027000996316985753,0.003219992605063775,3,44
T210,1,1,0,0.0,0,48,1,1,1,-1,2,23,3,-4.298068302,83,39,32,1,0,0.065527027,0,1,5,0,6,-0.807,-0.458,-0.872,-0.517,0.954,1.449,0.912,1.621,13624.828,20705.247,23153.23,1.484,2.966,11.224,-0.648,3.411614752,4.3587682,-0.947153448,-1.32,0.85,0.03,0.06,0.05,-3.65,-2.04,-3.19,-3.982,2.626,-1.455,-1.739,-1.935,-0.597,0.752,0.954,-3.924,-6.889,-5.785,-2.009,-2.326,0.379,7,1,0,0,1,1,1,1,0,0,0,0.8060303247023337,0.7370059853237719,0.6224440806549509,1.0483261278409781,TP3,TP1,False,0.9450775527692238,0.030725986437575643,0.01693939879963946,0.007257061993561145,3,44
T213,1,1,0,0.0,0,50,1,-1,1,1,3,18,0,-2.79471863,87,47,7,1,1,0.296527441,1,6,20,13,39,-0.503,-0.396,-0.644,-0.501,1.384,1.541,1.394,1.672,19773.538,22018.09,23886.701,-1.261,0.264,9.827,1.591,3.246470374,3.103918841,0.142551533,0.04,-1.01,-0.01,-0.14,0.0,-2.15,-0.55,-2.17,-0.059,3.478,0.779,0.091,-1.009,0.235,0.888,0.037,-1.245,-4.459,-1.575,1.141,-0.151,1.723,7,1,0,0,1,1,1,1,0,0,0,1.0101826433515435,1.0854523671685816,0.6078843565034736,1.1861065947393263,TP3,TP1,False,0.9181550188166345,0.0012360205325732583,0.007259406096414255,0.07334955455437803,3,44
T215,1,1,0,0.0,0,33,1,-1,1,-1,3,29,0,-3.501901475,196,86,87,0,0,0.581378073,0,22,37,23,82,0.009,0.161,-0.11,-0.462,1.517,1.641,1.577,1.691,21675.333,23451.147,24159.382,0.424,1.154,8.789,3.132,4.180658851,3.634218203,0.546440648,-0.62,-0.9,0.0,-0.08,-0.04,-0.16,0.55,-0.93,0.068,4.619,2.441,2.071,0.271,1.45,1.748,-1.402,-1.679,-2.223,0.424,2.102,1.492,1.648,7,1,0,0,1,1,1,1,0,0,0,1.3270810598801717,1.7075352179096823,0.9048879234135896,1.4849986524391625,TP3,TP1,False,0.9718339137567756,0.015335682689260655,0.011775762833728722,0.0010546407202349888,3,44
T217,0,1,0,1.004,1,61,1,1,1,-1,2,25,7,-3.651364875,177,74,67,1,0,0.292553961,0,9,17,6,32,0.277,-0.249,-0.098,-0.576,1.558,1.545,1.568,1.643,22261.026,22077.442,23472.801,3.884,6.85,9.492,3.377,3.483856926,4.852187651,-1.368330725,0.09,-1.97,-0.14,-0.12,-0.03,-0.91,-0.17,-1.29,1.893,5.626,2.007,1.88,1.232,1.417,3.399,1.643,-1.941,-3.86,0.218,2.812,1.383,2.589,7,1,0,0,1,1,1,1,0,0,0,0.7997745846582522,1.3958744497142324,1.2217023319577003,1.3959629544855643,TP1,TP1,True,0.9065936348614103,0.028739200852163218,0.06458337692948257,8.378735694402957e-05,3,44
T218,0,0,0,3.072,2,40,1,1,1,1,3,34,8,-3.607653008,67,33,11,1,1,0.252727084,0,9,13,6,28,-0.613,-0.409,-0.698,-0.492,1.312,1.51,1.328,1.665,18738.522,21566.504,23793.166,3.272,6.405,5.784,1.321,3.205838073,4.825693524,-1.619855451,-0.89,-0.25,-0.02,-0.03,0.01,-1.44,-1.06,-2.18,-2.634,4.083,0.702,0.332,-0.919,0.15,1.591,1.377,-2.838,-5.677,-0.463,0.54,-0.604,0.146,7,1,0,0,1,1,1,1,0,0,0,2.6277806466224742,3.2066556158765818,3.032189441042555,3.1378348862271532,TP1,TP1,True,0.959642442257325,0.030756596601999187,0.003648361379957896,0.005952599760717935,3,44
T177,0,1,0,1.014,1,49,1,1,-1,-1,3,35,8,-3.842312436,146,89,26,0,0,0.319808818,0,9,30,19,58,-0.588,-0.291,-0.724,-0.555,1.255,1.551,1.235,1.645,17931.089,22165.373,23502.919,4.198,6.027,6.08,0.975,3.34557227,3.944710554,-0.599138283,-0.61,-0.24,-0.02,-0.01,0.02,-2.17,-0.78,-2.45,-5.092,3.339,0.035,-1.346,-0.443,-0.361,1.77,0.707,-2.512,-5.931,-3.464,-0.551,-1.288,0.268,7,1,0,0,1,1,0,0,1,0,0,1.891669738827964,2.206525286246343,1.996275138221927,2.3561415519279705,TP1,TP2,False,0.021232575782677687,0.9743833133691613,0.0039039727951941075,0.0004801380529670189,4,45
T179,1,1,0,0.0,0,57,1,1,-1,1,3,12,6,-3.491669617,67,23,15,0,1,0.52915936,0,5,19,11,35,0.622,0.48,0.636,0.222,1.67,1.691,1.766,1.746,23865.905,24164.468,24943.247,-3.106,2.85,5.02,5.209,4.831343569,3.820626177,1.010717392,-0.57,-1.65,-0.06,-0.16,-0.04,0.86,0.82,0.12,1.779,6.099,3.633,3.574,1.987,2.64,2.984,-1.379,-0.533,-2.572,1.284,3.475,2.633,1.889,6,1,0,0,1,1,0,0,1,0,0,2.1232977207702555,1.7499824580815182,1.54202939603222,2.1127851533985833,TP3,TP2,False,0.032488473013476876,0.8597643392301858,0.006125071216097803,0.10162211654023938,4,45
T182,0,1,0,1.102,1,39,1,1,-1,-1,3,29,8,-3.451055872,49,20,56,0,0,0.195487734,0,7,10,7,24,-0.63,0.133,-0.652,-0.431,1.324,1.61,1.403,1.703,18915.927,23007.751,24335.642,1.658,6.325,6.024,1.64,3.220976545,3.721792269,-0.500815723,-0.66,-0.25,0.01,-0.08,0.04,-2.15,-1.15,-2.17,-2.064,3.372,0.773,0.01,-1.038,-0.423,0.247,-0.723,-3.789,-7.113,-1.512,0.109,-0.482,-1.056,6,1,0,0,1,1,0,0,1,0,0,2.0708364691477845,2.073859624951887,1.9041438887111108,2.4880627567974027,TP3,TP2,False,0.01228327711067576,0.9847006436069372,9.435668527701825e-05,0.0029217225971099434,4,45
T183,0,0,0,3.093,2,58,1,1,-1,1,3,59,8,-3.944314469,361,155,62,0,0,0.311916754,1,8,24,11,43,-0.686,0.065,-0.798,-0.486,1.144,1.62,1.066,1.689,16346.261,23149.843,24133.836,-1.417,7.011,6.592,-0.283,3.029618327,4.382125851,-1.352507523,-0.76,-0.53,0.02,-0.13,0.05,-3.55,-2.07,-3.21,-5.882,1.792,-1.697,-2.773,-1.488,-1.447,-0.037,-1.146,-3.648,-7.564,-5.692,-1.957,-3.832,-1.889,6,1,0,0,1,1,0,0,1,0,0,2.1583145332639564,2.0948445414248043,2.127121499496739,2.6090513249014595,TP2,TP2,True,0.05450520113871494,0.9435319246944985,0.0005747938815394214,0.0013880802852470817,4,45
T184,0,0,0,1.41,2,53,1,-1,-1,1,3,43,0,-3.837849823,275,111,59,1,0,0.509950682,0,14,27,25,66,-0.579,0.446,-0.637,0.098,1.152,1.627,1.215,1.666,16457.168,23248.185,23801.602,-3.304,-0.406,6.643,0.55,4.597681093,3.731863168,0.865817925,-0.8,-0.44,0.06,-0.15,0.02,-3.53,-2.17,-2.4,-2.307,4.466,-0.389,-2.515,-2.602,-1.952,-1.697,-0.588,-3.644,-7.557,-2.287,1.571,-2.22,0.068,4,1,0,0,0,0,0,0,0,0,1,1.3629425282020464,1.9076759532265897,1.1641739991301692,1.530536829910595,TP3,TP4,False,0.06145879366536031,0.04465100558252133,0.0016964558591691175,0.8921937448929492,4,45
T189,0,0,1,3.395,3,39,1,1,-1,1,3,52,8,-3.853311033,840,342,137,0,0,0.333798182,0,11,13,8,32,0.036,-0.555,0.228,-0.655,1.522,1.434,1.626,1.603,21741.694,20487.338,22906.097,0.138,0.588,4.384,3.2,2.873665562,4.541716136,-1.668050574,0.24,-0.51,-0.11,0.12,-0.06,0.27,0.65,-1.44,-2.124,5.444,1.82,1.456,3.174,1.581,2.639,1.025,-1.563,-3.97,-0.343,2.218,0.813,2.215,6,1,0,0,1,1,0,0,1,0,0,2.0661117503154514,2.427083031488385,2.4461487674932116,2.7747187229086467,TP1,TP2,False,0.003074014115615135,0.9484558986306323,0.025269903938713183,0.02320018331503942,4,45
T191,0,0,1,3.536,3,60,0,1,-1,1,2,58,8,-3.834474131,232,103,53,0,0,0.357497927,0,8,27,25,60,0.407,-0.457,0.652,-0.557,1.639,1.506,1.825,1.652,23413.105,21510.549,23607.102,3.383,5.232,5.69,5.582,2.892490145,4.846769618,-1.954279473,0.55,-3.33,-0.26,-0.13,-0.1,0.88,2.08,0.66,0.931,6.76,4.223,3.835,4.867,3.277,3.897,4.742,-0.374,-1.138,1.529,3.639,2.826,0.467,7,0,1,1,0,1,1,1,0,0,0,1.548096625290353,1.8571686312935964,2.474404193174947,2.500408910207282,TP1,TP1,True,0.8111593657594194,0.13165072440057504,0.05621915096897369,0.0009707588710319841,4,45
T192,0,0,0,1.5,2,32,1,1,-1,1,3,27,8,-3.445286445,113,50,14,0,0,0.252283258,0,10,11,10,31,-0.642,0.194,-0.764,-0.403,1.301,1.598,1.291,1.682,18583.736,22832.593,24028.632,3.552,5.56,5.223,1.274,3.411623701,4.544771343,-1.133147642,-0.77,0.09,0.0,-0.02,0.05,-2.45,-1.49,-2.44,-1.741,3.457,0.277,0.123,-1.075,-0.103,-0.649,1.624,-4.221,-5.828,-0.645,0.487,-1.219,-0.051,6,0,1,1,0,1,0,0,1,0,0,2.301891785756693,2.979650436875977,2.523928467503172,2.943427968131169,TP1,TP2,False,0.07284283819101983,0.9158558910214883,9.209967179227392e-05,0.011209171115699487,4,45
T194,0,0,0,3.061,2,43,1,1,-1,1,3,50,8,-3.931041192,82,33,28,0,1,0.350404122,0,8,15,4,27,-0.193,0.075,-0.55,-0.3,1.391,1.587,1.305,1.683,19870.835,22676.92,24048.918,3.708,5.989,6.478,0.321,3.853877012,5.083187852,-1.22931084,-1.26,-1.09,0.01,-0.15,-0.02,-1.17,1.13,-3.03,-5.391,2.981,-1.028,-1.312,-2.736,-0.841,-0.725,-0.087,-3.823,-6.59,-2.104,-1.595,-2.591,-1.575,7,1,0,0,1,1,1,1,0,0,0,2.8220204117041012,2.9313825760781325,3.14451441564583,3.309797822353317,TP1,TP1,True,0.8447981926660724,0.15468210024472095,0.00010904714244680799,0.0004106599467598218,4,45
T195,0,1,0,1.341,1,74,1,-1,-1,-1,3,40,0,-3.711672496,379,183,60,1,1,0.44612918,0,8,24,14,46,-0.416,0.627,-0.385,0.415,1.342,1.699,1.431,1.718,19178.35,24278.264,24550.719,-3.826,-0.787,5.562,2.152,4.726718604,4.114715864,0.61200274,-1.19,-0.43,0.03,-0.11,0.02,-1.48,-1.3,-2.04,-0.756,5.07,0.643,0.512,1.084,1.141,-1.19,0.153,-3.927,-0.872,0.344,1.927,-0.388,1.777,4,1,0,0,0,0,0,0,0,0,1,1.5525314025425734,1.608781935907469,1.14136933576533,1.399187899852506,TP3,TP4,False,0.0011108688422553936,0.10709804068266704,0.015175119352446996,0.8766159711226306,4,45
T198,1,1,0,0.0,0,63,1,-1,-1,1,3,8,0,-3.412114954,174,80,76,0,1,0.690270867,0,8,20,8,36,0.409,0.185,0.343,-0.374,1.604,1.619,1.714,1.704,22917.31,23127.291,24341.382,-4.266,0.127,4.583,4.244,3.714560439,4.01301383,-0.298453391,-0.08,-1.42,-0.05,-0.14,-0.03,0.51,1.16,-0.78,1.083,5.587,2.61,2.925,3.486,2.441,2.717,-0.051,0.073,-2.753,0.38,2.684,1.783,1.261,4,1,0,0,0,0,0,0,0,0,1,1.4450331814651736,1.1652817493113599,0.8222857245916942,1.1508830867865147,TP3,TP4,False,0.022774207677857938,0.1121837809123205,0.00718661261245556,0.857855398797366,4,45
T200,0,0,0,3.08,2,73,1,1,-1,1,3,18,4,-3.378179938,109,48,12,0,1,0.414165569,0,12,16,6,34,-0.521,-0.513,-0.615,-0.653,1.391,1.578,1.443,1.672,19873.472,22543.163,23885.957,-4.192,-0.692,3.382,2.085,2.446839077,3.315522604,-0.868683527,0.7,-1.87,-0.05,-0.2,-0.03,-2.51,-0.69,-2.71,-1.082,2.302,-0.19,0.286,0.154,0.283,0.143,-3.54,0.862,-6.976,-4.203,-0.86,-0.907,1.111,3,1,0,0,0,0,0,0,0,0,1,2.4592291563268507,2.2694194725477077,1.8381004101680802,2.1425717004294063,TP3,TP4,False,0.005649278000089929,0.10124387773210096,0.0018975614142620785,0.8912092828535471,4,45
T201,1,1,0,0.0,0,55,1,-1,-1,-1,3,10,0,-4.262156726,219,84,43,0,1,0.705949115,1,9,28,23,60,-0.657,-0.332,-0.679,-0.574,1.268,1.575,1.354,1.672,18122.095,22500.731,23892.775,-2.348,-1.599,4.608,2.481,3.422970924,2.890560758,0.532410166,-0.38,-0.14,-0.01,0.0,0.0,-2.28,-1.15,-1.69,-4.6,3.283,1.463,0.955,-2.815,0.821,0.875,-1.232,-2.072,-7.095,-2.292,0.47,-0.955,0.019,3,1,0,0,0,0,0,0,0,0,1,0.6678794870630741,0.8863415560680764,0.3619210410182969,0.6198079153209027,TP3,TP4,False,0.002849457322772825,0.1462212263727554,0.007917497106756774,0.843011819197715,4,45
T203,0,0,0,3.151,2,48,0,1,-1,-1,3,35,8,-4.293275778,53,25,15,0,0,0.099216303,0,3,8,4,15,-0.711,-0.461,-0.887,-0.532,1.039,1.531,0.973,1.662,14847.423,21872.203,23748.589,2.915,7.069,5.841,-0.727,2.58363052,5.02211762,-2.4384871,-1.03,-0.75,0.02,-0.19,0.06,-4.11,-2.14,-3.42,-7.498,0.37,-3.051,-2.468,-4.809,-2.042,-1.627,0.003,-6.429,-7.947,-6.221,-2.895,-3.847,-3.098,6,1,0,0,1,1,0,0,1,0,0,2.2105860197064766,2.5423435146034565,2.630962905873678,2.6916189300419635,TP1,TP2,False,0.10158802977932119,0.8908074351021453,1.5236149155526508e-05,0.007589298969377827,4,45
T208,1,1,0,0.0,0,53,1,1,-1,-1,3,45,4,-4.506024837,158,69,40,0,1,0.527670676,1,18,27,25,70,0.077,0.415,-0.181,0.131,1.503,1.664,1.533,1.742,21474.115,23769.645,24884.84,-2.607,1.929,5.998,3.142,4.898400311,4.71739267,0.181007641,-1.47,0.02,0.09,-0.03,-0.06,0.47,0.51,-1.56,-0.791,5.082,1.609,2.127,1.802,1.622,2.273,-0.775,-0.482,-3.697,0.454,1.877,1.049,1.747,7,0,1,1,0,1,0,0,1,0,0,0.9163890940786581,0.528467843853085,0.4652704143209637,0.8608451793950254,TP3,TP2,False,0.011189502660708851,0.9806639297991843,0.006515272880627839,0.001631294659479175,4,45
T211,1,1,0,0.0,0,49,0,1,-1,-1,3,32,4,-3.263202088,87,37,15,0,1,0.166424472,0,5,15,9,29,0.418,-0.517,0.559,-0.635,1.725,1.456,1.861,1.602,24646.875,20807.214,22894.64,-0.068,2.818,5.355,6.836,3.512646818,4.900744087,-1.388097269,1.12,-2.41,-0.2,-0.09,-0.07,1.3,2.19,1.21,3.182,7.282,4.786,5.544,4.213,4.179,3.766,1.974,0.49,-0.681,3.395,4.703,4.068,3.763,6,1,0,0,1,1,0,0,1,0,0,0.9208122727301415,1.0482669567159768,1.1242071107235587,1.2881135222899571,TP1,TP2,False,0.041972826582414025,0.8197897939780546,0.04045428265426632,0.09778309678526499,4,45
T212,0,0,0,1.482,2,74,1,-1,-1,-1,3,26,0,-4.04021842,140,65,28,1,0,0.221599854,0,9,20,6,35,-0.731,0.017,-0.855,-0.327,1.174,1.54,1.062,1.666,16776.111,21996.516,23801.182,0.158,1.274,7.88,1.188,4.208137362,4.943526725,-0.735389363,-1.43,0.18,0.04,-0.01,0.0,-2.38,-0.65,-2.27,-4.091,3.86,0.658,-0.333,-1.628,-0.225,1.389,0.256,-0.56,-7.358,-1.248,-0.129,-1.109,1.131,6,1,0,0,1,1,0,0,1,0,0,1.7361871132603077,1.5857944209341563,1.7071577401536535,1.7751908607967812,TP2,TP2,True,0.04987817030067989,0.802317516173239,0.028440233350722155,0.1193640801753591,4,45
T214,0,0,0,1.611,2,72,1,-1,-1,-1,3,50,0,-3.955823426,159,70,23,0,1,0.410079347,0,10,31,14,55,-0.719,-0.225,-0.812,-0.453,1.11,1.562,1.103,1.678,15853.496,22312.77,23972.056,-0.836,1.118,5.337,0.089,2.949051287,2.954778891,-0.005727604,-1.36,0.23,0.07,-0.07,0.04,-2.83,-1.54,-2.7,-3.842,1.915,-0.137,-1.365,0.328,0.008,-0.459,-2.917,-4.875,-7.222,-2.84,-1.292,-0.83,-0.428,6,1,0,0,1,1,0,0,1,0,0,2.040530928757518,1.8420596975094046,1.5470772666173884,1.6670778027502577,TP3,TP2,False,0.015791589994683736,0.8319701505534759,0.004759871516085866,0.14747838793575455,4,45
T216,0,0,1,3.706,3,50,1,1,-1,1,3,108,8,-3.66600874,340,134,111,0,1,0.376794378,0,5,3,5,13,0.359,-0.68,-0.153,-0.682,1.57,1.395,1.572,1.609,22424.983,19930.444,22993.451,6.222,4.476,4.641,3.338,2.017332247,4.401735057,-2.38440281,0.16,-1.43,-0.11,-0.08,-0.02,-1.02,-0.24,-1.16,1.195,5.188,2.178,1.267,-0.064,1.312,0.808,1.392,-1.973,-5.25,-0.19,2.636,1.257,1.323,6,1,0,0,1,1,0,0,1,0,0,1.992937951627982,2.655402822212311,2.896567425962293,2.8429750115000623,TP1,TP2,False,0.04512596212753852,0.9321743092240296,0.006250554542305506,0.01644917410612655,4,45
A002,0,0,0,4.381,3,57,1,1,-1,1,3,70,8,-3.967478,262,134,60,0,0,0.261300406,1,3,9,4,16,0.588,0.624,0.637,0.314,2.055,2.194,2.221,2.284,22059.99,23555.511,24517.194,1.619,6.752,6.59,4.086,4.042607109,4.265593169,-0.22298606,0.06,-1.16,0.03,-0.19,-0.02,0.05,-0.41,-0.41,-0.484,4.019,3.131,2.863,1.85,1.91,2.937,3.127,0.469,-1.213,0.896,2.65,1.594,4.069,6,1,0,0,1,1,0,0,1,0,0,2.788023562488889,2.488665863900747,2.826998266645273,3.50018566021349,TP2,TP2,True,1.9034306838794178e-05,0.9999463597475374,2.4531297062595455e-05,1.0074648561142919e-05,4,45
A004,0,0,0,2.865,2,45,1,1,-1,1,2,44,8,-7.0739864,33,19,0,1,0,0.146476691,0,5,6,0,11,-0.077,-0.732,0.129,-0.603,1.894,1.572,2.048,2.109,20331.419,16870.777,22634.52,1.807,3.317,5.124,3.74,0.829679163,4.501917816,-3.672238653,0.17,1.96,-0.05,0.33,0.04,-1.61,-0.53,-0.3,-0.785,4.554,3.266,2.446,2.62,1.88,3.462,3.631,0.635,-5.597,-1.253,2.288,0.606,1.288,6,1,0,0,1,1,0,0,1,0,0,2.4834395860692826,2.3474063101223637,2.862848032358652,3.0748487181991395,TP2,TP2,True,0.0005272917532570056,0.9463606023992065,0.0015811222823785942,0.05153098356515794,4,45
A005,1,0,0,0.0,0,27,1,1,-1,1,3,51,4,-3.5832833,269,138,68,0,1,0.507686998,1,21,35,30,86,0.672,0.582,0.664,0.499,2.233,2.252,2.367,2.346,23970.414,24177.888,25181.154,-2.354,-0.308,5.327,5.618,5.043276825,4.346703404,0.696573421,-0.59,-1.26,0.08,-0.19,-0.1,1.87,2.0,0.66,2.234,5.09,4.284,4.522,1.37,3.308,3.098,0.665,-0.468,-1.237,2.998,3.48,2.867,4.362,6,1,0,0,1,1,0,0,1,0,0,1.1464589488921062,1.2021674470569619,0.7678499111682595,1.4236456459868623,TP3,TP2,False,0.004558141264881507,0.9926745846836261,0.001277108660742237,0.0014901653907500871,4,45
A007,0,0,0,2.722,2,40,1,1,-1,1,2,21,7,-6.827391,49,29,12,1,0,0.123499002,0,4,6,2,12,-0.034,-0.656,0.229,-0.339,1.923,1.755,2.08,2.186,20639.638,18835.798,23461.553,4.063,3.608,5.134,4.029,1.474393935,3.850658318,-2.376264384,0.57,-0.05,-0.04,-0.03,0.08,-1.33,-1.33,-0.38,-1.654,3.819,3.175,2.329,3.512,1.42,2.79,4.783,-0.048,-2.732,0.083,2.4,0.577,2.162,6,1,0,0,1,1,0,0,1,0,0,2.0767857458300214,2.28407470471204,2.6194696071133254,2.809240399349214,TP1,TP2,False,0.0006538635768266298,0.9383514217877952,0.0008570707919268235,0.060137643843451376,4,45
A010,1,0,0,0.0,0,42,1,1,-1,-1,3,22,8,-4.2699236,136,64,38,1,1,0.291685107,0,8,14,8,30,0.225,0.171,0.481,-0.197,2.001,2.047,2.192,2.256,21483.666,21976.766,24218.342,4.223,5.166,5.367,3.912,3.913295771,4.082472133,-0.169176363,-0.45,-0.24,0.04,-0.06,0.0,0.55,-0.08,-0.59,-0.419,4.274,2.913,2.702,2.913,1.724,2.535,3.853,-1.428,-3.286,0.551,2.683,1.194,4.097,6,1,0,0,1,1,0,0,1,0,0,1.5212348889704077,1.8272886945512437,1.67735413225856,1.9839857890033923,TP1,TP2,False,0.00010790124714702157,0.9967967709324833,0.0007874860724551046,0.0023078417479145577,4,45
A012,0,0,0,1.185,1,48,1,1,-1,-1,3,56,8,-3.594931,132,69,19,0,0,0.352518589,0,13,29,12,54,0.638,0.562,0.712,0.444,2.207,2.222,2.414,2.34,23693.915,23851.88,25119.744,3.949,5.457,5.02,6.064,4.46376819,4.559770293,-0.096002103,-0.1,-2.02,0.03,-0.31,-0.02,1.65,1.16,1.18,2.174,4.939,4.838,4.828,3.694,3.472,2.594,0.941,-0.391,-1.044,2.836,4.216,3.131,4.411,6,1,0,0,1,1,0,0,1,0,0,2.1782547537191483,2.3053824638317613,2.2780401922900837,2.7642786703594098,TP1,TP2,False,3.720967677918759e-05,0.9999185255756716,3.889304119212245e-05,5.371706357106277e-06,4,45
A014,0,0,0,3.677,3,63,0,1,-1,1,2,47,8,-5.0733694,25,21,22,0,0,0.162486057,0,5,8,1,14,-0.116,-0.503,-0.497,-0.62,1.914,1.836,2.021,2.174,20549.555,19703.476,23333.628,-0.835,7.804,5.688,3.354,1.898142253,4.995984077,-3.097841824,-0.34,-1.3,-0.01,-0.2,0.03,-1.19,-0.78,-0.81,-1.346,3.22,2.688,1.759,0.429,1.122,0.97,3.7,-3.504,-5.122,0.193,1.599,-0.038,0.907,6,1,0,0,1,1,0,0,1,0,0,2.9770960323412323,3.220281693120305,3.5837803704142304,3.4692929236816976,TP1,TP2,False,0.010010404405884707,0.965395020197029,0.00012200727297266909,0.024472568124113667,4,45
A017,0,0,0,1.625,2,57,1,1,-1,-1,3,26,8,-4.859264,116,65,47,0,1,0.338163615,0,9,15,5,29,-0.415,0.187,-0.392,-0.117,1.821,2.035,1.957,2.23,19545.062,21842.44,23940.294,3.885,7.253,5.896,2.105,3.664123247,4.430635574,-0.766512327,-0.59,0.35,0.08,-0.03,0.0,-0.29,-0.65,-1.84,-1.639,3.381,1.361,1.106,1.443,1.05,2.024,4.886,-0.092,-4.456,-0.546,0.819,0.076,2.591,6,1,0,0,1,1,0,0,1,0,0,2.1705268100048234,2.234068605201693,2.158790152947348,2.306060083695161,TP3,TP2,False,9.147248701905224e-05,0.998507501448306,0.000816519891142918,0.000584506173532005,4,45
A023,0,0,0,1.073,1,47,1,1,-1,-1,3,34,8,-3.4648956,92,58,27,0,0,0.431404706,0,14,28,21,63,0.126,0.259,0.372,0.021,1.988,2.064,2.136,2.268,21341.057,22157.625,24345.681,1.082,6.057,7.26,4.004,3.729377229,5.301504943,-1.572127714,-0.62,0.37,0.08,-0.03,0.01,0.13,-0.18,0.24,0.834,4.62,3.852,2.917,0.655,2.118,2.017,3.78,-0.268,-2.874,0.806,3.033,1.232,3.098,6,1,0,0,1,1,0,0,1,0,0,1.9844685167266198,2.247450877477762,1.6869418534644258,2.2633198575653424,TP3,TP2,False,0.0005200637723808516,0.9978933023391348,0.0009633239782079012,0.0006233099102764721,4,45
A042,0,0,0,0.946,1,50,0,-1,-1,-1,3,22,0,-4.407352,32,17,7,1,0,0.511694128,1,3,10,2,15,0.102,0.444,0.418,0.458,1.965,2.163,2.152,2.314,21088.277,23216.108,24841.633,-1.245,-0.583,3.392,4.05,4.559614381,4.477975082,0.081639299,-0.69,1.23,0.08,0.12,-0.01,-0.23,0.79,-1.02,-2.637,4.471,2.43,2.775,4.119,2.143,4.053,7.261,-2.101,-3.923,1.539,1.54,0.674,2.907,6,1,0,0,1,1,0,0,1,0,0,1.4002501637312592,1.0760217432211119,1.2870911184815177,1.6088344547574742,TP2,TP2,True,5.568873929445225e-06,0.9979931213617698,5.915585236874488e-06,0.001995394179063917,4,45
A057,0,0,0,1.518,2,54,1,1,-1,1,2,32,8,-3.2928437,25,14,10,0,0,0.153638526,0,2,3,0,5,-0.312,-0.316,-0.623,0.201,1.858,1.959,1.942,2.251,19944.942,21025.657,24159.55,5.598,4.668,5.78,2.991,2.479851189,3.828840618,-1.348989429,-0.54,-0.89,-0.03,-0.19,0.09,-1.74,-1.63,-1.59,-0.26,3.726,1.733,1.848,1.77,0.548,3.563,1.728,-1.432,-4.827,-0.038,1.396,1.691,0.346,6,1,0,0,1,1,0,0,1,0,0,2.245785224039975,2.237030702955923,2.2645068999674223,2.619889528031479,TP2,TP2,True,0.0026667325537049814,0.992785316458804,0.00010786447298409309,0.004440086514507037,4,45
A067,0,0,0,2.926,2,39,1,1,-1,1,3,33,7,-3.7422008,76,41,39,0,0,0.2613614,0,2,14,0,16,-0.37,-0.248,-0.502,-0.329,1.849,1.938,1.916,2.198,19843.0,20804.509,23598.013,3.612,6.037,7.389,2.778,2.870601405,6.16264448,-3.292043075,-0.74,-0.66,0.05,-0.16,0.02,-1.25,-0.62,-0.55,-0.548,3.503,2.981,1.797,1.006,0.925,1.421,3.558,-1.62,-6.283,0.126,1.781,0.338,2.341,6,1,0,0,1,1,0,0,1,0,0,2.6251192880455805,2.9589339499985763,2.9650771410663808,3.2122850702205428,TP1,TP2,False,0.014925896982788482,0.9782873897035375,0.00023076639422041608,0.006555946919453714,4,45
A102,0,0,0,3.772,3,49,1,1,-1,1,3,39,7,-3.557008,110,59,23,1,1,0.389188076,0,11,13,8,32,0.408,0.515,0.494,0.465,2.032,2.16,2.171,2.314,21816.038,23185.861,24836.315,1.47,3.127,5.61,3.706,3.820032491,4.353574721,-0.53354223,-0.91,-0.6,0.05,-0.2,0.05,0.04,-0.22,-0.51,1.621,4.778,3.023,2.941,4.273,1.976,2.364,5.029,-2.124,-2.306,1.201,2.962,1.178,3.156,6,1,0,0,1,1,0,0,1,0,0,1.818202229180025,2.0309528824506735,1.6905879060610003,2.059118443783247,TP3,TP2,False,0.001447207578477472,0.9748416374618153,0.0006748432294995337,0.023036311730207683,4,45
A149,0,0,0,3.128,2,50,1,1,-1,1,2,44,8,-3.658615,87,41,8,1,0,0.301982012,0,3,6,0,9,-0.36,-0.68,-0.343,-0.437,1.857,1.676,1.991,2.158,19934.927,17995.343,23163.217,3.459,6.832,6.902,2.941,1.21228227,4.427390079,-3.215107809,-0.32,0.82,-0.02,0.11,0.05,-1.31,-0.88,-0.79,-0.324,4.17,2.711,1.814,1.802,1.177,2.951,5.097,-1.109,-4.129,-0.338,2.071,0.737,1.16,6,1,0,0,1,1,0,0,1,0,0,2.675868283410283,3.0256748096864485,3.0513270462285362,3.340100390698556,TP1,TP2,False,0.00978016831135895,0.9546091482758221,0.0015897406318232715,0.03402094278099572,4,45
A248,0,0,0,1.141,1,48,1,1,-1,-1,3,36,5,-3.77829,105,54,18,0,1,0.396386059,0,6,19,7,32,0.504,0.662,0.616,0.589,2.126,2.305,2.283,2.394,22823.283,24743.133,25694.975,-2.923,1.812,5.371,4.966,5.179385861,2.780366264,2.399019597,-0.81,-1.06,0.08,-0.24,-0.01,1.03,0.25,-0.37,1.313,4.466,3.175,3.344,3.149,2.487,2.58,-0.585,-0.541,-2.228,1.164,3.243,1.951,3.975,6,1,0,0,1,1,0,0,1,0,0,1.5586451826560737,0.8814912719903693,0.6413399560724408,1.4480059383117805,TP3,TP2,False,1.885008701377932e-05,0.9964911604761938,0.00019351818784212903,0.0032964712489503794,4,45
A253,0,0,0,1.788,2,49,1,1,-1,1,2,25,7,-3.929318,19,12,10,0,0,0.373339895,0,9,6,2,17,0.614,-0.446,0.783,-0.357,2.234,1.895,2.397,2.213,23976.471,20346.268,23755.721,1.319,2.981,5.147,6.286,3.048211354,4.567470736,-1.519259382,0.92,-1.53,-0.09,-0.13,0.0,1.42,0.48,1.92,3.459,6.291,5.598,4.777,3.301,3.636,3.339,4.343,0.2,-3.541,2.343,5.024,2.988,3.72,6,1,0,0,1,1,0,0,1,0,0,0.3202638696489407,0.7450928065146256,0.5913595160008023,0.8874320964500773,TP1,TP2,False,0.0009628952671130233,0.9904213045958689,0.0006880878341114226,0.00792771230290667,4,45
A280,0,0,0,3.366,3,46,1,1,-1,1,2,56,8,-3.8205074,113,60,24,0,0,0.140250641,0,4,4,1,9,-0.629,-0.069,-0.671,-0.221,1.794,1.997,1.889,2.241,19255.948,21433.542,24054.313,6.312,6.82,6.869,2.746,2.985221288,5.090291771,-2.105070484,-1.08,0.89,0.09,-0.02,0.08,-1.87,-1.37,-0.9,-0.756,3.746,2.577,1.439,1.206,0.636,2.038,4.778,-3.53,-5.222,-1.159,1.622,-0.403,1.815,6,1,0,0,1,1,0,0,1,0,0,2.722718852768555,3.1305986683304727,3.1633536497725365,3.4085011546200428,TP1,TP2,False,0.0007513066023033829,0.9987156244108566,8.141933585987213e-05,0.00045164965098009187,4,45
A292,0,0,0,1.696,2,49,1,1,-1,-1,2,58,8,-3.6879086,29,17,18,0,0,0.250253873,0,1,6,0,7,-0.727,-0.769,-0.83,-0.687,1.565,1.472,1.593,2.103,16795.469,15804.31,22570.398,4.795,5.526,5.782,0.398,0.014029768,4.129527116,-4.115497348,-0.8,-0.02,0.0,-0.05,0.07,-2.87,-1.57,-2.53,-2.01,2.02,0.299,-0.419,-2.193,-0.777,-0.676,3.055,-3.328,-7.068,-3.955,-0.248,-3.042,-0.71,6,1,0,0,1,1,0,0,1,0,0,2.408980184843836,2.610481566753217,2.6223455787781873,2.8500741425397114,TP1,TP2,False,0.02404368077120135,0.8997173005498574,0.00028219020918737736,0.07595682846975385,4,45
A304,0,0,0,1.859,2,48,1,1,-1,-1,3,48,3,-3.2654308,100,62,9,0,1,0.50035382,0,8,29,13,50,-0.151,0.468,-0.253,0.436,1.91,2.157,1.995,2.333,20500.733,23159.453,25040.717,-1.618,0.315,5.443,3.462,4.579334546,4.001047637,0.578286908,-1.72,0.81,0.12,0.02,-0.02,-0.13,-0.39,-0.61,0.183,4.588,2.854,1.988,3.791,1.052,3.488,2.618,1.142,-5.075,-0.397,1.351,-0.222,2.159,6,1,0,0,1,1,0,0,1,0,0,1.0735395691402663,0.2966717288046403,0.08372714338741682,0.7893472244466191,TP3,TP2,False,0.00014564061713359612,0.969342965809168,0.004666113083703833,0.025845280489994613,4,45
A332,0,0,0,3.233,2,46,0,1,-1,1,2,60,8,-4.262513,15,10,7,1,0,0.160713418,1,4,7,0,11,-0.49,-0.803,-0.508,-0.6,1.822,1.529,1.956,2.134,19559.944,16416.456,22910.788,1.307,4.439,6.743,3.396,0.658067247,4.829245437,-4.17117819,-0.2,0.17,0.01,0.02,0.01,-1.77,-0.77,0.04,-0.455,3.586,3.634,2.042,0.214,1.82,1.335,6.356,-1.348,-3.599,0.404,2.02,0.358,0.71,6,1,0,0,1,1,0,0,1,0,0,2.9744969178459106,3.2637422078147886,3.802428725503092,3.8996306857566094,TP1,TP2,False,0.020371847921929243,0.808569928518403,0.00034146461306601753,0.17071675894660163,4,45
A354,0,0,0,3.298,3,48,1,1,-1,1,2,21,8,-3.767925,24,14,2,0,0,0.277264442,0,7,11,3,21,-0.709,-0.034,-0.797,-0.191,1.622,1.977,1.697,2.224,17411.053,21226.921,23874.241,4.09,5.86,6.236,1.419,3.324847782,5.420570177,-2.095722396,-0.86,0.73,0.07,0.01,0.05,-2.16,-1.4,-2.29,-4.635,2.87,0.645,0.184,-1.297,-0.326,1.731,4.694,-2.655,-7.279,-4.385,-0.117,-1.201,0.482,6,1,0,0,1,1,0,0,1,0,0,3.055770739104648,3.456599965834032,3.151421268436944,3.392182328408021,TP1,TP2,False,0.004250286559082795,0.994264524383192,0.00015122792769030138,0.0013339611300348985,4,45
A359,1,0,0,0.0,0,54,1,1,-1,1,3,23,3,-3.7284383,144,78,33,0,1,0.673810745,0,11,18,9,38,0.559,0.485,0.516,0.337,2.133,2.181,2.207,2.31,22893.275,23410.199,24795.498,-1.448,2.749,5.177,3.627,5.014147539,4.091313888,0.922833651,-0.95,-0.19,0.1,-0.03,-0.1,1.09,0.34,-0.45,0.814,4.613,3.091,2.517,1.389,2.324,2.516,1.129,0.51,-4.244,-0.005,2.692,1.187,2.902,6,1,0,0,1,1,0,0,1,0,0,1.4662658146689385,1.2109469624906202,0.9089702967103334,1.4162781487065268,TP3,TP2,False,0.0006090259335435541,0.9837635444731277,0.0006239016780176633,0.015003527915311175,4,45
A398,0,0,0,3.467,3,50,0,1,-1,1,2,46,8,-4.3015813,20,15,2,1,0,0.13515221,0,2,6,0,8,-0.521,-0.782,-0.512,-0.492,1.809,1.553,1.957,2.135,19418.756,16673.453,22917.628,3.64,5.251,6.954,3.357,0.972370178,4.764021388,-3.791651209,-0.83,1.28,0.03,0.13,0.05,-1.22,-0.85,-0.5,0.002,3.785,3.034,2.1,0.867,1.262,1.177,5.13,-1.467,-6.674,-0.629,1.952,0.621,2.315,2,1,0,0,0,0,0,0,0,0,1,3.000829899649841,3.314883935779023,3.6110487820448864,3.593258124542939,TP1,TP4,False,0.0065117151023576835,0.44225349289362215,0.0004697635210784575,0.5507650284829417,4,45
A419,0,0,0,2.645,2,52,0,1,-1,1,2,30,8,-4.3875174,64,37,17,0,0,0.238990012,0,4,7,3,14,-0.117,-0.377,0.22,-0.572,1.951,1.97,2.108,2.208,20947.222,21147.059,23703.517,2.211,5.662,4.522,3.584,2.637564074,4.496545044,-1.85898097,0.18,0.5,0.03,0.03,0.04,-1.33,-1.09,-0.48,0.271,4.062,3.054,2.05,0.338,1.313,1.734,3.348,-2.175,-6.913,-0.022,2.789,0.445,2.166,6,1,0,0,1,1,0,0,1,0,0,2.6007645375474566,3.004962823259739,2.9799358460041456,3.0899087598443074,TP1,TP2,False,0.0002365508958116262,0.9799263889212001,4.614175959102918e-05,0.019790918423397145,4,45
A463,0,0,0,1.217,1,48,1,1,-1,-1,3,21,8,-4.074614,52,27,26,0,1,0.323486358,0,6,7,4,17,0.472,0.218,0.432,0.303,2.067,2.036,2.174,2.269,22182.684,21851.099,24361.506,5.155,4.759,6.097,3.992,3.674381673,4.50797251,-0.833590837,-0.57,-0.58,0.02,-0.09,-0.01,0.37,-0.18,0.16,0.386,5.079,3.757,3.137,2.394,2.286,2.835,4.302,-0.572,-1.68,1.896,3.3,1.696,3.867,6,1,0,0,1,1,0,0,1,0,0,1.9181749905515668,1.9538089274866308,1.8132629848944228,2.181705822426767,TP3,TP2,False,0.0001075450229958737,0.9987365254712878,0.0002936859338247999,0.0008622435718915047,4,45
A476,0,0,0,2.126,2,36,1,1,-1,1,2,33,8,-4.5464367,37,18,42,0,0,0.315726418,1,4,15,3,22,0.133,0.131,-0.247,-0.321,1.98,2.01,2.019,2.217,21258.253,21577.621,23803.036,3.126,6.445,6.475,3.624,3.350323489,5.491409062,-2.141085573,-0.62,-0.48,0.05,-0.14,0.02,-0.27,-0.74,-1.0,1.177,4.481,2.438,2.419,1.805,1.571,1.77,4.134,-2.218,-2.189,0.592,2.724,0.851,2.846,5,1,0,0,1,1,0,0,1,0,0,2.778873277591452,3.1347981390949835,3.1682156957862597,3.5237758005873783,TP1,TP2,False,0.004441298051310366,0.9951814039966259,5.5213960730831635e-05,0.0003220839913329474,4,45
A524,0,0,0,3.233,2,49,1,1,-1,1,2,51,8,-4.3377627,84,45,19,1,0,0.191741168,1,4,6,0,10,0.213,-0.405,0.192,-0.257,1.983,1.887,2.058,2.211,21288.127,20257.141,23729.78,-0.761,4.883,6.145,3.361,2.322623341,5.247790404,-2.925167063,0.1,-0.42,-0.12,0.06,0.01,-1.08,-0.54,-0.84,-2.077,4.682,2.639,2.168,1.623,1.515,4.074,3.97,0.042,-4.97,-0.721,2.374,0.245,2.626,6,1,0,0,1,1,0,0,1,0,0,2.348754544276763,2.3127260780731165,2.5427702359714224,2.971033155507784,TP2,TP2,True,0.0021023220105479577,0.9956795365617916,0.000696054636259565,0.0015220867914008634,4,45
A530,0,0,0,2.025,2,45,1,1,-1,-1,3,28,7,-3.2068948,83,42,18,0,1,0.637201551,0,7,13,5,25,0.586,-0.719,0.564,-0.34,2.099,1.63,2.243,2.168,22532.717,17495.46,23277.079,1.651,6.144,5.983,4.053,0.59884803,3.542538614,-2.943690584,0.13,-1.43,-0.07,-0.14,0.0,0.03,-0.27,-0.09,0.888,4.305,3.495,2.632,1.54,1.871,2.554,6.286,-1.557,-5.915,0.833,2.792,1.293,3.845,6,1,0,0,1,1,0,0,1,0,0,1.812214467248746,2.4001219079275415,1.6445348697195643,1.85544124632384,TP3,TP2,False,0.0044986249747826276,0.924761214861095,0.0015258447163033362,0.06921431544781906,4,45
A538,0,0,0,3.593,3,56,1,1,-1,1,2,36,8,-3.169434,33,16,26,0,0,0.307718769,0,9,10,5,24,0.382,0.003,-0.128,-0.059,1.988,1.952,2.0,2.192,21337.418,20949.634,23535.044,-2.063,6.857,5.365,3.563,3.175250914,5.43277705,-2.257526136,-0.34,-0.93,-0.01,-0.14,0.0,-0.81,-0.44,-0.49,-2.324,4.37,3.029,2.052,1.999,1.605,3.819,3.646,-0.938,-6.352,-0.257,2.18,0.588,1.446,6,1,0,0,1,1,0,0,1,0,0,2.5915192602192576,2.523910291335706,2.3361436298541145,2.711193335816771,TP3,TP2,False,0.002579509521586015,0.9963982674565669,0.00021060774631715556,0.0008116152755298333,4,45
A565,0,0,0,2.37,2,35,1,1,-1,-1,3,30,5,-4.0813316,26,14,0,0,1,0.0,0,0,0,0,0,0.342,-0.661,0.477,-0.486,2.049,1.718,2.199,2.182,21993.163,18444.321,23420.833,0.427,3.685,5.294,4.918,1.376476646,4.230769398,-2.854292752,-0.64,-1.65,-0.09,-0.18,0.03,-0.39,-0.51,0.51,1.495,5.002,4.132,3.717,2.706,2.182,2.867,3.418,0.954,-1.872,1.53,3.123,1.13,1.009,3,1,0,0,0,0,0,0,0,0,1,1.669099731527914,1.137851278667533,1.3999087381972561,1.9224002697303564,TP2,TP4,False,0.0015040856461804965,0.2806894842465006,0.0008121390700258117,0.7169942910372932,4,45
A581,0,0,0,1.916,2,53,1,-1,-1,-1,2,34,0,-4.5693983,46,27,10,0,0,0.150315527,0,1,3,0,4,-0.218,-0.112,0.162,0.238,1.909,1.929,2.039,2.252,20488.409,20707.619,24176.202,0.597,0.316,5.21,3.49,3.517262332,4.713586168,-1.196323837,-1.24,0.86,0.04,0.06,0.03,-0.69,-0.45,-0.94,1.263,5.507,2.528,2.101,3.831,1.653,4.058,1.215,0.435,-4.894,-0.196,2.518,0.446,2.915,6,1,0,0,1,1,0,0,1,0,0,0.7533819405587944,-0.019656848195806875,0.149513519770739,0.5856656159272771,TP2,TP2,True,0.00015170601815949345,0.9579831490659718,0.000429580072255333,0.0414355648436133,4,45
A637,0,0,0,0.947,1,65,1,-1,-1,1,3,38,0,-3.2755877,151,70,46,0,1,0.661300329,1,9,22,10,41,0.223,0.678,0.093,0.564,1.983,2.311,2.079,2.371,21288.331,24812.389,25447.508,-1.204,0.235,6.109,3.41,5.980248183,3.871326955,2.108921228,-1.35,0.6,0.13,-0.03,-0.02,0.81,0.99,-0.88,-0.489,4.753,2.613,2.184,3.845,1.664,2.942,3.205,0.109,-5.648,0.165,1.722,0.745,3.878,6,1,0,0,1,1,0,0,1,0,0,1.122529367942973,0.5046657160417689,0.39775827779728773,0.8716768153231168,TP3,TP2,False,0.00024314011932078376,0.9937444809019791,0.0009522062200802954,0.005060172758619807,4,45
A665,0,0,0,1.437,2,55,1,1,-1,-1,2,40,8,-4.2098955,60,37,10,0,0,0.244228168,0,6,6,0,12,0.351,0.55,-0.16,0.243,1.997,2.151,2.03,2.287,21439.745,23087.879,24551.66,4.138,8.511,6.32,3.55,4.146680517,5.744134728,-1.597454211,-1.24,-0.41,0.06,-0.14,0.01,-0.53,-0.18,-0.24,-0.739,4.58,3.317,1.983,1.381,1.623,1.672,3.301,-2.341,-4.952,-0.841,2.783,1.123,2.532,6,1,0,0,1,1,0,0,1,0,0,2.5108553042148913,2.5338766826181827,2.703678099073373,2.975554918304123,TP1,TP2,False,0.00012284945909605397,0.9998402274063002,2.270849276457161e-05,1.4214641839292548e-05,4,45
A734,0,0,0,1.537,2,46,1,1,-1,-1,2,33,8,-4.279512,75,29,9,1,0,0.083559309,0,3,3,4,10,0.273,0.297,-0.009,-0.081,1.969,1.997,2.0,2.201,21139.333,21438.502,23631.468,2.394,5.263,6.608,2.081,3.564338518,5.829256695,-2.264918178,-0.37,-1.25,-0.04,-0.15,0.0,-0.31,-0.59,-1.37,-2.625,4.857,2.015,1.069,0.42,0.764,3.133,0.632,-0.653,-3.454,-0.219,1.117,-0.555,2.944,6,1,0,0,1,1,0,0,1,0,0,1.6442414078495087,1.642150375241842,1.8099611655317167,2.233131513215242,TP2,TP2,True,0.003308430824727159,0.9956506444468132,0.0004490849460730414,0.000591839782386708,4,45
A767,0,0,0,1.636,2,57,1,1,-1,-1,3,21,3,-4.639152,266,139,58,0,1,0.537662304,1,12,30,18,60,0.059,-0.198,0.26,-0.389,1.966,1.963,2.089,2.217,21104.636,21071.81,23793.893,1.046,2.281,6.199,3.266,3.735847915,3.321125508,0.414722407,-0.47,0.2,0.07,0.03,-0.06,0.56,-0.02,-0.97,-2.063,3.849,2.502,1.8,2.204,0.924,2.657,3.497,0.512,-7.213,-0.455,1.107,0.218,2.8,6,1,0,0,1,1,0,0,1,0,0,0.743129767790776,0.47799828353368773,0.4658791186023631,0.7894078126539055,TP3,TP2,False,0.00020101246138862623,0.9831150902001313,0.011485428060828416,0.0051984692776516845,4,45
T185,1,1,0,0.0,0,35,1,1,1,-1,3,33,3,-3.312091596,162,71,34,0,1,0.310181997,0,13,13,8,34,-0.603,0.157,-0.529,-0.385,1.333,1.579,1.432,1.675,19047.742,22556.459,23927.819,0.721,0.755,11.27,2.058,3.415859864,4.831610042,-1.415750178,-0.65,0.24,0.03,0.01,0.0,-1.1,-0.81,-1.69,-0.767,3.891,1.502,0.752,-1.019,0.241,0.781,-1.523,-2.387,-6.996,-1.044,0.789,-0.203,0.276,7,1,0,0,1,1,1,1,0,0,0,1.368470575813571,1.3974238237045213,0.7763723951667252,1.3732811772138285,TP3,TP1,False,0.963620874138704,0.015066373004352651,0.014147163372204894,0.007165589484738499,4,45
T186,1,1,0,0.0,0,59,1,-1,1,1,2,31,0,-3.316680922,122,63,4,1,1,0.224818283,0,10,15,5,30,0.387,-0.114,0.446,-0.438,1.604,1.57,1.709,1.688,22922.301,22428.001,24110.094,-1.038,-0.049,9.939,4.459,3.179686802,4.301734332,-1.12204753,0.17,-1.74,-0.12,-0.14,-0.01,-0.11,0.35,-0.37,2.725,5.989,3.112,2.979,1.591,2.047,2.406,-1.364,-0.954,-5.528,0.854,3.225,1.953,1.422,7,1,0,0,1,1,1,1,0,0,0,1.356714374068222,1.3364571428071828,1.0645926342424552,1.387028333617205,TP3,TP1,False,0.9701348952005294,0.0005638920840106942,0.015218828047952028,0.014082384667507776,4,45
T187,0,1,0,1.271,1,59,1,-1,1,1,3,18,0,-3.717039868,159,69,29,0,0,0.399803081,0,11,30,12,53,0.429,-0.283,0.346,-0.471,1.584,1.539,1.682,1.664,22630.398,21980.86,23773.649,-2.962,1.482,11.512,4.771,3.107285154,4.113504298,-1.006219144,-0.11,-1.62,-0.06,-0.14,-0.04,0.17,0.26,-0.13,0.29,5.44,3.375,2.972,2.515,2.28,2.535,0.49,-2.092,-1.443,1.005,2.632,1.672,1.37,4,1,0,0,1,1,1,1,0,0,0,2.276497906582416,2.1606009018171335,1.7685770768526203,2.3595368651834283,TP3,TP1,False,0.9884059869162997,0.0013712128061769597,0.0084965802707081,0.0017262200068152813,4,45
T188,1,1,0,0.0,0,76,1,1,1,-1,2,60,4,-3.804741411,272,127,47,1,0,0.456585263,0,11,32,17,60,-0.572,-0.121,-0.519,-0.497,1.358,1.589,1.454,1.674,19406.281,22698.272,23909.996,-2.165,0.184,8.893,2.431,3.627961172,4.008441251,-0.380480079,-0.61,-1.12,-0.03,-0.13,-0.01,-1.05,-0.52,-1.85,-2.754,4.046,1.256,0.981,0.37,0.592,0.934,0.664,-1.553,-6.049,-0.559,1.148,0.289,1.213,4,1,0,0,0,0,1,0,0,1,0,1.7535441039991484,1.7853656481783011,1.7803070415973306,2.0093774765154895,TP1,TP3,False,0.16365045581754759,0.018280254776420743,0.8139852632115226,0.0040840261945090505,4,45
T190,1,1,0,0.0,0,55,1,-1,1,-1,2,24,2,-3.103020701,553,226,160,0,1,0.254328117,0,8,15,7,30,0.425,-0.272,0.531,-0.517,1.638,1.558,1.757,1.674,23394.972,22256.71,23923.193,-0.209,1.305,10.191,5.215,3.1625986,4.797027108,-1.634428508,0.67,-2.76,-0.21,-0.17,-0.03,-0.14,0.25,1.04,2.264,6.559,4.619,3.332,3.256,3.061,3.556,1.365,-0.469,-2.0,1.645,4.115,2.795,1.226,4,1,0,0,0,0,1,0,0,1,0,0.40064519597766657,0.40213511732119717,0.1427663123416534,0.48976548920297264,TP3,TP3,True,0.13802796323525493,0.001599215155553856,0.8525485756301832,0.007824245979008113,4,45
T193,0,0,0,2.062,2,48,1,1,1,-1,3,60,8,-3.696416533,118,41,20,0,1,0.210341122,0,12,22,18,52,-0.728,-0.472,-0.846,-0.472,1.154,1.471,1.114,1.668,16489.989,21012.215,23836.549,4.719,5.379,6.725,1.255,2.787236521,5.657549582,-2.870313061,-1.19,-0.14,0.03,-0.11,0.06,-3.18,-1.24,-2.18,-4.102,3.234,0.79,-0.584,0.0,-0.099,0.085,-1.063,-2.503,-7.403,-1.806,-0.296,-2.623,-1.681,7,0,1,1,0,1,1,1,0,0,0,1.964880198017139,2.0702081614748007,2.0523978860796412,2.1919955962102975,TP1,TP1,True,0.9459897879556577,0.036845384382969006,0.015171976285903966,0.001992851375469327,4,45
T196,1,1,0,0.0,0,58,1,1,1,1,3,43,8,-4.059252546,181,76,60,0,0,0.216415773,0,3,23,11,37,-0.788,0.302,-0.879,-0.302,1.046,1.64,1.048,1.708,14944.395,23435.887,24397.029,-1.659,7.454,9.53,-0.68,3.587597391,5.028907608,-1.441310217,-0.88,0.34,0.03,-0.03,0.07,-3.82,-2.31,-3.19,-3.942,1.989,-1.483,-2.627,-0.56,-1.133,0.858,0.656,-4.172,-7.366,-3.775,-2.282,-2.846,-0.746,7,0,1,1,0,1,1,1,0,0,0,1.8465507519365163,1.6151693260253375,1.3477438369071457,1.9359759430832488,TP3,TP1,False,0.9227393518094242,0.06976703644876146,0.006882447969461121,0.0006111637723531327,4,45
T197,0,0,0,1.543,2,62,1,1,1,-1,3,21,8,-4.506213774,103,36,17,1,0,0.168124561,0,2,4,0,6,-0.618,-0.592,-0.693,-0.672,1.227,1.445,1.193,1.612,17528.606,20637.722,23023.688,2.255,5.755,10.175,0.122,2.010624551,3.720853853,-1.710229302,0.01,-0.91,-0.06,-0.1,0.03,-3.08,-1.45,-3.33,-3.407,2.745,-2.761,-2.068,-2.075,-1.291,0.601,-2.698,-2.79,-5.148,-3.365,-1.98,-2.299,-1.321,7,1,0,0,1,1,1,1,0,0,0,1.182290514623472,1.1425593378406422,1.2526197123369924,1.7047190331724136,TP2,TP1,False,0.9784077732348263,0.01709375113469085,0.0026312908028342952,0.0018671848276486263,4,45
T204,1,1,0,0.0,0,55,1,-1,1,-1,2,20,0,-3.924618631,559,228,130,0,0,0.511475517,0,5,17,2,24,-0.575,-0.025,-0.647,-0.282,1.293,1.568,1.387,1.682,18472.227,22401.564,24024.598,-2.2,4.629,10.484,1.847,2.963166789,4.910284202,-1.947117413,-0.84,-1.02,-0.04,-0.16,0.04,-2.27,-1.47,-2.24,-2.283,3.807,0.673,0.338,0.03,0.259,1.506,1.012,-3.613,-7.414,-1.234,0.951,-0.729,-0.038,7,1,0,0,1,1,1,1,0,0,0,0.5330745687446894,0.7374689934265521,0.2513742357053544,0.4520979040294185,TP3,TP1,False,0.8819176411359556,0.016203063015760234,0.07444589653411766,0.027433399314166527,4,45
T205,0,0,0,2.303,2,53,1,1,1,-1,3,15,3,-3.628473125,58,26,19,0,1,0.403673599,0,13,21,17,51,-0.662,-0.614,-0.813,-0.553,1.277,1.418,1.27,1.652,18247.675,20264.924,23596.227,4.332,4.792,9.439,2.474,2.608048068,4.396220439,-1.788172371,-1.05,-0.32,-0.02,-0.09,0.06,-2.62,-1.31,-1.71,0.202,4.587,1.449,1.1,-0.56,0.703,0.284,-0.015,-2.465,-4.813,-1.328,1.983,-0.163,-0.323,7,0,1,1,0,1,1,1,0,0,0,0.18186708228301796,0.6673244213022657,0.07179052709672046,0.23611281161978281,TP3,TP1,False,0.960318857519834,0.0030421800588988903,0.018319424873739835,0.018319537547527274,4,45
T206,0,1,0,1.331,1,55,1,1,1,-1,3,36,8,-4.640040532,125,50,9,0,1,0.276452734,0,4,23,15,42,-0.556,-0.388,-0.594,-0.566,1.332,1.501,1.34,1.63,19027.834,21447.797,23283.873,4.136,5.235,9.221,2.154,4.174804083,5.018694901,-0.843890818,-0.54,0.06,-0.06,0.09,0.0,-1.74,-0.37,-1.91,-2.553,5.178,1.168,0.69,1.001,1.017,3.066,4.663,-1.07,-5.223,-2.724,1.193,-0.807,2.359,4,1,0,0,0,0,1,0,0,1,0,1.9296298822696591,2.1624680255345696,2.03116526626493,2.2333684799224227,TP1,TP3,False,0.17626967165465499,0.03924841702243992,0.7839311883309236,0.0005507229919815923,4,45
T207,1,1,0,0.0,0,61,1,-1,1,1,3,97,0,-3.82360593,204,92,15,0,0,0.432253389,1,16,26,14,56,-0.251,0.457,-0.287,0.219,1.336,1.544,1.374,1.636,19081.872,22054.448,23379.901,-1.269,1.25,10.747,2.077,3.712787663,4.179430223,-0.466642561,-0.69,0.32,0.0,0.05,0.0,-1.72,-0.72,-1.81,-1.365,6.021,1.122,0.141,-2.686,-0.095,0.174,2.772,-2.379,-6.96,-1.658,1.897,0.228,3.049,7,1,0,0,1,1,1,1,0,0,0,1.4201379759527308,1.6662891436083511,1.0929816560897532,1.5105579507198459,TP3,TP1,False,0.9389004557030818,0.043456367186989794,0.016827832086525288,0.0008153450234032287,4,45
T209,1,1,0,0.0,0,55,1,1,1,-1,3,60,5,-5.043132153,130,45,19,0,0,0.273259908,0,5,15,15,35,-0.76,-0.6,-0.887,-0.693,1.099,1.406,1.073,1.592,15705.013,20084.148,22747.69,1.89,1.915,10.439,1.061,2.575944427,4.372911687,-1.79696726,-0.41,-0.56,-0.02,-0.1,0.05,-3.54,-1.78,-2.2,-1.317,3.08,0.744,-0.269,-0.606,-0.115,0.699,-0.378,-3.93,-7.468,-1.616,-0.069,-2.423,0.282,7,1,0,0,1,1,1,1,0,0,0,0.4935051476853183,0.7196248537763069,0.675959490281115,0.9576053252897188,TP1,TP1,True,0.9367716661010607,0.033007344976889896,0.027000996316985753,0.003219992605063775,4,45
T210,1,1,0,0.0,0,48,1,1,1,-1,2,23,3,-4.298068302,83,39,32,1,0,0.065527027,0,1,5,0,6,-0.807,-0.458,-0.872,-0.517,0.954,1.449,0.912,1.621,13624.828,20705.247,23153.23,1.484,2.966,11.224,-0.648,3.411614752,4.3587682,-0.947153448,-1.32,0.85,0.03,0.06,0.05,-3.65,-2.04,-3.19,-3.982,2.626,-1.455,-1.739,-1.935,-0.597,0.752,0.954,-3.924,-6.889,-5.785,-2.009,-2.326,0.379,7,1,0,0,1,1,1,1,0,0,0,0.7076925497563847,0.6386682103778238,0.5241063057090015,0.9499883528950297,TP3,TP1,False,0.9450775527692238,0.030725986437575643,0.01693939879963946,0.007257061993561145,4,45
T213,1,1,0,0.0,0,50,1,-1,1,1,3,18,0,-2.79471863,87,47,7,1,1,0.296527441,1,6,20,13,39,-0.503,-0.396,-0.644,-0.501,1.384,1.541,1.394,1.672,19773.538,22018.09,23886.701,-1.261,0.264,9.827,1.591,3.246470374,3.103918841,0.142551533,0.04,-1.01,-0.01,-0.14,0.0,-2.15,-0.55,-2.17,-0.059,3.478,0.779,0.091,-1.009,0.235,0.888,0.037,-1.245,-4.459,-1.575,1.141,-0.151,1.723,7,1,0,0,1,1,1,1,0,0,0,1.1294701919498737,1.2047399157669132,0.7271719051018046,1.3053941433376575,TP3,TP1,False,0.9181550188166345,0.0012360205325732583,0.007259406096414255,0.07334955455437803,4,45
T215,1,1,0,0.0,0,33,1,-1,1,-1,3,29,0,-3.501901475,196,86,87,0,0,0.581378073,0,22,37,23,82,0.009,0.161,-0.11,-0.462,1.517,1.641,1.577,1.691,21675.333,23451.147,24159.382,0.424,1.154,8.789,3.132,4.180658851,3.634218203,0.546440648,-0.62,-0.9,0.0,-0.08,-0.04,-0.16,0.55,-0.93,0.068,4.619,2.441,2.071,0.271,1.45,1.748,-1.402,-1.679,-2.223,0.424,2.102,1.492,1.648,7,1,0,0,1,1,1,1,0,0,0,1.4073496353713453,1.7878037934008568,0.9851564989047658,1.565267227930338,TP3,TP1,False,0.9718339137567756,0.015335682689260655,0.011775762833728722,0.0010546407202349888,4,45
T217,0,1,0,1.004,1,61,1,1,1,-1,2,25,7,-3.651364875,177,74,67,1,0,0.292553961,0,9,17,6,32,0.277,-0.249,-0.098,-0.576,1.558,1.545,1.568,1.643,22261.026,22077.442,23472.801,3.884,6.85,9.492,3.377,3.483856926,4.852187651,-1.368330725,0.09,-1.97,-0.14,-0.12,-0.03,-0.91,-0.17,-1.29,1.893,5.626,2.007,1.88,1.232,1.417,3.399,1.643,-1.941,-3.86,0.218,2.812,1.383,2.589,7,1,0,0,1,1,1,1,0,0,0,0.8312531227446098,1.4273529878005908,1.253180870044058,1.4274414925719223,TP1,TP1,True,0.9065936348614103,0.028739200852163218,0.06458337692948257,8.378735694402957e-05,4,45
T218,0,0,0,3.072,2,40,1,1,1,1,3,34,8,-3.607653008,67,33,11,1,1,0.252727084,0,9,13,6,28,-0.613,-0.409,-0.698,-0.492,1.312,1.51,1.328,1.665,18738.522,21566.504,23793.166,3.272,6.405,5.784,1.321,3.205838073,4.825693524,-1.619855451,-0.89,-0.25,-0.02,-0.03,0.01,-1.44,-1.06,-2.18,-2.634,4.083,0.702,0.332,-0.919,0.15,1.591,1.377,-2.838,-5.677,-0.463,0.54,-0.604,0.146,7,1,0,0,1,1,1,1,0,0,0,2.627780646622474,3.206655615876582,3.0321894410425547,3.137834886227153,TP1,TP1,True,0.959642442257325,0.030756596601999187,0.003648361379957896,0.005952599760717935,4,45
T177,0,1,0,1.014,1,49,1,1,-1,-1,3,35,8,-3.842312436,146,89,26,0,0,0.319808818,0,9,30,19,58,-0.588,-0.291,-0.724,-0.555,1.255,1.551,1.235,1.645,17931.089,22165.373,23502.919,4.198,6.027,6.08,0.975,3.34557227,3.944710554,-0.599138283,-0.61,-0.24,-0.02,-0.01,0.02,-2.17,-0.78,-2.45,-5.092,3.339,0.035,-1.346,-0.443,-0.361,1.77,0.707,-2.512,-5.931,-3.464,-0.551,-1.288,0.268,7,1,0,0,1,1,0,0,1,0,0,2.041658653121027,2.356514200539406,2.1462640525149905,2.506130466221034,TP1,TP2,False,0.021232575782677687,0.9743833133691613,0.0039039727951941075,0.0004801380529670189,5,46
T179,1,1,0,0.0,0,57,1,1,-1,1,3,12,6,-3.491669617,67,23,15,0,1,0.52915936,0,5,19,11,35,0.622,0.48,0.636,0.222,1.67,1.691,1.766,1.746,23865.905,24164.468,24943.247,-3.106,2.85,5.02,5.209,4.831343569,3.820626177,1.010717392,-0.57,-1.65,-0.06,-0.16,-0.04,0.86,0.82,0.12,1.779,6.099,3.633,3.574,1.987,2.64,2.984,-1.379,-0.533,-2.572,1.284,3.475,2.633,1.889,6,1,0,0,1,1,0,0,1,0,0,2.2422509608317496,1.8689356981430132,1.6609826360937152,2.231738393460077,TP3,TP2,False,0.032488473013476876,0.8597643392301858,0.006125071216097803,0.10162211654023938,5,46
T182,0,1,0,1.102,1,39,1,1,-1,-1,3,29,8,-3.451055872,49,20,56,0,0,0.195487734,0,7,10,7,24,-0.63,0.133,-0.652,-0.431,1.324,1.61,1.403,1.703,18915.927,23007.751,24335.642,1.658,6.325,6.024,1.64,3.220976545,3.721792269,-0.500815723,-0.66,-0.25,0.01,-0.08,0.04,-2.15,-1.15,-2.17,-2.064,3.372,0.773,0.01,-1.038,-0.423,0.247,-0.723,-3.789,-7.113,-1.512,0.109,-0.482,-1.056,6,1,0,0,1,1,0,0,1,0,0,2.0803957375602584,2.083418893364361,1.9137031571235852,2.4976220252098766,TP3,TP2,False,0.01228327711067576,0.9847006436069372,9.435668527701825e-05,0.0029217225971099434,5,46
T183,0,0,0,3.093,2,58,1,1,-1,1,3,59,8,-3.944314469,361,155,62,0,0,0.311916754,1,8,24,11,43,-0.686,0.065,-0.798,-0.486,1.144,1.62,1.066,1.689,16346.261,23149.843,24133.836,-1.417,7.011,6.592,-0.283,3.029618327,4.382125851,-1.352507523,-0.76,-0.53,0.02,-0.13,0.05,-3.55,-2.07,-3.21,-5.882,1.792,-1.697,-2.773,-1.488,-1.447,-0.037,-1.146,-3.648,-7.564,-5.692,-1.957,-3.832,-1.889,6,1,0,0,1,1,0,0,1,0,0,2.149150718870656,2.085680727031505,2.117957685103441,2.599887510508159,TP2,TP2,True,0.05450520113871494,0.9435319246944985,0.0005747938815394214,0.0013880802852470817,5,46
T184,0,0,0,1.41,2,53,1,-1,-1,1,3,43,0,-3.837849823,275,111,59,1,0,0.509950682,0,14,27,25,66,-0.579,0.446,-0.637,0.098,1.152,1.627,1.215,1.666,16457.168,23248.185,23801.602,-3.304,-0.406,6.643,0.55,4.597681093,3.731863168,0.865817925,-0.8,-0.44,0.06,-0.15,0.02,-3.53,-2.17,-2.4,-2.307,4.466,-0.389,-2.515,-2.602,-1.952,-1.697,-0.588,-3.644,-7.557,-2.287,1.571,-2.22,0.068,4,1,0,0,0,0,0,0,0,0,1,1.2527309611262831,1.7974643861508257,1.0539624320544054,1.4203252628348306,TP3,TP4,False,0.06145879366536031,0.04465100558252133,0.0016964558591691175,0.8921937448929492,5,46
T189,0,0,1,3.395,3,39,1,1,-1,1,3,52,8,-3.853311033,840,342,137,0,0,0.333798182,0,11,13,8,32,0.036,-0.555,0.228,-0.655,1.522,1.434,1.626,1.603,21741.694,20487.338,22906.097,0.138,0.588,4.384,3.2,2.873665562,4.541716136,-1.668050574,0.24,-0.51,-0.11,0.12,-0.06,0.27,0.65,-1.44,-2.124,5.444,1.82,1.456,3.174,1.581,2.639,1.025,-1.563,-3.97,-0.343,2.218,0.813,2.215,6,1,0,0,1,1,0,0,1,0,0,2.0626175493222445,2.42358883049518,2.442654566500007,2.7712245219154394,TP1,TP2,False,0.003074014115615135,0.9484558986306323,0.025269903938713183,0.02320018331503942,5,46
T191,0,0,1,3.536,3,60,0,1,-1,1,2,58,8,-3.834474131,232,103,53,0,0,0.357497927,0,8,27,25,60,0.407,-0.457,0.652,-0.557,1.639,1.506,1.825,1.652,23413.105,21510.549,23607.102,3.383,5.232,5.69,5.582,2.892490145,4.846769618,-1.954279473,0.55,-3.33,-0.26,-0.13,-0.1,0.88,2.08,0.66,0.931,6.76,4.223,3.835,4.867,3.277,3.897,4.742,-0.374,-1.138,1.529,3.639,2.826,0.467,7,0,1,1,0,1,1,1,0,0,0,1.669135329841415,1.978207335844658,2.5954428977260102,2.6214476147583445,TP1,TP1,True,0.8111593657594194,0.13165072440057504,0.05621915096897369,0.0009707588710319841,5,46
T192,0,0,0,1.5,2,32,1,1,-1,1,3,27,8,-3.445286445,113,50,14,0,0,0.252283258,0,10,11,10,31,-0.642,0.194,-0.764,-0.403,1.301,1.598,1.291,1.682,18583.736,22832.593,24028.632,3.552,5.56,5.223,1.274,3.411623701,4.544771343,-1.133147642,-0.77,0.09,0.0,-0.02,0.05,-2.45,-1.49,-2.44,-1.741,3.457,0.277,0.123,-1.075,-0.103,-0.649,1.624,-4.221,-5.828,-0.645,0.487,-1.219,-0.051,6,0,1,1,0,1,0,0,1,0,0,2.318523282956537,2.996281934075821,2.5405599647030153,2.960059465331012,TP1,TP2,False,0.07284283819101983,0.9158558910214883,9.209967179227392e-05,0.011209171115699487,5,46
T194,0,0,0,3.061,2,43,1,1,-1,1,3,50,8,-3.931041192,82,33,28,0,1,0.350404122,0,8,15,4,27,-0.193,0.075,-0.55,-0.3,1.391,1.587,1.305,1.683,19870.835,22676.92,24048.918,3.708,5.989,6.478,0.321,3.853877012,5.083187852,-1.22931084,-1.26,-1.09,0.01,-0.15,-0.02,-1.17,1.13,-3.03,-5.391,2.981,-1.028,-1.312,-2.736,-0.841,-0.725,-0.087,-3.823,-6.59,-2.104,-1.595,-2.591,-1.575,7,1,0,0,1,1,1,1,0,0,0,2.8220204117041003,2.931382576078132,3.144514415645831,3.309797822353317,TP1,TP1,True,0.8447981926660724,0.15468210024472095,0.00010904714244680799,0.0004106599467598218,5,46
T195,0,1,0,1.341,1,74,1,-1,-1,-1,3,40,0,-3.711672496,379,183,60,1,1,0.44612918,0,8,24,14,46,-0.416,0.627,-0.385,0.415,1.342,1.699,1.431,1.718,19178.35,24278.264,24550.719,-3.826,-0.787,5.562,2.152,4.726718604,4.114715864,0.61200274,-1.19,-0.43,0.03,-0.11,0.02,-1.48,-1.3,-2.04,-0.756,5.07,0.643,0.512,1.084,1.141,-1.19,0.153,-3.927,-0.872,0.344,1.927,-0.388,1.777,4,1,0,0,0,0,0,0,0,0,1,1.395848788495183,1.4520993218600802,0.9846867217179411,1.242505285805115,TP3,TP4,False,0.0011108688422553936,0.10709804068266704,0.015175119352446996,0.8766159711226306,5,46
T198,1,1,0,0.0,0,63,1,-1,-1,1,3,8,0,-3.412114954,174,80,76,0,1,0.690270867,0,8,20,8,36,0.409,0.185,0.343,-0.374,1.604,1.619,1.714,1.704,22917.31,23127.291,24341.382,-4.266,0.127,4.583,4.244,3.714560439,4.01301383,-0.298453391,-0.08,-1.42,-0.05,-0.14,-0.03,0.51,1.16,-0.78,1.083,5.587,2.61,2.925,3.486,2.441,2.717,-0.051,0.073,-2.753,0.38,2.684,1.783,1.261,4,1,0,0,0,0,0,0,0,0,1,1.4291870207163353,1.149435588562522,0.8064395638428572,1.1350369260376767,TP3,TP4,False,0.022774207677857938,0.1121837809123205,0.00718661261245556,0.857855398797366,5,46
T200,0,0,0,3.08,2,73,1,1,-1,1,3,18,4,-3.378179938,109,48,12,0,1,0.414165569,0,12,16,6,34,-0.521,-0.513,-0.615,-0.653,1.391,1.578,1.443,1.672,19873.472,22543.163,23885.957,-4.192,-0.692,3.382,2.085,2.446839077,3.315522604,-0.868683527,0.7,-1.87,-0.05,-0.2,-0.03,-2.51,-0.69,-2.71,-1.082,2.302,-0.19,0.286,0.154,0.283,0.143,-3.54,0.862,-6.976,-4.203,-0.86,-0.907,1.111,3,1,0,0,0,0,0,0,0,0,1,2.4850463906177387,2.295236706838597,1.8639176444589725,2.168388934720296,TP3,TP4,False,0.005649278000089929,0.10124387773210096,0.0018975614142620785,0.8912092828535471,5,46
T201,1,1,0,0.0,0,55,1,-1,-1,-1,3,10,0,-4.262156726,219,84,43,0,1,0.705949115,1,9,28,23,60,-0.657,-0.332,-0.679,-0.574,1.268,1.575,1.354,1.672,18122.095,22500.731,23892.775,-2.348,-1.599,4.608,2.481,3.422970924,2.890560758,0.532410166,-0.38,-0.14,-0.01,0.0,0.0,-2.28,-1.15,-1.69,-4.6,3.283,1.463,0.955,-2.815,0.821,0.875,-1.232,-2.072,-7.095,-2.292,0.47,-0.955,0.019,3,1,0,0,0,0,0,0,0,0,1,0.7244590664719982,0.9429211354770005,0.4185006204272229,0.6763874947298281,TP3,TP4,False,0.002849457322772825,0.1462212263727554,0.007917497106756774,0.843011819197715,5,46
T203,0,0,0,3.151,2,48,0,1,-1,-1,3,35,8,-4.293275778,53,25,15,0,0,0.099216303,0,3,8,4,15,-0.711,-0.461,-0.887,-0.532,1.039,1.531,0.973,1.662,14847.423,21872.203,23748.589,2.915,7.069,5.841,-0.727,2.58363052,5.02211762,-2.4384871,-1.03,-0.75,0.02,-0.19,0.06,-4.11,-2.14,-3.42,-7.498,0.37,-3.051,-2.468,-4.809,-2.042,-1.627,0.003,-6.429,-7.947,-6.221,-2.895,-3.847,-3.098,6,1,0,0,1,1,0,0,1,0,0,2.212532973002065,2.5442904678990437,2.632909859169268,2.693565883337552,TP1,TP2,False,0.10158802977932119,0.8908074351021453,1.5236149155526508e-05,0.007589298969377827,5,46
T208,1,1,0,0.0,0,53,1,1,-1,-1,3,45,4,-4.506024837,158,69,40,0,1,0.527670676,1,18,27,25,70,0.077,0.415,-0.181,0.131,1.503,1.664,1.533,1.742,21474.115,23769.645,24884.84,-2.607,1.929,5.998,3.142,4.898400311,4.71739267,0.181007641,-1.47,0.02,0.09,-0.03,-0.06,0.47,0.51,-1.56,-0.791,5.082,1.609,2.127,1.802,1.622,2.273,-0.775,-0.482,-3.697,0.454,1.877,1.049,1.747,7,0,1,1,0,1,0,0,1,0,0,0.9010078738135829,0.5130866235880102,0.4498891940558891,0.8454639591299504,TP3,TP2,False,0.011189502660708851,0.9806639297991843,0.006515272880627839,0.001631294659479175,5,46
T211,1,1,0,0.0,0,49,0,1,-1,-1,3,32,4,-3.263202088,87,37,15,0,1,0.166424472,0,5,15,9,29,0.418,-0.517,0.559,-0.635,1.725,1.456,1.861,1.602,24646.875,20807.214,22894.64,-0.068,2.818,5.355,6.836,3.512646818,4.900744087,-1.388097269,1.12,-2.41,-0.2,-0.09,-0.07,1.3,2.19,1.21,3.182,7.282,4.786,5.544,4.213,4.179,3.766,1.974,0.49,-0.681,3.395,4.703,4.068,3.763,6,1,0,0,1,1,0,0,1,0,0,1.210631848024096,1.338086532009931,1.414026686017515,1.577933097583913,TP1,TP2,False,0.041972826582414025,0.8197897939780546,0.04045428265426632,0.09778309678526499,5,46
T212,0,0,0,1.482,2,74,1,-1,-1,-1,3,26,0,-4.04021842,140,65,28,1,0,0.221599854,0,9,20,6,35,-0.731,0.017,-0.855,-0.327,1.174,1.54,1.062,1.666,16776.111,21996.516,23801.182,0.158,1.274,7.88,1.188,4.208137362,4.943526725,-0.735389363,-1.43,0.18,0.04,-0.01,0.0,-2.38,-0.65,-2.27,-4.091,3.86,0.658,-0.333,-1.628,-0.225,1.389,0.256,-0.56,-7.358,-1.248,-0.129,-1.109,1.131,6,1,0,0,1,1,0,0,1,0,0,1.97513715412269,1.824744461796538,1.9461077810160365,2.0141409016591636,TP2,TP2,True,0.04987817030067989,0.802317516173239,0.028440233350722155,0.1193640801753591,5,46
T214,0,0,0,1.611,2,72,1,-1,-1,-1,3,50,0,-3.955823426,159,70,23,0,1,0.410079347,0,10,31,14,55,-0.719,-0.225,-0.812,-0.453,1.11,1.562,1.103,1.678,15853.496,22312.77,23972.056,-0.836,1.118,5.337,0.089,2.949051287,2.954778891,-0.005727604,-1.36,0.23,0.07,-0.07,0.04,-2.83,-1.54,-2.7,-3.842,1.915,-0.137,-1.365,0.328,0.008,-0.459,-2.917,-4.875,-7.222,-2.84,-1.292,-0.83,-0.428,6,1,0,0,1,1,0,0,1,0,0,1.9752035178414085,1.776732286593295,1.4817498557012807,1.601750391834149,TP3,TP2,False,0.015791589994683736,0.8319701505534759,0.004759871516085866,0.14747838793575455,5,46
T216,0,0,1,3.706,3,50,1,1,-1,1,3,108,8,-3.66600874,340,134,111,0,1,0.376794378,0,5,3,5,13,0.359,-0.68,-0.153,-0.682,1.57,1.395,1.572,1.609,22424.983,19930.444,22993.451,6.222,4.476,4.641,3.338,2.017332247,4.401735057,-2.38440281,0.16,-1.43,-0.11,-0.08,-0.02,-1.02,-0.24,-1.16,1.195,5.188,2.178,1.267,-0.064,1.312,0.808,1.392,-1.973,-5.25,-0.19,2.636,1.257,1.323,6,1,0,0,1,1,0,0,1,0,0,2.0349740839389643,2.6974389545232955,2.9386035582732792,2.8850111438110453,TP1,TP2,False,0.04512596212753852,0.9321743092240296,0.006250554542305506,0.01644917410612655,5,46
A002,0,0,0,4.381,3,57,1,1,-1,1,3,70,8,-3.967478,262,134,60,0,0,0.261300406,1,3,9,4,16,0.588,0.624,0.637,0.314,2.055,2.194,2.221,2.284,22059.99,23555.511,24517.194,1.619,6.752,6.59,4.086,4.042607109,4.265593169,-0.22298606,0.06,-1.16,0.03,-0.19,-0.02,0.05,-0.41,-0.41,-0.484,4.019,3.131,2.863,1.85,1.91,2.937,3.127,0.469,-1.213,0.896,2.65,1.594,4.069,6,1,0,0,1,1,0,0,1,0,0,2.631590906924244,2.3322332083361044,2.670565611080631,3.343753004648845,TP2,TP2,True,1.9034306838794178e-05,0.9999463597475374,2.4531297062595455e-05,1.0074648561142919e-05,5,46
A004,0,0,0,2.865,2,45,1,1,-1,1,2,44,8,-7.0739864,33,19,0,1,0,0.146476691,0,5,6,0,11,-0.077,-0.732,0.129,-0.603,1.894,1.572,2.048,2.109,20331.419,16870.777,22634.52,1.807,3.317,5.124,3.74,0.829679163,4.501917816,-3.672238653,0.17,1.96,-0.05,0.33,0.04,-1.61,-0.53,-0.3,-0.785,4.554,3.266,2.446,2.62,1.88,3.462,3.631,0.635,-5.597,-1.253,2.288,0.606,1.288,6,1,0,0,1,1,0,0,1,0,0,2.4758570621895855,2.339823786242667,2.855265508478955,3.067266194319443,TP2,TP2,True,0.0005272917532570056,0.9463606023992065,0.0015811222823785942,0.05153098356515794,5,46
A005,1,0,0,0.0,0,27,1,1,-1,1,3,51,4,-3.5832833,269,138,68,0,1,0.507686998,1,21,35,30,86,0.672,0.582,0.664,0.499,2.233,2.252,2.367,2.346,23970.414,24177.888,25181.154,-2.354,-0.308,5.327,5.618,5.043276825,4.346703404,0.696573421,-0.59,-1.26,0.08,-0.19,-0.1,1.87,2.0,0.66,2.234,5.09,4.284,4.522,1.37,3.308,3.098,0.665,-0.468,-1.237,2.998,3.48,2.867,4.362,6,1,0,0,1,1,0,0,1,0,0,1.1947556439430842,1.2504641421079403,0.816146606219237,1.4719423410378394,TP3,TP2,False,0.004558141264881507,0.9926745846836261,0.001277108660742237,0.0014901653907500871,5,46
A007,0,0,0,2.722,2,40,1,1,-1,1,2,21,7,-6.827391,49,29,12,1,0,0.123499002,0,4,6,2,12,-0.034,-0.656,0.229,-0.339,1.923,1.755,2.08,2.186,20639.638,18835.798,23461.553,4.063,3.608,5.134,4.029,1.474393935,3.850658318,-2.376264384,0.57,-0.05,-0.04,-0.03,0.08,-1.33,-1.33,-0.38,-1.654,3.819,3.175,2.329,3.512,1.42,2.79,4.783,-0.048,-2.732,0.083,2.4,0.577,2.162,6,1,0,0,1,1,0,0,1,0,0,2.077535134532569,2.2848240934145885,2.620218995815874,2.809989788051762,TP1,TP2,False,0.0006538635768266298,0.9383514217877952,0.0008570707919268235,0.060137643843451376,5,46
A010,1,0,0,0.0,0,42,1,1,-1,-1,3,22,8,-4.2699236,136,64,38,1,1,0.291685107,0,8,14,8,30,0.225,0.171,0.481,-0.197,2.001,2.047,2.192,2.256,21483.666,21976.766,24218.342,4.223,5.166,5.367,3.912,3.913295771,4.082472133,-0.169176363,-0.45,-0.24,0.04,-0.06,0.0,0.55,-0.08,-0.59,-0.419,4.274,2.913,2.702,2.913,1.724,2.535,3.853,-1.428,-3.286,0.551,2.683,1.194,4.097,6,1,0,0,1,1,0,0,1,0,0,1.5162633363912277,1.8223171419720647,1.672382579679381,1.9790142364242125,TP1,TP2,False,0.00010790124714702157,0.9967967709324833,0.0007874860724551046,0.0023078417479145577,5,46
A012,0,0,0,1.185,1,48,1,1,-1,-1,3,56,8,-3.594931,132,69,19,0,0,0.352518589,0,13,29,12,54,0.638,0.562,0.712,0.444,2.207,2.222,2.414,2.34,23693.915,23851.88,25119.744,3.949,5.457,5.02,6.064,4.46376819,4.559770293,-0.096002103,-0.1,-2.02,0.03,-0.31,-0.02,1.65,1.16,1.18,2.174,4.939,4.838,4.828,3.694,3.472,2.594,0.941,-0.391,-1.044,2.836,4.216,3.131,4.411,6,1,0,0,1,1,0,0,1,0,0,2.190803915343035,2.3179316254556492,2.2905893539139703,2.7768278319832955,TP1,TP2,False,3.720967677918759e-05,0.9999185255756716,3.889304119212245e-05,5.371706357106277e-06,5,46
A014,0,0,0,3.677,3,63,0,1,-1,1,2,47,8,-5.0733694,25,21,22,0,0,0.162486057,0,5,8,1,14,-0.116,-0.503,-0.497,-0.62,1.914,1.836,2.021,2.174,20549.555,19703.476,23333.628,-0.835,7.804,5.688,3.354,1.898142253,4.995984077,-3.097841824,-0.34,-1.3,-0.01,-0.2,0.03,-1.19,-0.78,-0.81,-1.346,3.22,2.688,1.759,0.429,1.122,0.97,3.7,-3.504,-5.122,0.193,1.599,-0.038,0.907,6,1,0,0,1,1,0,0,1,0,0,2.935809288732796,3.178994949511869,3.5424936268057956,3.4280061800732615,TP1,TP2,False,0.010010404405884707,0.965395020197029,0.00012200727297266909,0.024472568124113667,5,46
A017,0,0,0,1.625,2,57,1,1,-1,-1,3,26,8,-4.859264,116,65,47,0,1,0.338163615,0,9,15,5,29,-0.415,0.187,-0.392,-0.117,1.821,2.035,1.957,2.23,19545.062,21842.44,23940.294,3.885,7.253,5.896,2.105,3.664123247,4.430635574,-0.766512327,-0.59,0.35,0.08,-0.03,0.0,-0.29,-0.65,-1.84,-1.639,3.381,1.361,1.106,1.443,1.05,2.024,4.886,-0.092,-4.456,-0.546,0.819,0.076,2.591,6,1,0,0,1,1,0,0,1,0,0,2.1859080302698968,2.249449825466767,2.1741713732124226,2.321441303960235,TP3,TP2,False,9.147248701905224e-05,0.998507501448306,0.000816519891142918,0.000584506173532005,5,46
A023,0,0,0,1.073,1,47,1,1,-1,-1,3,34,8,-3.4648956,92,58,27,0,0,0.431404706,0,14,28,21,63,0.126,0.259,0.372,0.021,1.988,2.064,2.136,2.268,21341.057,22157.625,24345.681,1.082,6.057,7.26,4.004,3.729377229,5.301504943,-1.572127714,-0.62,0.37,0.08,-0.03,0.01,0.13,-0.18,0.24,0.834,4.62,3.852,2.917,0.655,2.118,2.017,3.78,-0.268,-2.874,0.806,3.033,1.232,3.098,6,1,0,0,1,1,0,0,1,0,0,1.999849736991696,2.2628320977428373,1.7023230737294996,2.2787010778304166,TP3,TP2,False,0.0005200637723808516,0.9978933023391348,0.0009633239782079012,0.0006233099102764721,5,46
A042,0,0,0,0.946,1,50,0,-1,-1,-1,3,22,0,-4.407352,32,17,7,1,0,0.511694128,1,3,10,2,15,0.102,0.444,0.418,0.458,1.965,2.163,2.152,2.314,21088.277,23216.108,24841.633,-1.245,-0.583,3.392,4.05,4.559614381,4.477975082,0.081639299,-0.69,1.23,0.08,0.12,-0.01,-0.23,0.79,-1.02,-2.637,4.471,2.43,2.775,4.119,2.143,4.053,7.261,-2.101,-3.923,1.539,1.54,0.674,2.907,6,1,0,0,1,1,0,0,1,0,0,1.4364819912008142,1.1122535706906667,1.323322945951073,1.6450662822270294,TP2,TP2,True,5.568873929445225e-06,0.9979931213617698,5.915585236874488e-06,0.001995394179063917,5,46
A057,0,0,0,1.518,2,54,1,1,-1,1,2,32,8,-3.2928437,25,14,10,0,0,0.153638526,0,2,3,0,5,-0.312,-0.316,-0.623,0.201,1.858,1.959,1.942,2.251,19944.942,21025.657,24159.55,5.598,4.668,5.78,2.991,2.479851189,3.828840618,-1.348989429,-0.54,-0.89,-0.03,-0.19,0.09,-1.74,-1.63,-1.59,-0.26,3.726,1.733,1.848,1.77,0.548,3.563,1.728,-1.432,-4.827,-0.038,1.396,1.691,0.346,6,1,0,0,1,1,0,0,1,0,0,2.26116644430505,2.252411923220998,2.279888120232497,2.635270748296554,TP2,TP2,True,0.0026667325537049814,0.992785316458804,0.00010786447298409309,0.004440086514507037,5,46
A067,0,0,0,2.926,2,39,1,1,-1,1,3,33,7,-3.7422008,76,41,39,0,0,0.2613614,0,2,14,0,16,-0.37,-0.248,-0.502,-0.329,1.849,1.938,1.916,2.198,19843.0,20804.509,23598.013,3.612,6.037,7.389,2.778,2.870601405,6.16264448,-3.292043075,-0.74,-0.66,0.05,-0.16,0.02,-1.25,-0.62,-0.55,-0.548,3.503,2.981,1.797,1.006,0.925,1.421,3.558,-1.62,-6.283,0.126,1.781,0.338,2.341,6,1,0,0,1,1,0,0,1,0,0,2.6405005083106556,2.974315170263651,2.9804583613314555,3.2276662904856175,TP1,TP2,False,0.014925896982788482,0.9782873897035375,0.00023076639422041608,0.006555946919453714,5,46
A102,0,0,0,3.772,3,49,1,1,-1,1,3,39,7,-3.557008,110,59,23,1,1,0.389188076,0,11,13,8,32,0.408,0.515,0.494,0.465,2.032,2.16,2.171,2.314,21816.038,23185.861,24836.315,1.47,3.127,5.61,3.706,3.820032491,4.353574721,-0.53354223,-0.91,-0.6,0.05,-0.2,0.05,0.04,-0.22,-0.51,1.621,4.778,3.023,2.941,4.273,1.976,2.364,5.029,-2.124,-2.306,1.201,2.962,1.178,3.156,6,1,0,0,1,1,0,0,1,0,0,1.8417218465771523,2.0544724998478014,1.7141075234581273,2.082638061180373,TP3,TP2,False,0.001447207578477472,0.9748416374618153,0.0006748432294995337,0.023036311730207683,5,46
A149,0,0,0,3.128,2,50,1,1,-1,1,2,44,8,-3.658615,87,41,8,1,0,0.301982012,0,3,6,0,9,-0.36,-0.68,-0.343,-0.437,1.857,1.676,1.991,2.158,19934.927,17995.343,23163.217,3.459,6.832,6.902,2.941,1.21228227,4.427390079,-3.215107809,-0.32,0.82,-0.02,0.11,0.05,-1.31,-0.88,-0.79,-0.324,4.17,2.711,1.814,1.802,1.177,2.951,5.097,-1.109,-4.129,-0.338,2.071,0.737,1.16,6,1,0,0,1,1,0,0,1,0,0,2.6766176721128314,3.0264241983889963,3.052076434931084,3.340849779401104,TP1,TP2,False,0.00978016831135895,0.9546091482758221,0.0015897406318232715,0.03402094278099572,5,46
A248,0,0,0,1.141,1,48,1,1,-1,-1,3,36,5,-3.77829,105,54,18,0,1,0.396386059,0,6,19,7,32,0.504,0.662,0.616,0.589,2.126,2.305,2.283,2.394,22823.283,24743.133,25694.975,-2.923,1.812,5.371,4.966,5.179385861,2.780366264,2.399019597,-0.81,-1.06,0.08,-0.24,-0.01,1.03,0.25,-0.37,1.313,4.466,3.175,3.344,3.149,2.487,2.58,-0.585,-0.541,-2.228,1.164,3.243,1.951,3.975,6,1,0,0,1,1,0,0,1,0,0,1.8409863455047897,1.1638324348390876,0.9236811189211582,1.730347101160496,TP3,TP2,False,1.885008701377932e-05,0.9964911604761938,0.00019351818784212903,0.0032964712489503794,5,46
A253,0,0,0,1.788,2,49,1,1,-1,1,2,25,7,-3.929318,19,12,10,0,0,0.373339895,0,9,6,2,17,0.614,-0.446,0.783,-0.357,2.234,1.895,2.397,2.213,23976.471,20346.268,23755.721,1.319,2.981,5.147,6.286,3.048211354,4.567470736,-1.519259382,0.92,-1.53,-0.09,-0.13,0.0,1.42,0.48,1.92,3.459,6.291,5.598,4.777,3.301,3.636,3.339,4.343,0.2,-3.541,2.343,5.024,2.988,3.72,6,1,0,0,1,1,0,0,1,0,0,0.32026386964894094,0.745092806514626,0.5913595160008024,0.8874320964500771,TP1,TP2,False,0.0009628952671130233,0.9904213045958689,0.0006880878341114226,0.00792771230290667,5,46
A280,0,0,0,3.366,3,46,1,1,-1,1,2,56,8,-3.8205074,113,60,24,0,0,0.140250641,0,4,4,1,9,-0.629,-0.069,-0.671,-0.221,1.794,1.997,1.889,2.241,19255.948,21433.542,24054.313,6.312,6.82,6.869,2.746,2.985221288,5.090291771,-2.105070484,-1.08,0.89,0.09,-0.02,0.08,-1.87,-1.37,-0.9,-0.756,3.746,2.577,1.439,1.206,0.636,2.038,4.778,-3.53,-5.222,-1.159,1.622,-0.403,1.815,6,1,0,0,1,1,0,0,1,0,0,2.73810007303363,3.145979888595548,3.178734870037611,3.423882374885117,TP1,TP2,False,0.0007513066023033829,0.9987156244108566,8.141933585987213e-05,0.00045164965098009187,5,46
A292,0,0,0,1.696,2,49,1,1,-1,-1,2,58,8,-3.6879086,29,17,18,0,0,0.250253873,0,1,6,0,7,-0.727,-0.769,-0.83,-0.687,1.565,1.472,1.593,2.103,16795.469,15804.31,22570.398,4.795,5.526,5.782,0.398,0.014029768,4.129527116,-4.115497348,-0.8,-0.02,0.0,-0.05,0.07,-2.87,-1.57,-2.53,-2.01,2.02,0.299,-0.419,-2.193,-0.777,-0.676,3.055,-3.328,-7.068,-3.955,-0.248,-3.042,-0.71,6,1,0,0,1,1,0,0,1,0,0,2.4067799825715968,2.6082813644809777,2.6201453765059486,2.847873940267472,TP1,TP2,False,0.02404368077120135,0.8997173005498574,0.00028219020918737736,0.07595682846975385,5,46
A304,0,0,0,1.859,2,48,1,1,-1,-1,3,48,3,-3.2654308,100,62,9,0,1,0.50035382,0,8,29,13,50,-0.151,0.468,-0.253,0.436,1.91,2.157,1.995,2.333,20500.733,23159.453,25040.717,-1.618,0.315,5.443,3.462,4.579334546,4.001047637,0.578286908,-1.72,0.81,0.12,0.02,-0.02,-0.13,-0.39,-0.61,0.183,4.588,2.854,1.988,3.791,1.052,3.488,2.618,1.142,-5.075,-0.397,1.351,-0.222,2.159,6,1,0,0,1,1,0,0,1,0,0,1.1207032452972443,0.3438354049616193,0.1308908195443942,0.836510900603597,TP3,TP2,False,0.00014564061713359612,0.969342965809168,0.004666113083703833,0.025845280489994613,5,46
A332,0,0,0,3.233,2,46,0,1,-1,1,2,60,8,-4.262513,15,10,7,1,0,0.160713418,1,4,7,0,11,-0.49,-0.803,-0.508,-0.6,1.822,1.529,1.956,2.134,19559.944,16416.456,22910.788,1.307,4.439,6.743,3.396,0.658067247,4.829245437,-4.17117819,-0.2,0.17,0.01,0.02,0.01,-1.77,-0.77,0.04,-0.455,3.586,3.634,2.042,0.214,1.82,1.335,6.356,-1.348,-3.599,0.404,2.02,0.358,0.71,6,1,0,0,1,1,0,0,1,0,0,2.9251246142132032,3.21436990418208,3.7530564218703852,3.8502583821239025,TP1,TP2,False,0.020371847921929243,0.808569928518403,0.00034146461306601753,0.17071675894660163,5,46
A354,0,0,0,3.298,3,48,1,1,-1,1,2,21,8,-3.767925,24,14,2,0,0,0.277264442,0,7,11,3,21,-0.709,-0.034,-0.797,-0.191,1.622,1.977,1.697,2.224,17411.053,21226.921,23874.241,4.09,5.86,6.236,1.419,3.324847782,5.420570177,-2.095722396,-0.86,0.73,0.07,0.01,0.05,-2.16,-1.4,-2.29,-4.635,2.87,0.645,0.184,-1.297,-0.326,1.731,4.694,-2.655,-7.279,-4.385,-0.117,-1.201,0.482,6,1,0,0,1,1,0,0,1,0,0,3.0711519593697236,3.471981186099107,3.1668024887020185,3.4075635486730964,TP1,TP2,False,0.004250286559082795,0.994264524383192,0.00015122792769030138,0.0013339611300348985,5,46
A359,1,0,0,0.0,0,54,1,1,-1,1,3,23,3,-3.7284383,144,78,33,0,1,0.673810745,0,11,18,9,38,0.559,0.485,0.516,0.337,2.133,2.181,2.207,2.31,22893.275,23410.199,24795.498,-1.448,2.749,5.177,3.627,5.014147539,4.091313888,0.922833651,-0.95,-0.19,0.1,-0.03,-0.1,1.09,0.34,-0.45,0.814,4.613,3.091,2.517,1.389,2.324,2.516,1.129,0.51,-4.244,-0.005,2.692,1.187,2.902,6,1,0,0,1,1,0,0,1,0,0,1.4929280748459084,1.2376092226675917,0.9356325568873045,1.442940408883497,TP3,TP2,False,0.0006090259335435541,0.9837635444731277,0.0006239016780176633,0.015003527915311175,5,46
A398,0,0,0,3.467,3,50,0,1,-1,1,2,46,8,-4.3015813,20,15,2,1,0,0.13515221,0,2,6,0,8,-0.521,-0.782,-0.512,-0.492,1.809,1.553,1.957,2.135,19418.756,16673.453,22917.628,3.64,5.251,6.954,3.357,0.972370178,4.764021388,-3.791651209,-0.83,1.28,0.03,0.13,0.05,-1.22,-0.85,-0.5,0.002,3.785,3.034,2.1,0.867,1.262,1.177,5.13,-1.467,-6.674,-0.629,1.952,0.621,2.315,2,1,0,0,0,0,0,0,0,0,1,3.020714863826526,3.3347688999557072,3.6309337462215723,3.6131430887196245,TP1,TP4,False,0.0065117151023576835,0.44225349289362215,0.0004697635210784575,0.5507650284829417,5,46
A419,0,0,0,2.645,2,52,0,1,-1,1,2,30,8,-4.3875174,64,37,17,0,0,0.238990012,0,4,7,3,14,-0.117,-0.377,0.22,-0.572,1.951,1.97,2.108,2.208,20947.222,21147.059,23703.517,2.211,5.662,4.522,3.584,2.637564074,4.496545044,-1.85898097,0.18,0.5,0.03,0.03,0.04,-1.33,-1.09,-0.48,0.271,4.062,3.054,2.05,0.338,1.313,1.734,3.348,-2.175,-6.913,-0.022,2.789,0.445,2.166,6,1,0,0,1,1,0,0,1,0,0,2.6161457578125313,3.0203440435248132,2.995317066269221,3.105289980109382,TP1,TP2,False,0.0002365508958116262,0.9799263889212001,4.614175959102918e-05,0.019790918423397145,5,46
A463,0,0,0,1.217,1,48,1,1,-1,-1,3,21,8,-4.074614,52,27,26,0,1,0.323486358,0,6,7,4,17,0.472,0.218,0.432,0.303,2.067,2.036,2.174,2.269,22182.684,21851.099,24361.506,5.155,4.759,6.097,3.992,3.674381673,4.50797251,-0.833590837,-0.57,-0.58,0.02,-0.09,-0.01,0.37,-0.18,0.16,0.386,5.079,3.757,3.137,2.394,2.286,2.835,4.302,-0.572,-1.68,1.896,3.3,1.696,3.867,6,1,0,0,1,1,0,0,1,0,0,1.933556210816641,1.9691901477517058,1.828644205159497,2.1970870426918414,TP3,TP2,False,0.0001075450229958737,0.9987365254712878,0.0002936859338247999,0.0008622435718915047,5,46
A476,0,0,0,2.126,2,36,1,1,-1,1,2,33,8,-4.5464367,37,18,42,0,0,0.315726418,1,4,15,3,22,0.133,0.131,-0.247,-0.321,1.98,2.01,2.019,2.217,21258.253,21577.621,23803.036,3.126,6.445,6.475,3.624,3.350323489,5.491409062,-2.141085573,-0.62,-0.48,0.05,-0.14,0.02,-0.27,-0.74,-1.0,1.177,4.481,2.438,2.419,1.805,1.571,1.77,4.134,-2.218,-2.189,0.592,2.724,0.851,2.846,5,1,0,0,1,1,0,0,1,0,0,2.794254497856527,3.150179359360058,3.1835969160513344,3.5391570208524525,TP1,TP2,False,0.004441298051310366,0.9951814039966259,5.5213960730831635e-05,0.0003220839913329474,5,46
A524,0,0,0,3.233,2,49,1,1,-1,1,2,51,8,-4.3377627,84,45,19,1,0,0.191741168,1,4,6,0,10,0.213,-0.405,0.192,-0.257,1.983,1.887,2.058,2.211,21288.127,20257.141,23729.78,-0.761,4.883,6.145,3.361,2.322623341,5.247790404,-2.925167063,0.1,-0.42,-0.12,0.06,0.01,-1.08,-0.54,-0.84,-2.077,4.682,2.639,2.168,1.623,1.515,4.074,3.97,0.042,-4.97,-0.721,2.374,0.245,2.626,6,1,0,0,1,1,0,0,1,0,0,2.3487545442767623,2.3127260780731165,2.542770235971423,2.971033155507784,TP2,TP2,True,0.0021023220105479577,0.9956795365617916,0.000696054636259565,0.0015220867914008634,5,46
A530,0,0,0,2.025,2,45,1,1,-1,-1,3,28,7,-3.2068948,83,42,18,0,1,0.637201551,0,7,13,5,25,0.586,-0.719,0.564,-0.34,2.099,1.63,2.243,2.168,22532.717,17495.46,23277.079,1.651,6.144,5.983,4.053,0.59884803,3.542538614,-2.943690584,0.13,-1.43,-0.07,-0.14,0.0,0.03,-0.27,-0.09,0.888,4.305,3.495,2.632,1.54,1.871,2.554,6.286,-1.557,-5.915,0.833,2.792,1.293,3.845,6,1,0,0,1,1,0,0,1,0,0,1.7078310950520446,2.29573853573084,1.5401514975228632,1.751057874127139,TP3,TP2,False,0.0044986249747826276,0.924761214861095,0.0015258447163033362,0.06921431544781906,5,46
A538,0,0,0,3.593,3,56,1,1,-1,1,2,36,8,-3.169434,33,16,26,0,0,0.307718769,0,9,10,5,24,0.382,0.003,-0.128,-0.059,1.988,1.952,2.0,2.192,21337.418,20949.634,23535.044,-2.063,6.857,5.365,3.563,3.175250914,5.43277705,-2.257526136,-0.34,-0.93,-0.01,-0.14,0.0,-0.81,-0.44,-0.49,-2.324,4.37,3.029,2.052,1.999,1.605,3.819,3.646,-0.938,-6.352,-0.257,2.18,0.588,1.446,6,1,0,0,1,1,0,0,1,0,0,2.6069004804843328,2.539291511600781,2.351524850119189,2.7265745560818457,TP3,TP2,False,0.002579509521586015,0.9963982674565669,0.00021060774631715556,0.0008116152755298333,5,46
A565,0,0,0,2.37,2,35,1,1,-1,-1,3,30,5,-4.0813316,26,14,0,0,1,0.0,0,0,0,0,0,0.342,-0.661,0.477,-0.486,2.049,1.718,2.199,2.182,21993.163,18444.321,23420.833,0.427,3.685,5.294,4.918,1.376476646,4.230769398,-2.854292752,-0.64,-1.65,-0.09,-0.18,0.03,-0.39,-0.51,0.51,1.495,5.002,4.132,3.717,2.706,2.182,2.867,3.418,0.954,-1.872,1.53,3.123,1.13,1.009,3,1,0,0,0,0,0,0,0,0,1,1.7053744480510435,1.1741259951906629,1.4361834547203856,1.9586749862534856,TP2,TP4,False,0.0015040856461804965,0.2806894842465006,0.0008121390700258117,0.7169942910372932,5,46
A581,0,0,0,1.916,2,53,1,-1,-1,-1,2,34,0,-4.5693983,46,27,10,0,0,0.150315527,0,1,3,0,4,-0.218,-0.112,0.162,0.238,1.909,1.929,2.039,2.252,20488.409,20707.619,24176.202,0.597,0.316,5.21,3.49,3.517262332,4.713586168,-1.196323837,-1.24,0.86,0.04,0.06,0.03,-0.69,-0.45,-0.94,1.263,5.507,2.528,2.101,3.831,1.653,4.058,1.215,0.435,-4.894,-0.196,2.518,0.446,2.915,6,1,0,0,1,1,0,0,1,0,0,0.8573106308103937,0.08427184205579258,0.2534422100223374,0.6895943061788763,TP2,TP2,True,0.00015170601815949345,0.9579831490659718,0.000429580072255333,0.0414355648436133,5,46
A637,0,0,0,0.947,1,65,1,-1,-1,1,3,38,0,-3.2755877,151,70,46,0,1,0.661300329,1,9,22,10,41,0.223,0.678,0.093,0.564,1.983,2.311,2.079,2.371,21288.331,24812.389,25447.508,-1.204,0.235,6.109,3.41,5.980248183,3.871326955,2.108921228,-1.35,0.6,0.13,-0.03,-0.02,0.81,0.99,-0.88,-0.489,4.753,2.613,2.184,3.845,1.664,2.942,3.205,0.109,-5.648,0.165,1.722,0.745,3.878,6,1,0,0,1,1,0,0,1,0,0,1.029656939080824,0.4117932871796206,0.3048858489351395,0.7788043864609678,TP3,TP2,False,0.00024314011932078376,0.9937444809019791,0.0009522062200802954,0.005060172758619807,5,46
A665,0,0,0,1.437,2,55,1,1,-1,-1,2,40,8,-4.2098955,60,37,10,0,0,0.244228168,0,6,6,0,12,0.351,0.55,-0.16,0.243,1.997,2.151,2.03,2.287,21439.745,23087.879,24551.66,4.138,8.511,6.32,3.55,4.146680517,5.744134728,-1.597454211,-1.24,-0.41,0.06,-0.14,0.01,-0.53,-0.18,-0.24,-0.739,4.58,3.317,1.983,1.381,1.623,1.672,3.301,-2.341,-4.952,-0.841,2.783,1.123,2.532,6,1,0,0,1,1,0,0,1,0,0,2.5697037304458585,2.5927251088491508,2.7625265253043407,3.03440334453509,TP1,TP2,False,0.00012284945909605397,0.9998402274063002,2.270849276457161e-05,1.4214641839292548e-05,5,46
A734,0,0,0,1.537,2,46,1,1,-1,-1,2,33,8,-4.279512,75,29,9,1,0,0.083559309,0,3,3,4,10,0.273,0.297,-0.009,-0.081,1.969,1.997,2.0,2.201,21139.333,21438.502,23631.468,2.394,5.263,6.608,2.081,3.564338518,5.829256695,-2.264918178,-0.37,-1.25,-0.04,-0.15,0.0,-0.31,-0.59,-1.37,-2.625,4.857,2.015,1.069,0.42,0.764,3.133,0.632,-0.653,-3.454,-0.219,1.117,-0.555,2.944,6,1,0,0,1,1,0,0,1,0,0,1.6596226281145832,1.657531595506917,1.8253423857967916,2.2485127334803163,TP2,TP2,True,0.003308430824727159,0.9956506444468132,0.0004490849460730414,0.000591839782386708,5,46
A767,0,0,0,1.636,2,57,1,1,-1,-1,3,21,3,-4.639152,266,139,58,0,1,0.537662304,1,12,30,18,60,0.059,-0.198,0.26,-0.389,1.966,1.963,2.089,2.217,21104.636,21071.81,23793.893,1.046,2.281,6.199,3.266,3.735847915,3.321125508,0.414722407,-0.47,0.2,0.07,0.03,-0.06,0.56,-0.02,-0.97,-2.063,3.849,2.502,1.8,2.204,0.924,2.657,3.497,0.512,-7.213,-0.455,1.107,0.218,2.8,6,1,0,0,1,1,0,0,1,0,0,0.7585109880558495,0.4933795037987622,0.48126033886743835,0.8047890329189797,TP3,TP2,False,0.00020101246138862623,0.9831150902001313,0.011485428060828416,0.0051984692776516845,5,46
T185,1,1,0,0.0,0,35,1,1,1,-1,3,33,3,-3.312091596,162,71,34,0,1,0.310181997,0,13,13,8,34,-0.603,0.157,-0.529,-0.385,1.333,1.579,1.432,1.675,19047.742,22556.459,23927.819,0.721,0.755,11.27,2.058,3.415859864,4.831610042,-1.415750178,-0.65,0.24,0.03,0.01,0.0,-1.1,-0.81,-1.69,-0.767,3.891,1.502,0.752,-1.019,0.241,0.781,-1.523,-2.387,-6.996,-1.044,0.789,-0.203,0.276,7,1,0,0,1,1,1,1,0,0,0,1.368470575813571,1.397423823704521,0.7763723951667247,1.3732811772138285,TP3,TP1,False,0.963620874138704,0.015066373004352651,0.014147163372204894,0.007165589484738499,5,46
T186,1,1,0,0.0,0,59,1,-1,1,1,2,31,0,-3.316680922,122,63,4,1,1,0.224818283,0,10,15,5,30,0.387,-0.114,0.446,-0.438,1.604,1.57,1.709,1.688,22922.301,22428.001,24110.094,-1.038,-0.049,9.939,4.459,3.179686802,4.301734332,-1.12204753,0.17,-1.74,-0.12,-0.14,-0.01,-0.11,0.35,-0.37,2.725,5.989,3.112,2.979,1.591,2.047,2.406,-1.364,-0.954,-5.528,0.854,3.225,1.953,1.422,7,1,0,0,1,1,1,1,0,0,0,1.356714374068222,1.3364571428071819,1.0645926342424556,1.3870283336172051,TP3,TP1,False,0.9701348952005294,0.0005638920840106942,0.015218828047952028,0.014082384667507776,5,46
T187,0,1,0,1.271,1,59,1,-1,1,1,3,18,0,-3.717039868,159,69,29,0,0,0.399803081,0,11,30,12,53,0.429,-0.283,0.346,-0.471,1.584,1.539,1.682,1.664,22630.398,21980.86,23773.649,-2.962,1.482,11.512,4.771,3.107285154,4.113504298,-1.006219144,-0.11,-1.62,-0.06,-0.14,-0.04,0.17,0.26,-0.13,0.29,5.44,3.375,2.972,2.515,2.28,2.535,0.49,-2.092,-1.443,1.005,2.632,1.672,1.37,4,1,0,0,1,1,1,1,0,0,0,2.339177436851319,2.223280432086035,1.8312566071215217,2.4222163954523297,TP3,TP1,False,0.9884059869162997,0.0013712128061769597,0.0084965802707081,0.0017262200068152813,5,46
T188,1,1,0,0.0,0,76,1,1,1,-1,2,60,4,-3.804741411,272,127,47,1,0,0.456585263,0,11,32,17,60,-0.572,-0.121,-0.519,-0.497,1.358,1.589,1.454,1.674,19406.281,22698.272,23909.996,-2.165,0.184,8.893,2.431,3.627961172,4.008441251,-0.380480079,-0.61,-1.12,-0.03,-0.13,-0.01,-1.05,-0.52,-1.85,-2.754,4.046,1.256,0.981,0.37,0.592,0.934,0.664,-1.553,-6.049,-0.559,1.148,0.289,1.213,4,1,0,0,0,0,1,0,0,1,0,1.673381527860179,1.7052030720393323,1.7001444654583628,1.92921490037652,TP1,TP3,False,0.16365045581754759,0.018280254776420743,0.8139852632115226,0.0040840261945090505,5,46
T190,1,1,0,0.0,0,55,1,-1,1,-1,2,24,2,-3.103020701,553,226,160,0,1,0.254328117,0,8,15,7,30,0.425,-0.272,0.531,-0.517,1.638,1.558,1.757,1.674,23394.972,22256.71,23923.193,-0.209,1.305,10.191,5.215,3.1625986,4.797027108,-1.634428508,0.67,-2.76,-0.21,-0.17,-0.03,-0.14,0.25,1.04,2.264,6.559,4.619,3.332,3.256,3.061,3.556,1.365,-0.469,-2.0,1.645,4.115,2.795,1.226,4,1,0,0,0,0,1,0,0,1,0,0.6651986907418463,0.6666886120853776,0.40731980710583443,0.7543189839671528,TP3,TP3,True,0.13802796323525493,0.001599215155553856,0.8525485756301832,0.007824245979008113,5,46
T193,0,0,0,2.062,2,48,1,1,1,-1,3,60,8,-3.696416533,118,41,20,0,1,0.210341122,0,12,22,18,52,-0.728,-0.472,-0.846,-0.472,1.154,1.471,1.114,1.668,16489.989,21012.215,23836.549,4.719,5.379,6.725,1.255,2.787236521,5.657549582,-2.870313061,-1.19,-0.14,0.03,-0.11,0.06,-3.18,-1.24,-2.18,-4.102,3.234,0.79,-0.584,0.0,-0.099,0.085,-1.063,-2.503,-7.403,-1.806,-0.296,-2.623,-1.681,7,0,1,1,0,1,1,1,0,0,0,2.027860981151992,2.1331889446096532,2.1153786692144947,2.254976379345151,TP1,TP1,True,0.9459897879556577,0.036845384382969006,0.015171976285903966,0.001992851375469327,5,46
T196,1,1,0,0.0,0,58,1,1,1,1,3,43,8,-4.059252546,181,76,60,0,0,0.216415773,0,3,23,11,37,-0.788,0.302,-0.879,-0.302,1.046,1.64,1.048,1.708,14944.395,23435.887,24397.029,-1.659,7.454,9.53,-0.68,3.587597391,5.028907608,-1.441310217,-0.88,0.34,0.03,-0.03,0.07,-3.82,-2.31,-3.19,-3.942,1.989,-1.483,-2.627,-0.56,-1.133,0.858,0.656,-4.172,-7.366,-3.775,-2.282,-2.846,-0.746,7,0,1,1,0,1,1,1,0,0,0,1.8263062862454058,1.5949248603342263,1.3274993712160355,1.9157314773921374,TP3,TP1,False,0.9227393518094242,0.06976703644876146,0.006882447969461121,0.0006111637723531327,5,46
T197,0,0,0,1.543,2,62,1,1,1,-1,3,21,8,-4.506213774,103,36,17,1,0,0.168124561,0,2,4,0,6,-0.618,-0.592,-0.693,-0.672,1.227,1.445,1.193,1.612,17528.606,20637.722,23023.688,2.255,5.755,10.175,0.122,2.010624551,3.720853853,-1.710229302,0.01,-0.91,-0.06,-0.1,0.03,-3.08,-1.45,-3.33,-3.407,2.745,-2.761,-2.068,-2.075,-1.291,0.601,-2.698,-2.79,-5.148,-3.365,-1.98,-2.299,-1.321,7,1,0,0,1,1,1,1,0,0,0,1.175624254320445,1.135893077537616,1.2459534520339686,1.6980527728693875,TP2,TP1,False,0.9784077732348263,0.01709375113469085,0.0026312908028342952,0.0018671848276486263,5,46
T204,1,1,0,0.0,0,55,1,-1,1,-1,2,20,0,-3.924618631,559,228,130,0,0,0.511475517,0,5,17,2,24,-0.575,-0.025,-0.647,-0.282,1.293,1.568,1.387,1.682,18472.227,22401.564,24024.598,-2.2,4.629,10.484,1.847,2.963166789,4.910284202,-1.947117413,-0.84,-1.02,-0.04,-0.16,0.04,-2.27,-1.47,-2.24,-2.283,3.807,0.673,0.338,0.03,0.259,1.506,1.012,-3.613,-7.414,-1.234,0.951,-0.729,-0.038,7,1,0,0,1,1,1,1,0,0,0,0.5330745687446894,0.7374689934265527,0.25137423570535555,0.4520979040294185,TP3,TP1,False,0.8819176411359556,0.016203063015760234,0.07444589653411766,0.027433399314166527,5,46
T205,0,0,0,2.303,2,53,1,1,1,-1,3,15,3,-3.628473125,58,26,19,0,1,0.403673599,0,13,21,17,51,-0.662,-0.614,-0.813,-0.553,1.277,1.418,1.27,1.652,18247.675,20264.924,23596.227,4.332,4.792,9.439,2.474,2.608048068,4.396220439,-1.788172371,-1.05,-0.32,-0.02,-0.09,0.06,-2.62,-1.31,-1.71,0.202,4.587,1.449,1.1,-0.56,0.703,0.284,-0.015,-2.465,-4.813,-1.328,1.983,-0.163,-0.323,7,0,1,1,0,1,1,1,0,0,0,0.21811819697038665,0.7035755359896333,0.10804164178408854,0.2723639263071517,TP3,TP1,False,0.960318857519834,0.0030421800588988903,0.018319424873739835,0.018319537547527274,5,46
T206,0,1,0,1.331,1,55,1,1,1,-1,3,36,8,-4.640040532,125,50,9,0,1,0.276452734,0,4,23,15,42,-0.556,-0.388,-0.594,-0.566,1.332,1.501,1.34,1.63,19027.834,21447.797,23283.873,4.136,5.235,9.221,2.154,4.174804083,5.018694901,-0.843890818,-0.54,0.06,-0.06,0.09,0.0,-1.74,-0.37,-1.91,-2.553,5.178,1.168,0.69,1.001,1.017,3.066,4.663,-1.07,-5.223,-2.724,1.193,-0.807,2.359,4,1,0,0,0,0,1,0,0,1,0,2.2092059085667124,2.442044051831622,2.310741292561984,2.5129445062194766,TP1,TP3,False,0.17626967165465499,0.03924841702243992,0.7839311883309236,0.0005507229919815923,5,46
T207,1,1,0,0.0,0,61,1,-1,1,1,3,97,0,-3.82360593,204,92,15,0,0,0.432253389,1,16,26,14,56,-0.251,0.457,-0.287,0.219,1.336,1.544,1.374,1.636,19081.872,22054.448,23379.901,-1.269,1.25,10.747,2.077,3.712787663,4.179430223,-0.466642561,-0.69,0.32,0.0,0.05,0.0,-1.72,-0.72,-1.81,-1.365,6.021,1.122,0.141,-2.686,-0.095,0.174,2.772,-2.379,-6.96,-1.658,1.897,0.228,3.049,7,1,0,0,1,1,1,1,0,0,0,1.7039844548259715,1.950135622481591,1.3768281349629925,1.7944044295930857,TP3,TP1,False,0.9389004557030818,0.043456367186989794,0.016827832086525288,0.0008153450234032287,5,46
T209,1,1,0,0.0,0,55,1,1,1,-1,3,60,5,-5.043132153,130,45,19,0,0,0.273259908,0,5,15,15,35,-0.76,-0.6,-0.887,-0.693,1.099,1.406,1.073,1.592,15705.013,20084.148,22747.69,1.89,1.915,10.439,1.061,2.575944427,4.372911687,-1.79696726,-0.41,-0.56,-0.02,-0.1,0.05,-3.54,-1.78,-2.2,-1.317,3.08,0.744,-0.269,-0.606,-0.115,0.699,-0.378,-3.93,-7.468,-1.616,-0.069,-2.423,0.282,7,1,0,0,1,1,1,1,0,0,0,0.4069926571706752,0.6331123632616631,0.5894469997664724,0.8710928347750753,TP1,TP1,True,0.9367716661010607,0.033007344976889896,0.027000996316985753,0.003219992605063775,5,46
T210,1,1,0,0.0,0,48,1,1,1,-1,2,23,3,-4.298068302,83,39,32,1,0,0.065527027,0,1,5,0,6,-0.807,-0.458,-0.872,-0.517,0.954,1.449,0.912,1.621,13624.828,20705.247,23153.23,1.484,2.966,11.224,-0.648,3.411614752,4.3587682,-0.947153448,-1.32,0.85,0.03,0.06,0.05,-3.65,-2.04,-3.19,-3.982,2.626,-1.455,-1.739,-1.935,-0.597,0.752,0.954,-3.924,-6.889,-5.785,-2.009,-2.326,0.379,7,1,0,0,1,1,1,1,0,0,0,0.9635266904241264,0.8945023510455647,0.7799404463767436,1.2058224935627715,TP3,TP1,False,0.9450775527692238,0.030725986437575643,0.01693939879963946,0.007257061993561145,5,46
T213,1,1,0,0.0,0,50,1,-1,1,1,3,18,0,-2.79471863,87,47,7,1,1,0.296527441,1,6,20,13,39,-0.503,-0.396,-0.644,-0.501,1.384,1.541,1.394,1.672,19773.538,22018.09,23886.701,-1.261,0.264,9.827,1.591,3.246470374,3.103918841,0.142551533,0.04,-1.01,-0.01,-0.14,0.0,-2.15,-0.55,-2.17,-0.059,3.478,0.779,0.091,-1.009,0.235,0.888,0.037,-1.245,-4.459,-1.575,1.141,-0.151,1.723,7,1,0,0,1,1,1,1,0,0,0,1.4133166708231126,1.4885863946401516,1.011018383975045,1.5892406222108972,TP3,TP1,False,0.9181550188166345,0.0012360205325732583,0.007259406096414255,0.07334955455437803,5,46
T215,1,1,0,0.0,0,33,1,-1,1,-1,3,29,0,-3.501901475,196,86,87,0,0,0.581378073,0,22,37,23,82,0.009,0.161,-0.11,-0.462,1.517,1.641,1.577,1.691,21675.333,23451.147,24159.382,0.424,1.154,8.789,3.132,4.180658851,3.634218203,0.546440648,-0.62,-0.9,0.0,-0.08,-0.04,-0.16,0.55,-0.93,0.068,4.619,2.441,2.071,0.271,1.45,1.748,-1.402,-1.679,-2.223,0.424,2.102,1.492,1.648,7,1,0,0,1,1,1,1,0,0,0,1.359955697641353,1.7404098556708634,0.9377625611747713,1.5178732902003447,TP3,TP1,False,0.9718339137567756,0.015335682689260655,0.011775762833728722,0.0010546407202349888,5,46
T217,0,1,0,1.004,1,61,1,1,1,-1,2,25,7,-3.651364875,177,74,67,1,0,0.292553961,0,9,17,6,32,0.277,-0.249,-0.098,-0.576,1.558,1.545,1.568,1.643,22261.026,22077.442,23472.801,3.884,6.85,9.492,3.377,3.483856926,4.852187651,-1.368330725,0.09,-1.97,-0.14,-0.12,-0.03,-0.91,-0.17,-1.29,1.893,5.626,2.007,1.88,1.232,1.417,3.399,1.643,-1.941,-3.86,0.218,2.812,1.383,2.589,7,1,0,0,1,1,1,1,0,0,0,0.7997745846582516,1.3958744497142326,1.2217023319577012,1.3959629544855647,TP1,TP1,True,0.9065936348614103,0.028739200852163218,0.06458337692948257,8.378735694402957e-05,5,46
T218,0,0,0,3.072,2,40,1,1,1,1,3,34,8,-3.607653008,67,33,11,1,1,0.252727084,0,9,13,6,28,-0.613,-0.409,-0.698,-0.492,1.312,1.51,1.328,1.665,18738.522,21566.504,23793.166,3.272,6.405,5.784,1.321,3.205838073,4.825693524,-1.619855451,-0.89,-0.25,-0.02,-0.03,0.01,-1.44,-1.06,-2.18,-2.634,4.083,0.702,0.332,-0.919,0.15,1.591,1.377,-2.838,-5.677,-0.463,0.54,-0.604,0.146,7,1,0,0,1,1,1,1,0,0,0,2.6235101940462866,3.2023851633003955,3.0279189884663693,3.1335644336509665,TP1,TP1,True,0.959642442257325,0.030756596601999187,0.003648361379957896,0.005952599760717935,5,46
